timestamp,solar_gen,wind_gen,demand,temp,humidity,wind_speed,hour,dayofweek,is_weekend
2024-01-01 00:00:00,0.0,402.84,9674.05,22.23,72.5,4.16,0,0,0
2024-01-01 01:00:00,0.0,535.44,9807.37,20.74,79.2,3.77,1,0,0
2024-01-01 02:00:00,0.0,1068.08,10010.68,20.91,81.6,6.47,2,0,0
2024-01-01 03:00:00,0.0,392.57,9745.17,21.18,78.4,4.14,3,0,0
2024-01-01 04:00:00,0.0,375.33,9914.2,18.35,82.5,4.15,4,0,0
2024-01-01 05:00:00,0.0,459.13,9769.06,17.73,76.8,3.17,5,0,0
2024-01-01 06:00:00,0.0,711.25,10001.95,19.43,70.6,4.61,6,0,0
2024-01-01 07:00:00,0.0,389.5,9903.54,18.16,76.6,3.07,7,0,0
2024-01-01 08:00:00,0.0,356.55,10108.79,16.57,77.5,3.2,8,0,0
2024-01-01 09:00:00,0.0,395.21,9923.54,17.89,75.0,3.8,9,0,0
2024-01-01 10:00:00,1632.52,338.78,9701.89,16.98,70.1,2.74,10,0,0
2024-01-01 11:00:00,3601.9,451.65,9701.18,17.45,66.2,3.55,11,0,0
2024-01-01 12:00:00,4057.78,795.03,9753.97,18.92,70.2,4.98,12,0,0
2024-01-01 13:00:00,2893.23,533.98,9643.41,17.06,74.8,4.4,13,0,0
2024-01-01 14:00:00,1988.98,748.38,9777.39,18.06,75.5,4.41,14,0,0
2024-01-01 15:00:00,0.0,482.75,9841.26,20.23,74.7,4.73,15,0,0
2024-01-01 16:00:00,0.0,453.15,9602.17,20.42,66.5,4.51,16,0,0
2024-01-01 17:00:00,0.0,1354.66,9709.81,22.63,65.3,6.66,17,0,0
2024-01-01 18:00:00,0.0,678.91,10594.92,21.64,72.4,4.62,18,0,0
2024-01-01 19:00:00,0.0,755.81,10329.51,21.34,73.8,5.6,19,0,0
2024-01-01 20:00:00,0.0,976.87,10071.87,24.89,73.9,5.62,20,0,0
2024-01-01 21:00:00,0.0,992.87,10121.94,22.76,65.4,6.37,21,0,0
2024-01-01 22:00:00,0.0,740.22,10317.11,22.81,71.3,6.41,22,0,0
2024-01-01 23:00:00,0.0,866.53,9798.08,20.54,76.0,5.4,23,0,0
2024-01-02 00:00:00,0.0,689.16,9715.51,21.0,79.2,5.47,0,1,0
2024-01-02 01:00:00,0.0,596.36,10049.2,21.06,81.3,5.29,1,1,0
2024-01-02 02:00:00,0.0,282.52,10100.25,18.77,79.6,2.97,2,1,0
2024-01-02 03:00:00,0.0,373.59,9754.27,19.83,80.9,3.26,3,1,0
2024-01-02 04:00:00,0.0,340.78,9890.75,17.93,80.1,3.78,4,1,0
2024-01-02 05:00:00,0.0,526.35,9896.78,17.68,82.3,3.58,5,1,0
2024-01-02 06:00:00,0.0,333.4,9912.7,16.84,80.3,2.86,6,1,0
2024-01-02 07:00:00,0.0,484.89,10024.19,19.48,78.5,4.26,7,1,0
2024-01-02 08:00:00,0.0,473.13,10333.73,17.14,76.2,3.56,8,1,0
2024-01-02 09:00:00,0.0,464.78,10092.77,15.99,76.4,3.36,9,1,0
2024-01-02 10:00:00,1477.58,303.03,9836.64,18.54,76.7,2.56,10,1,0
2024-01-02 11:00:00,3468.05,361.24,9786.25,16.57,74.5,3.63,11,1,0
2024-01-02 12:00:00,3399.22,151.73,9769.24,18.91,73.8,1.72,12,1,0
2024-01-02 13:00:00,2892.08,587.38,9819.41,17.03,76.6,3.9,13,1,0
2024-01-02 14:00:00,1680.74,475.87,9643.69,18.56,71.5,4.32,14,1,0
2024-01-02 15:00:00,0.0,463.35,9549.46,21.17,67.3,4.72,15,1,0
2024-01-02 16:00:00,0.0,456.74,9760.39,22.54,73.3,3.53,16,1,0
2024-01-02 17:00:00,0.0,599.01,9680.35,22.48,64.4,5.21,17,1,0
2024-01-02 18:00:00,0.0,747.18,10355.7,22.61,66.1,4.4,18,1,0
2024-01-02 19:00:00,0.0,791.18,10342.05,22.69,72.5,4.74,19,1,0
2024-01-02 20:00:00,0.0,1012.05,10291.62,21.38,74.3,6.07,20,1,0
2024-01-02 21:00:00,0.0,1429.07,10467.79,22.19,68.5,7.14,21,1,0
2024-01-02 22:00:00,0.0,811.33,10289.25,22.2,73.2,5.53,22,1,0
2024-01-02 23:00:00,0.0,760.12,9611.02,23.55,73.6,4.74,23,1,0
2024-01-03 00:00:00,0.0,852.0,9759.16,22.09,75.3,5.35,0,2,0
2024-01-03 01:00:00,0.0,633.57,9926.52,18.84,82.0,5.75,1,2,0
2024-01-03 02:00:00,0.0,962.79,9559.89,20.57,81.9,5.25,2,2,0
2024-01-03 03:00:00,0.0,1327.12,9774.72,18.94,79.5,6.69,3,2,0
2024-01-03 04:00:00,0.0,561.05,9855.06,17.87,77.5,3.66,4,2,0
2024-01-03 05:00:00,0.0,614.09,10104.27,18.79,74.1,4.2,5,2,0
2024-01-03 06:00:00,0.0,675.74,9930.99,18.82,84.7,5.03,6,2,0
2024-01-03 07:00:00,0.0,551.96,10116.91,18.4,80.6,4.82,7,2,0
2024-01-03 08:00:00,0.0,178.57,10163.49,16.17,74.4,1.97,8,2,0
2024-01-03 09:00:00,0.0,328.19,9873.28,16.91,78.9,3.49,9,2,0
2024-01-03 10:00:00,2038.66,539.51,9660.03,17.98,74.4,4.72,10,2,0
2024-01-03 11:00:00,3094.52,948.41,9864.11,19.23,72.3,5.94,11,2,0
2024-01-03 12:00:00,3257.69,631.38,9805.34,18.1,73.9,4.35,12,2,0
2024-01-03 13:00:00,3533.53,400.53,9820.65,19.18,68.2,3.7,13,2,0
2024-01-03 14:00:00,1846.8,416.85,9790.09,18.85,69.0,3.43,14,2,0
2024-01-03 15:00:00,0.0,904.82,9785.39,19.52,70.4,6.27,15,2,0
2024-01-03 16:00:00,0.0,872.52,9798.35,22.65,67.7,5.34,16,2,0
2024-01-03 17:00:00,0.0,725.9,9659.28,23.93,72.5,4.32,17,2,0
2024-01-03 18:00:00,0.0,794.29,10262.53,22.69,77.8,5.04,18,2,0
2024-01-03 19:00:00,0.0,625.16,10140.71,24.28,68.1,5.61,19,2,0
2024-01-03 20:00:00,0.0,899.42,10215.65,23.61,65.5,5.9,20,2,0
2024-01-03 21:00:00,0.0,760.59,10433.51,22.3,65.4,4.77,21,2,0
2024-01-03 22:00:00,0.0,716.8,10268.31,23.21,74.1,4.97,22,2,0
2024-01-03 23:00:00,0.0,645.71,9857.5,24.15,73.3,4.04,23,2,0
2024-01-04 00:00:00,0.0,690.12,9799.84,21.66,78.0,6.0,0,3,0
2024-01-04 01:00:00,0.0,560.75,9739.81,22.86,78.7,4.69,1,3,0
2024-01-04 02:00:00,0.0,606.63,9664.97,17.06,72.6,5.09,2,3,0
2024-01-04 03:00:00,0.0,974.33,9737.99,20.42,72.2,5.6,3,3,0
2024-01-04 04:00:00,0.0,583.81,9807.98,18.81,80.8,4.38,4,3,0
2024-01-04 05:00:00,0.0,377.4,9855.62,17.73,80.0,3.87,5,3,0
2024-01-04 06:00:00,0.0,425.18,9800.68,17.72,77.3,3.91,6,3,0
2024-01-04 07:00:00,0.0,447.11,10178.94,14.92,71.6,3.65,7,3,0
2024-01-04 08:00:00,0.0,772.39,9918.58,16.94,79.0,4.49,8,3,0
2024-01-04 09:00:00,0.0,415.39,10205.0,17.74,81.0,3.71,9,3,0
2024-01-04 10:00:00,1545.9,279.01,9650.61,19.38,75.8,3.06,10,3,0
2024-01-04 11:00:00,3090.21,584.75,9904.02,17.46,70.0,4.43,11,3,0
2024-01-04 12:00:00,3851.9,577.29,9846.29,17.74,72.3,4.74,12,3,0
2024-01-04 13:00:00,3574.39,338.72,9561.58,18.83,65.7,2.89,13,3,0
2024-01-04 14:00:00,1999.12,786.94,9874.44,21.3,74.6,5.43,14,3,0
2024-01-04 15:00:00,0.0,724.64,9905.41,21.38,70.2,4.75,15,3,0
2024-01-04 16:00:00,0.0,864.43,9936.95,21.07,62.6,4.95,16,3,0
2024-01-04 17:00:00,0.0,726.04,9693.77,22.94,68.6,5.77,17,3,0
2024-01-04 18:00:00,0.0,765.08,10311.53,22.92,72.2,4.71,18,3,0
2024-01-04 19:00:00,0.0,1208.69,10373.33,24.27,69.8,6.09,19,3,0
2024-01-04 20:00:00,0.0,680.16,10378.36,22.36,71.1,5.13,20,3,0
2024-01-04 21:00:00,0.0,429.66,10339.14,22.71,68.5,4.28,21,3,0
2024-01-04 22:00:00,0.0,745.4,10238.8,22.33,76.9,4.63,22,3,0
2024-01-04 23:00:00,0.0,988.15,9904.55,20.57,73.4,5.78,23,3,0
2024-01-05 00:00:00,0.0,478.46,9905.26,22.09,68.5,4.38,0,4,0
2024-01-05 01:00:00,0.0,954.59,9767.49,21.32,76.7,6.22,1,4,0
2024-01-05 02:00:00,0.0,890.12,9691.97,20.24,82.9,5.64,2,4,0
2024-01-05 03:00:00,0.0,657.88,9698.65,19.18,77.9,5.49,3,4,0
2024-01-05 04:00:00,0.0,624.12,9949.78,17.03,86.6,4.27,4,4,0
2024-01-05 05:00:00,0.0,586.06,9900.08,17.61,81.2,4.13,5,4,0
2024-01-05 06:00:00,0.0,379.28,9783.6,17.22,80.3,2.76,6,4,0
2024-01-05 07:00:00,0.0,594.4,10077.1,16.37,77.6,4.36,7,4,0
2024-01-05 08:00:00,0.0,480.15,9888.82,17.04,76.8,3.76,8,4,0
2024-01-05 09:00:00,0.0,514.96,10090.87,17.82,74.9,3.88,9,4,0
2024-01-05 10:00:00,1618.53,576.3,9643.07,19.9,73.4,4.81,10,4,0
2024-01-05 11:00:00,3405.3,406.05,9805.08,18.32,75.4,3.08,11,4,0
2024-01-05 12:00:00,4099.37,477.89,9928.23,19.04,68.4,3.62,12,4,0
2024-01-05 13:00:00,2627.87,646.06,9668.35,19.37,66.8,4.19,13,4,0
2024-01-05 14:00:00,1453.94,467.42,9814.63,17.93,65.8,3.42,14,4,0
2024-01-05 15:00:00,0.0,601.35,9905.73,20.98,78.0,4.28,15,4,0
2024-01-05 16:00:00,0.0,579.31,9812.44,21.81,71.7,5.08,16,4,0
2024-01-05 17:00:00,0.0,791.67,9723.12,25.31,71.0,4.67,17,4,0
2024-01-05 18:00:00,0.0,900.73,10291.25,22.6,66.1,6.18,18,4,0
2024-01-05 19:00:00,0.0,659.17,10404.87,23.49,73.6,4.08,19,4,0
2024-01-05 20:00:00,0.0,944.79,10321.51,23.19,71.6,6.29,20,4,0
2024-01-05 21:00:00,0.0,732.86,10289.6,21.73,74.2,5.96,21,4,0
2024-01-05 22:00:00,0.0,849.72,10428.74,24.2,70.7,4.94,22,4,0
2024-01-05 23:00:00,0.0,716.07,9847.79,23.26,76.5,4.55,23,4,0
2024-01-06 00:00:00,0.0,475.33,8709.65,22.71,75.4,3.44,0,5,1
2024-01-06 01:00:00,0.0,418.77,8929.77,19.95,75.0,4.26,1,5,1
2024-01-06 02:00:00,0.0,998.58,8967.95,21.95,81.8,5.49,2,5,1
2024-01-06 03:00:00,0.0,602.11,8705.52,17.8,73.2,4.35,3,5,1
2024-01-06 04:00:00,0.0,706.69,8581.75,19.47,81.8,5.06,4,5,1
2024-01-06 05:00:00,0.0,497.82,8728.97,20.77,82.1,3.4,5,5,1
2024-01-06 06:00:00,0.0,603.92,8841.7,16.48,75.4,4.25,6,5,1
2024-01-06 07:00:00,0.0,262.07,9260.17,16.69,74.8,2.95,7,5,1
2024-01-06 08:00:00,0.0,298.4,9032.09,17.38,76.2,2.65,8,5,1
2024-01-06 09:00:00,0.0,417.57,9205.61,16.76,77.0,3.31,9,5,1
2024-01-06 10:00:00,1515.72,404.17,8506.91,15.8,74.0,2.9,10,5,1
2024-01-06 11:00:00,3010.4,220.23,8875.64,18.22,75.0,2.29,11,5,1
2024-01-06 12:00:00,4019.74,496.16,8805.19,17.49,79.1,3.54,12,5,1
2024-01-06 13:00:00,2594.81,587.3,9105.83,20.05,69.0,3.98,13,5,1
2024-01-06 14:00:00,1707.5,577.51,8626.95,19.16,63.4,5.15,14,5,1
2024-01-06 15:00:00,0.0,527.72,8852.26,22.9,73.0,5.14,15,5,1
2024-01-06 16:00:00,0.0,889.4,8626.21,20.82,76.3,5.63,16,5,1
2024-01-06 17:00:00,0.0,950.07,8788.04,22.0,71.3,5.47,17,5,1
2024-01-06 18:00:00,0.0,814.2,9105.86,23.84,65.9,5.37,18,5,1
2024-01-06 19:00:00,0.0,658.51,9586.09,21.68,70.5,4.28,19,5,1
2024-01-06 20:00:00,0.0,872.7,9267.33,23.54,67.6,5.48,20,5,1
2024-01-06 21:00:00,0.0,986.19,9284.68,24.73,75.8,5.87,21,5,1
2024-01-06 22:00:00,0.0,764.47,9304.87,20.93,69.2,6.53,22,5,1
2024-01-06 23:00:00,0.0,675.09,8718.13,22.61,74.7,5.81,23,5,1
2024-01-07 00:00:00,0.0,1074.65,8980.63,22.11,73.0,6.06,0,6,1
2024-01-07 01:00:00,0.0,587.07,8930.82,22.01,78.6,4.03,1,6,1
2024-01-07 02:00:00,0.0,585.96,8964.15,18.81,77.4,4.36,2,6,1
2024-01-07 03:00:00,0.0,675.41,8707.84,17.93,80.0,4.7,3,6,1
2024-01-07 04:00:00,0.0,760.54,8990.24,19.42,79.6,5.03,4,6,1
2024-01-07 05:00:00,0.0,350.49,8976.38,18.53,75.4,3.74,5,6,1
2024-01-07 06:00:00,0.0,473.79,8826.11,18.0,81.3,3.59,6,6,1
2024-01-07 07:00:00,0.0,503.84,9246.4,17.81,77.9,4.04,7,6,1
2024-01-07 08:00:00,0.0,292.3,9171.72,16.48,73.1,2.49,8,6,1
2024-01-07 09:00:00,0.0,654.33,8947.72,17.67,84.8,4.65,9,6,1
2024-01-07 10:00:00,1565.37,346.43,8832.06,18.05,76.4,2.69,10,6,1
2024-01-07 11:00:00,3423.23,195.64,8796.22,17.32,72.6,1.96,11,6,1
2024-01-07 12:00:00,3706.47,409.97,8864.25,21.03,77.7,3.66,12,6,1
2024-01-07 13:00:00,2587.55,706.81,8976.54,20.09,78.3,5.22,13,6,1
2024-01-07 14:00:00,1679.36,709.12,8657.04,18.86,69.6,4.57,14,6,1
2024-01-07 15:00:00,0.0,668.98,8800.77,21.86,71.1,4.96,15,6,1
2024-01-07 16:00:00,0.0,511.05,8755.38,20.62,65.6,4.65,16,6,1
2024-01-07 17:00:00,0.0,834.49,8760.53,23.36,69.1,4.74,17,6,1
2024-01-07 18:00:00,0.0,470.45,9211.23,24.28,69.4,3.83,18,6,1
2024-01-07 19:00:00,0.0,310.87,9318.18,22.21,71.7,3.42,19,6,1
2024-01-07 20:00:00,0.0,895.67,9372.78,24.45,73.3,5.48,20,6,1
2024-01-07 21:00:00,0.0,1175.48,9351.8,23.69,75.5,6.41,21,6,1
2024-01-07 22:00:00,0.0,841.92,9332.28,23.88,75.5,5.6,22,6,1
2024-01-07 23:00:00,0.0,944.58,8928.61,24.69,71.0,5.72,23,6,1
2024-01-08 00:00:00,0.0,811.49,10071.64,21.53,73.2,6.3,0,0,0
2024-01-08 01:00:00,0.0,669.49,9802.31,20.2,75.8,5.09,1,0,0
2024-01-08 02:00:00,0.0,478.96,9908.54,19.26,77.7,4.49,2,0,0
2024-01-08 03:00:00,0.0,415.12,9901.7,18.57,83.5,3.67,3,0,0
2024-01-08 04:00:00,0.0,892.14,9999.34,18.73,74.8,5.68,4,0,0
2024-01-08 05:00:00,0.0,531.59,9853.26,18.61,77.9,4.25,5,0,0
2024-01-08 06:00:00,0.0,339.7,9684.68,18.06,82.6,2.86,6,0,0
2024-01-08 07:00:00,0.0,279.5,10137.59,18.42,76.8,2.52,7,0,0
2024-01-08 08:00:00,0.0,510.5,10131.14,17.34,78.8,4.36,8,0,0
2024-01-08 09:00:00,0.0,218.78,10198.82,19.17,75.2,2.5,9,0,0
2024-01-08 10:00:00,1465.59,573.55,9681.19,17.41,75.5,4.84,10,0,0
2024-01-08 11:00:00,2854.0,131.12,9937.96,21.47,72.2,1.25,11,0,0
2024-01-08 12:00:00,3484.54,733.9,9786.63,19.58,74.6,4.76,12,0,0
2024-01-08 13:00:00,3057.46,646.84,9886.73,18.52,64.7,4.22,13,0,0
2024-01-08 14:00:00,1789.3,601.95,9823.16,19.04,68.7,4.16,14,0,0
2024-01-08 15:00:00,0.0,584.14,9800.71,21.68,70.8,4.19,15,0,0
2024-01-08 16:00:00,0.0,850.05,9814.06,21.56,71.6,6.1,16,0,0
2024-01-08 17:00:00,0.0,891.99,9866.64,23.3,75.6,5.39,17,0,0
2024-01-08 18:00:00,0.0,596.64,10525.04,23.49,68.6,4.31,18,0,0
2024-01-08 19:00:00,0.0,345.12,10047.91,23.14,76.8,3.82,19,0,0
2024-01-08 20:00:00,0.0,995.11,10354.8,22.31,69.3,5.43,20,0,0
2024-01-08 21:00:00,0.0,585.44,10295.28,21.41,78.5,5.32,21,0,0
2024-01-08 22:00:00,0.0,518.59,10268.75,22.39,77.7,4.08,22,0,0
2024-01-08 23:00:00,0.0,744.93,9502.41,23.48,72.1,5.15,23,0,0
2024-01-09 00:00:00,0.0,728.67,9855.62,22.12,78.1,4.54,0,1,0
2024-01-09 01:00:00,0.0,823.63,9771.0,19.64,77.7,4.8,1,1,0
2024-01-09 02:00:00,0.0,924.82,9685.87,20.57,81.2,5.13,2,1,0
2024-01-09 03:00:00,0.0,849.89,9791.1,20.05,78.3,5.49,3,1,0
2024-01-09 04:00:00,0.0,722.98,9750.87,17.8,78.2,4.76,4,1,0
2024-01-09 05:00:00,0.0,281.51,9576.91,18.42,84.7,3.21,5,1,0
2024-01-09 06:00:00,0.0,477.75,9796.58,17.83,78.3,3.88,6,1,0
2024-01-09 07:00:00,0.0,509.93,10170.61,16.09,81.2,3.48,7,1,0
2024-01-09 08:00:00,0.0,243.22,10035.09,17.79,76.0,2.26,8,1,0
2024-01-09 09:00:00,0.0,324.51,10132.41,18.14,82.4,3.61,9,1,0
2024-01-09 10:00:00,1905.82,547.7,9798.97,19.06,71.7,4.81,10,1,0
2024-01-09 11:00:00,2505.24,391.48,9911.46,19.5,70.6,3.45,11,1,0
2024-01-09 12:00:00,3905.76,215.78,9773.56,17.21,78.0,2.31,12,1,0
2024-01-09 13:00:00,3068.42,440.71,9882.13,18.46,69.1,3.82,13,1,0
2024-01-09 14:00:00,1930.88,315.23,9748.4,20.98,76.5,3.06,14,1,0
2024-01-09 15:00:00,0.0,626.88,10022.08,21.75,73.1,4.98,15,1,0
2024-01-09 16:00:00,0.0,531.22,9733.58,22.48,68.8,4.97,16,1,0
2024-01-09 17:00:00,0.0,772.93,9703.8,27.11,62.3,4.65,17,1,0
2024-01-09 18:00:00,0.0,721.15,10277.94,23.64,70.0,4.73,18,1,0
2024-01-09 19:00:00,0.0,754.89,10202.64,24.62,71.3,4.99,19,1,0
2024-01-09 20:00:00,0.0,811.82,10140.16,24.51,76.6,5.26,20,1,0
2024-01-09 21:00:00,0.0,596.42,10377.31,24.04,79.5,4.67,21,1,0
2024-01-09 22:00:00,0.0,631.95,9922.48,22.58,71.7,4.15,22,1,0
2024-01-09 23:00:00,0.0,1192.02,9699.9,23.39,78.9,6.07,23,1,0
2024-01-10 00:00:00,0.0,448.91,9624.99,20.97,79.9,4.66,0,2,0
2024-01-10 01:00:00,0.0,513.18,9803.06,20.89,82.2,4.89,1,2,0
2024-01-10 02:00:00,0.0,716.73,9523.31,19.81,80.7,4.74,2,2,0
2024-01-10 03:00:00,0.0,510.24,9851.74,19.72,71.4,4.52,3,2,0
2024-01-10 04:00:00,0.0,434.24,9864.73,21.67,78.7,3.06,4,2,0
2024-01-10 05:00:00,0.0,293.89,9590.09,16.03,74.5,2.42,5,2,0
2024-01-10 06:00:00,0.0,325.13,9808.87,18.62,77.9,3.08,6,2,0
2024-01-10 07:00:00,0.0,428.93,10162.93,15.56,81.8,3.71,7,2,0
2024-01-10 08:00:00,0.0,336.51,10213.84,16.83,78.1,2.71,8,2,0
2024-01-10 09:00:00,0.0,265.8,9924.73,18.81,80.2,2.97,9,2,0
2024-01-10 10:00:00,1474.12,862.54,9592.85,17.88,75.7,4.99,10,2,0
2024-01-10 11:00:00,3007.05,152.49,9966.32,16.98,67.9,1.92,11,2,0
2024-01-10 12:00:00,3271.25,428.38,9687.37,18.04,61.8,2.95,12,2,0
2024-01-10 13:00:00,2641.9,616.43,9722.71,20.44,71.4,5.27,13,2,0
2024-01-10 14:00:00,1427.57,566.18,9861.97,19.52,69.2,3.96,14,2,0
2024-01-10 15:00:00,0.0,326.76,9645.7,21.43,65.6,3.69,15,2,0
2024-01-10 16:00:00,0.0,774.68,9754.1,21.95,62.5,5.45,16,2,0
2024-01-10 17:00:00,0.0,713.42,9893.01,21.74,66.6,4.8,17,2,0
2024-01-10 18:00:00,0.0,477.67,10119.47,25.57,69.2,4.69,18,2,0
2024-01-10 19:00:00,0.0,742.86,10230.0,24.06,73.5,5.28,19,2,0
2024-01-10 20:00:00,0.0,567.12,10154.79,20.97,72.6,4.7,20,2,0
2024-01-10 21:00:00,0.0,587.17,10197.13,23.52,79.5,4.44,21,2,0
2024-01-10 22:00:00,0.0,736.76,10432.28,22.2,70.2,5.13,22,2,0
2024-01-10 23:00:00,0.0,656.18,9954.61,23.54,79.2,4.31,23,2,0
2024-01-11 00:00:00,0.0,539.42,9816.94,20.98,77.0,4.94,0,3,0
2024-01-11 01:00:00,0.0,534.37,9849.87,21.07,80.6,5.01,1,3,0
2024-01-11 02:00:00,0.0,698.69,9846.58,21.04,76.9,5.16,2,3,0
2024-01-11 03:00:00,0.0,902.28,9705.32,20.7,83.4,5.13,3,3,0
2024-01-11 04:00:00,0.0,531.41,9814.58,17.49,80.5,3.64,4,3,0
2024-01-11 05:00:00,0.0,543.82,9630.56,17.91,76.4,4.12,5,3,0
2024-01-11 06:00:00,0.0,597.82,9670.97,17.27,78.6,3.91,6,3,0
2024-01-11 07:00:00,0.0,514.54,10090.58,16.75,76.9,3.62,7,3,0
2024-01-11 08:00:00,0.0,281.14,9973.68,19.55,78.7,2.87,8,3,0
2024-01-11 09:00:00,0.0,213.79,9948.27,18.02,70.9,2.4,9,3,0
2024-01-11 10:00:00,1995.2,391.11,9700.57,16.32,74.2,3.66,10,3,0
2024-01-11 11:00:00,2923.4,186.31,9923.56,19.41,74.6,1.99,11,3,0
2024-01-11 12:00:00,3444.83,412.77,9972.86,21.48,71.9,3.3,12,3,0
2024-01-11 13:00:00,2656.27,203.02,9782.09,20.9,76.1,1.68,13,3,0
2024-01-11 14:00:00,1711.23,346.37,9855.86,18.61,73.0,2.9,14,3,0
2024-01-11 15:00:00,0.0,342.99,9718.38,20.63,69.4,3.52,15,3,0
2024-01-11 16:00:00,0.0,921.72,9538.12,23.46,70.1,5.36,16,3,0
2024-01-11 17:00:00,0.0,736.32,9678.78,21.71,70.6,5.27,17,3,0
2024-01-11 18:00:00,0.0,588.21,10253.0,23.57,71.6,4.49,18,3,0
2024-01-11 19:00:00,0.0,1108.87,10306.92,24.26,63.4,5.67,19,3,0
2024-01-11 20:00:00,0.0,794.87,10277.88,22.32,70.6,5.9,20,3,0
2024-01-11 21:00:00,0.0,680.68,10256.2,23.26,67.0,5.09,21,3,0
2024-01-11 22:00:00,0.0,571.51,10221.04,19.14,79.4,4.08,22,3,0
2024-01-11 23:00:00,0.0,842.58,9827.26,21.33,75.3,4.92,23,3,0
2024-01-12 00:00:00,0.0,520.49,9622.33,21.67,75.9,4.82,0,4,0
2024-01-12 01:00:00,0.0,511.89,9882.25,19.75,81.3,3.7,1,4,0
2024-01-12 02:00:00,0.0,809.74,9715.64,22.43,80.2,4.74,2,4,0
2024-01-12 03:00:00,0.0,555.37,10034.05,17.98,74.5,4.41,3,4,0
2024-01-12 04:00:00,0.0,487.98,9748.16,18.45,78.9,4.29,4,4,0
2024-01-12 05:00:00,0.0,537.42,9728.38,18.51,77.7,3.91,5,4,0
2024-01-12 06:00:00,0.0,438.83,9718.48,19.61,71.6,4.07,6,4,0
2024-01-12 07:00:00,0.0,341.98,10044.58,15.85,75.0,3.18,7,4,0
2024-01-12 08:00:00,0.0,490.12,10173.87,18.87,76.0,3.38,8,4,0
2024-01-12 09:00:00,0.0,340.56,10095.93,17.59,75.0,2.87,9,4,0
2024-01-12 10:00:00,1429.23,235.33,9904.45,16.7,68.3,2.76,10,4,0
2024-01-12 11:00:00,3259.4,519.87,9841.73,18.91,77.5,4.39,11,4,0
2024-01-12 12:00:00,2995.02,224.22,9789.78,19.21,71.3,1.85,12,4,0
2024-01-12 13:00:00,2822.72,571.46,9830.75,18.98,70.8,4.39,13,4,0
2024-01-12 14:00:00,1510.29,443.45,9929.56,20.56,71.5,3.43,14,4,0
2024-01-12 15:00:00,0.0,497.51,9864.8,20.79,66.2,3.59,15,4,0
2024-01-12 16:00:00,0.0,625.77,9819.67,22.11,71.0,4.66,16,4,0
2024-01-12 17:00:00,0.0,535.74,9836.73,23.39,67.9,3.5,17,4,0
2024-01-12 18:00:00,0.0,681.97,10151.68,24.98,66.3,4.24,18,4,0
2024-01-12 19:00:00,0.0,426.7,10598.6,21.89,73.0,4.38,19,4,0
2024-01-12 20:00:00,0.0,605.22,10353.38,26.03,77.7,4.98,20,4,0
2024-01-12 21:00:00,0.0,538.58,10365.35,21.03,75.8,4.55,21,4,0
2024-01-12 22:00:00,0.0,844.77,10286.56,22.89,77.9,6.44,22,4,0
2024-01-12 23:00:00,0.0,932.97,9510.29,23.3,73.4,6.49,23,4,0
2024-01-13 00:00:00,0.0,359.26,8822.16,22.35,70.3,3.24,0,5,1
2024-01-13 01:00:00,0.0,534.4,8863.11,20.54,83.6,5.09,1,5,1
2024-01-13 02:00:00,0.0,568.48,8755.26,20.27,86.7,5.1,2,5,1
2024-01-13 03:00:00,0.0,471.54,8754.21,19.15,85.1,4.59,3,5,1
2024-01-13 04:00:00,0.0,290.16,8813.29,18.31,77.8,3.37,4,5,1
2024-01-13 05:00:00,0.0,405.55,8946.58,19.41,74.4,3.46,5,5,1
2024-01-13 06:00:00,0.0,289.36,9004.69,18.35,74.2,2.85,6,5,1
2024-01-13 07:00:00,0.0,419.83,9159.52,16.79,70.9,2.95,7,5,1
2024-01-13 08:00:00,0.0,188.08,9070.91,18.59,76.2,2.22,8,5,1
2024-01-13 09:00:00,0.0,437.19,9095.51,17.99,81.9,3.06,9,5,1
2024-01-13 10:00:00,1835.18,167.95,8865.94,18.89,73.6,1.99,10,5,1
2024-01-13 11:00:00,3339.71,384.86,8880.16,19.15,74.1,3.13,11,5,1
2024-01-13 12:00:00,3298.72,230.79,8906.2,18.02,77.1,2.45,12,5,1
2024-01-13 13:00:00,2776.94,560.98,8801.28,19.07,69.0,3.82,13,5,1
2024-01-13 14:00:00,1644.66,291.38,8917.51,21.41,78.0,3.35,14,5,1
2024-01-13 15:00:00,0.0,731.54,8908.03,22.02,77.3,4.39,15,5,1
2024-01-13 16:00:00,0.0,563.83,8806.59,21.99,68.6,5.28,16,5,1
2024-01-13 17:00:00,0.0,778.74,8647.66,22.78,67.0,5.93,17,5,1
2024-01-13 18:00:00,0.0,312.66,9203.81,24.65,72.6,2.84,18,5,1
2024-01-13 19:00:00,0.0,655.62,9498.11,22.7,69.2,4.35,19,5,1
2024-01-13 20:00:00,0.0,860.23,9106.77,24.17,67.0,4.88,20,5,1
2024-01-13 21:00:00,0.0,788.49,9468.1,23.17,78.0,5.52,21,5,1
2024-01-13 22:00:00,0.0,537.7,9102.57,22.85,79.0,3.8,22,5,1
2024-01-13 23:00:00,0.0,621.5,8761.22,23.96,76.1,4.24,23,5,1
2024-01-14 00:00:00,0.0,719.6,8809.03,23.05,71.5,4.93,0,6,1
2024-01-14 01:00:00,0.0,711.08,9067.88,22.31,72.7,4.69,1,6,1
2024-01-14 02:00:00,0.0,464.04,8857.14,22.12,78.8,4.68,2,6,1
2024-01-14 03:00:00,0.0,575.39,8828.32,19.81,76.9,4.48,3,6,1
2024-01-14 04:00:00,0.0,615.82,8741.76,19.88,77.7,4.13,4,6,1
2024-01-14 05:00:00,0.0,456.49,8916.64,18.06,83.0,3.78,5,6,1
2024-01-14 06:00:00,0.0,500.09,8792.47,18.35,81.3,3.46,6,6,1
2024-01-14 07:00:00,0.0,556.58,9111.52,17.5,83.1,3.79,7,6,1
2024-01-14 08:00:00,0.0,203.1,9096.0,17.67,72.6,1.36,8,6,1
2024-01-14 09:00:00,0.0,447.33,9225.38,18.37,74.0,4.36,9,6,1
2024-01-14 10:00:00,1444.59,144.1,8945.41,16.98,77.1,1.39,10,6,1
2024-01-14 11:00:00,2596.9,191.04,8747.15,20.95,74.6,2.39,11,6,1
2024-01-14 12:00:00,3750.6,480.71,8778.73,17.85,77.7,3.23,12,6,1
2024-01-14 13:00:00,3133.35,450.16,8766.89,18.32,72.2,4.16,13,6,1
2024-01-14 14:00:00,1859.31,162.15,8876.0,21.95,77.1,1.47,14,6,1
2024-01-14 15:00:00,0.0,452.47,8962.8,22.28,71.4,4.1,15,6,1
2024-01-14 16:00:00,0.0,516.48,8877.6,22.81,73.3,5.01,16,6,1
2024-01-14 17:00:00,0.0,687.97,8591.12,23.43,67.9,5.42,17,6,1
2024-01-14 18:00:00,0.0,423.11,9401.17,23.14,69.8,4.27,18,6,1
2024-01-14 19:00:00,0.0,611.42,9148.12,22.38,74.2,4.75,19,6,1
2024-01-14 20:00:00,0.0,788.24,9224.17,23.65,78.0,4.59,20,6,1
2024-01-14 21:00:00,0.0,742.29,9333.81,22.64,75.7,4.81,21,6,1
2024-01-14 22:00:00,0.0,619.32,9299.93,24.33,73.7,4.26,22,6,1
2024-01-14 23:00:00,0.0,540.71,8958.73,22.5,80.9,4.28,23,6,1
2024-01-15 00:00:00,0.0,871.98,9712.71,21.11,67.7,5.14,0,0,0
2024-01-15 01:00:00,0.0,792.82,9670.01,20.99,71.8,4.69,1,0,0
2024-01-15 02:00:00,0.0,826.28,9748.6,21.1,81.1,4.74,2,0,0
2024-01-15 03:00:00,0.0,421.89,9903.24,19.15,78.9,4.26,3,0,0
2024-01-15 04:00:00,0.0,706.77,9861.56,18.12,81.4,4.39,4,0,0
2024-01-15 05:00:00,0.0,467.75,9796.46,18.77,79.1,4.29,5,0,0
2024-01-15 06:00:00,0.0,208.52,9945.12,18.3,80.6,1.99,6,0,0
2024-01-15 07:00:00,0.0,256.0,10238.38,17.1,74.3,2.54,7,0,0
2024-01-15 08:00:00,0.0,367.14,10195.62,17.04,78.8,2.94,8,0,0
2024-01-15 09:00:00,0.0,371.22,9959.64,17.98,79.3,3.07,9,0,0
2024-01-15 10:00:00,1890.92,220.56,9879.99,16.27,78.9,2.58,10,0,0
2024-01-15 11:00:00,3133.85,575.93,9761.72,16.79,80.8,3.95,11,0,0
2024-01-15 12:00:00,2968.38,672.48,9738.61,18.24,72.5,4.96,12,0,0
2024-01-15 13:00:00,2690.75,321.67,9704.09,19.57,71.6,3.73,13,0,0
2024-01-15 14:00:00,1668.05,458.67,9765.39,20.98,63.6,3.89,14,0,0
2024-01-15 15:00:00,0.0,662.52,9710.91,23.15,67.0,4.77,15,0,0
2024-01-15 16:00:00,0.0,239.38,9806.37,23.13,68.2,2.85,16,0,0
2024-01-15 17:00:00,0.0,494.8,9765.25,22.53,73.4,4.61,17,0,0
2024-01-15 18:00:00,0.0,1080.25,10316.46,23.18,67.2,5.58,18,0,0
2024-01-15 19:00:00,0.0,716.12,10356.39,22.3,73.6,4.44,19,0,0
2024-01-15 20:00:00,0.0,404.62,10254.68,23.58,71.5,4.07,20,0,0
2024-01-15 21:00:00,0.0,725.6,10201.52,23.15,72.0,4.94,21,0,0
2024-01-15 22:00:00,0.0,655.85,10049.23,23.59,75.0,5.0,22,0,0
2024-01-15 23:00:00,0.0,560.36,9878.48,21.73,73.7,4.23,23,0,0
2024-01-16 00:00:00,0.0,1019.46,9795.45,22.77,74.7,6.44,0,1,0
2024-01-16 01:00:00,0.0,392.64,9764.86,23.26,70.6,4.17,1,1,0
2024-01-16 02:00:00,0.0,355.6,9926.63,20.52,77.3,3.39,2,1,0
2024-01-16 03:00:00,0.0,389.28,9631.38,20.35,76.8,3.98,3,1,0
2024-01-16 04:00:00,0.0,600.1,9792.75,19.98,76.9,4.52,4,1,0
2024-01-16 05:00:00,0.0,530.41,9670.31,18.05,80.4,3.57,5,1,0
2024-01-16 06:00:00,0.0,587.44,9864.72,18.32,80.9,3.73,6,1,0
2024-01-16 07:00:00,0.0,347.71,9833.86,17.77,78.4,2.49,7,1,0
2024-01-16 08:00:00,0.0,714.88,10197.48,17.77,80.4,4.28,8,1,0
2024-01-16 09:00:00,0.0,297.7,10192.52,16.82,77.5,3.5,9,1,0
2024-01-16 10:00:00,1694.25,554.26,9675.24,18.08,72.7,3.92,10,1,0
2024-01-16 11:00:00,2983.42,358.03,9793.96,19.12,70.8,3.48,11,1,0
2024-01-16 12:00:00,3142.83,611.08,9677.82,20.89,72.7,4.0,12,1,0
2024-01-16 13:00:00,2389.33,379.9,9837.31,21.02,72.7,2.85,13,1,0
2024-01-16 14:00:00,1381.16,382.51,9884.43,23.23,75.2,3.4,14,1,0
2024-01-16 15:00:00,0.0,723.23,9665.4,20.5,73.9,5.13,15,1,0
2024-01-16 16:00:00,0.0,717.52,9630.39,23.19,66.8,5.56,16,1,0
2024-01-16 17:00:00,0.0,383.47,9917.57,22.99,68.7,3.63,17,1,0
2024-01-16 18:00:00,0.0,894.58,10522.94,25.87,72.3,4.96,18,1,0
2024-01-16 19:00:00,0.0,754.8,10349.33,22.58,74.7,4.57,19,1,0
2024-01-16 20:00:00,0.0,484.55,10358.21,22.64,75.2,4.46,20,1,0
2024-01-16 21:00:00,0.0,667.02,10250.16,22.83,72.4,5.28,21,1,0
2024-01-16 22:00:00,0.0,707.16,10311.6,20.7,68.9,5.93,22,1,0
2024-01-16 23:00:00,0.0,989.49,9828.09,22.14,71.2,5.28,23,1,0
2024-01-17 00:00:00,0.0,736.09,9764.09,21.28,77.4,4.47,0,2,0
2024-01-17 01:00:00,0.0,711.85,9947.98,21.65,78.7,4.93,1,2,0
2024-01-17 02:00:00,0.0,557.94,9807.21,21.11,73.8,3.99,2,2,0
2024-01-17 03:00:00,0.0,652.9,9822.67,22.17,78.8,4.35,3,2,0
2024-01-17 04:00:00,0.0,561.39,9766.56,20.34,81.4,4.88,4,2,0
2024-01-17 05:00:00,0.0,263.1,9778.76,17.88,74.1,1.86,5,2,0
2024-01-17 06:00:00,0.0,501.55,9932.25,17.02,82.6,3.95,6,2,0
2024-01-17 07:00:00,0.0,163.59,10118.51,18.39,75.9,1.92,7,2,0
2024-01-17 08:00:00,0.0,477.67,10121.32,16.11,81.4,4.03,8,2,0
2024-01-17 09:00:00,0.0,294.65,10122.86,20.0,73.0,2.51,9,2,0
2024-01-17 10:00:00,1575.46,210.89,9742.26,19.51,69.7,2.08,10,2,0
2024-01-17 11:00:00,3195.35,504.32,9617.05,18.01,70.7,3.71,11,2,0
2024-01-17 12:00:00,3087.63,530.14,9974.71,17.14,71.0,3.6,12,2,0
2024-01-17 13:00:00,2594.98,352.4,9914.2,21.54,68.8,2.72,13,2,0
2024-01-17 14:00:00,1608.76,334.86,9935.89,20.56,68.6,2.76,14,2,0
2024-01-17 15:00:00,0.0,482.81,9657.3,22.96,70.3,3.87,15,2,0
2024-01-17 16:00:00,0.0,330.68,9959.39,20.28,68.2,3.31,16,2,0
2024-01-17 17:00:00,0.0,432.83,10022.02,22.1,68.7,3.67,17,2,0
2024-01-17 18:00:00,0.0,585.68,10415.38,23.3,62.7,4.82,18,2,0
2024-01-17 19:00:00,0.0,657.02,10487.74,23.65,71.9,4.11,19,2,0
2024-01-17 20:00:00,0.0,963.86,10385.74,23.16,71.0,5.32,20,2,0
2024-01-17 21:00:00,0.0,784.82,10188.41,24.34,79.0,6.21,21,2,0
2024-01-17 22:00:00,0.0,803.71,10350.92,22.01,70.1,4.86,22,2,0
2024-01-17 23:00:00,0.0,787.81,9663.56,22.65,67.9,4.99,23,2,0
2024-01-18 00:00:00,0.0,1285.93,9714.32,22.39,78.7,6.3,0,3,0
2024-01-18 01:00:00,0.0,412.23,9823.95,22.14,78.7,3.53,1,3,0
2024-01-18 02:00:00,0.0,845.99,9807.84,21.6,74.1,5.19,2,3,0
2024-01-18 03:00:00,0.0,678.26,9841.57,18.62,72.5,4.84,3,3,0
2024-01-18 04:00:00,0.0,434.4,9570.95,17.4,84.9,4.41,4,3,0
2024-01-18 05:00:00,0.0,442.98,9767.49,20.16,84.2,4.52,5,3,0
2024-01-18 06:00:00,0.0,323.88,9851.88,18.55,68.1,3.5,6,3,0
2024-01-18 07:00:00,0.0,259.64,10190.8,16.95,75.5,2.65,7,3,0
2024-01-18 08:00:00,0.0,414.52,10198.65,19.61,82.9,3.89,8,3,0
2024-01-18 09:00:00,0.0,547.82,10131.15,17.99,73.1,3.89,9,3,0
2024-01-18 10:00:00,1639.85,546.32,9740.49,19.56,71.8,3.9,10,3,0
2024-01-18 11:00:00,3084.39,463.09,9846.18,18.7,71.3,3.15,11,3,0
2024-01-18 12:00:00,2763.57,267.67,9750.03,21.72,66.8,2.7,12,3,0
2024-01-18 13:00:00,3129.89,552.91,9894.13,22.07,63.4,3.64,13,3,0
2024-01-18 14:00:00,1923.91,635.42,9837.28,20.45,73.6,4.48,14,3,0
2024-01-18 15:00:00,0.0,660.79,9778.59,22.69,61.6,4.8,15,3,0
2024-01-18 16:00:00,0.0,532.61,9693.72,23.02,69.7,3.9,16,3,0
2024-01-18 17:00:00,0.0,727.35,9920.34,24.51,72.5,4.74,17,3,0
2024-01-18 18:00:00,0.0,354.72,10357.09,22.18,63.6,3.64,18,3,0
2024-01-18 19:00:00,0.0,977.09,10542.36,24.47,66.5,5.64,19,3,0
2024-01-18 20:00:00,0.0,638.56,10353.15,25.01,76.1,4.32,20,3,0
2024-01-18 21:00:00,0.0,1091.17,10363.19,21.53,74.6,5.61,21,3,0
2024-01-18 22:00:00,0.0,631.66,10114.17,21.92,71.3,4.03,22,3,0
2024-01-18 23:00:00,0.0,951.24,9823.26,20.42,79.9,5.67,23,3,0
2024-01-19 00:00:00,0.0,772.07,9748.02,21.97,81.0,4.91,0,4,0
2024-01-19 01:00:00,0.0,593.97,9885.17,22.43,78.3,3.82,1,4,0
2024-01-19 02:00:00,0.0,833.84,9826.16,22.6,74.4,4.76,2,4,0
2024-01-19 03:00:00,0.0,492.7,9904.23,20.11,76.9,3.48,3,4,0
2024-01-19 04:00:00,0.0,645.74,10041.91,21.25,79.8,4.29,4,4,0
2024-01-19 05:00:00,0.0,288.8,9690.2,17.02,77.7,3.23,5,4,0
2024-01-19 06:00:00,0.0,250.24,9899.6,16.15,81.8,1.86,6,4,0
2024-01-19 07:00:00,0.0,217.19,10183.03,17.83,71.1,2.3,7,4,0
2024-01-19 08:00:00,0.0,304.79,10338.52,18.26,70.2,2.64,8,4,0
2024-01-19 09:00:00,0.0,481.9,10185.65,17.86,75.7,4.04,9,4,0
2024-01-19 10:00:00,1660.7,408.87,9858.17,15.72,71.7,3.7,10,4,0
2024-01-19 11:00:00,2759.3,511.49,9888.17,18.57,69.9,4.38,11,4,0
2024-01-19 12:00:00,3474.6,740.23,9896.55,17.73,64.1,4.56,12,4,0
2024-01-19 13:00:00,2751.57,398.38,9960.52,20.82,70.2,3.02,13,4,0
2024-01-19 14:00:00,1823.04,428.79,9687.67,21.24,69.1,3.54,14,4,0
2024-01-19 15:00:00,0.0,478.4,9738.92,20.44,71.5,3.62,15,4,0
2024-01-19 16:00:00,0.0,571.33,9994.23,21.68,69.0,3.67,16,4,0
2024-01-19 17:00:00,0.0,317.96,9550.95,21.65,68.3,2.98,17,4,0
2024-01-19 18:00:00,0.0,647.71,10279.83,23.32,74.1,4.64,18,4,0
2024-01-19 19:00:00,0.0,474.44,10307.95,24.84,64.9,3.79,19,4,0
2024-01-19 20:00:00,0.0,856.9,10268.77,22.61,73.3,4.89,20,4,0
2024-01-19 21:00:00,0.0,988.74,10479.71,24.3,65.7,6.64,21,4,0
2024-01-19 22:00:00,0.0,774.16,10347.11,22.76,70.3,4.51,22,4,0
2024-01-19 23:00:00,0.0,619.07,9739.52,21.97,70.1,4.97,23,4,0
2024-01-20 00:00:00,0.0,603.93,8777.87,22.22,79.2,5.35,0,5,1
2024-01-20 01:00:00,0.0,514.65,8887.82,20.38,76.9,4.64,1,5,1
2024-01-20 02:00:00,0.0,556.5,8993.91,20.18,77.9,4.41,2,5,1
2024-01-20 03:00:00,0.0,474.62,8870.61,18.63,74.0,3.62,3,5,1
2024-01-20 04:00:00,0.0,415.69,8837.87,21.71,77.4,3.47,4,5,1
2024-01-20 05:00:00,0.0,273.54,8770.57,18.77,75.4,2.65,5,5,1
2024-01-20 06:00:00,0.0,498.73,8898.88,17.41,79.5,3.88,6,5,1
2024-01-20 07:00:00,0.0,228.79,9177.23,18.21,73.2,1.65,7,5,1
2024-01-20 08:00:00,0.0,543.48,9052.09,17.71,81.4,3.72,8,5,1
2024-01-20 09:00:00,0.0,230.13,9262.17,17.68,68.2,1.79,9,5,1
2024-01-20 10:00:00,1451.85,573.74,9058.73,18.99,70.4,3.72,10,5,1
2024-01-20 11:00:00,2880.15,325.33,8859.88,19.64,79.0,2.76,11,5,1
2024-01-20 12:00:00,3259.33,174.35,8890.26,18.71,69.3,2.22,12,5,1
2024-01-20 13:00:00,2589.25,421.99,8721.41,19.38,64.8,3.88,13,5,1
2024-01-20 14:00:00,1576.53,521.17,8942.46,20.52,70.1,4.4,14,5,1
2024-01-20 15:00:00,0.0,438.11,8909.7,18.86,66.9,3.56,15,5,1
2024-01-20 16:00:00,0.0,807.25,8814.87,20.53,65.2,4.75,16,5,1
2024-01-20 17:00:00,0.0,344.84,8764.78,24.61,64.4,2.59,17,5,1
2024-01-20 18:00:00,0.0,359.09,9531.71,25.42,80.3,3.56,18,5,1
2024-01-20 19:00:00,0.0,900.78,9355.93,23.45,69.0,5.81,19,5,1
2024-01-20 20:00:00,0.0,701.44,9199.88,24.54,63.4,4.7,20,5,1
2024-01-20 21:00:00,0.0,519.4,9412.67,24.12,78.3,3.42,21,5,1
2024-01-20 22:00:00,0.0,408.41,9337.56,27.14,76.0,4.32,22,5,1
2024-01-20 23:00:00,0.0,499.46,8861.07,24.31,71.8,4.04,23,5,1
2024-01-21 00:00:00,0.0,759.14,8971.43,22.25,72.3,4.45,0,6,1
2024-01-21 01:00:00,0.0,663.1,8540.47,20.53,79.7,4.08,1,6,1
2024-01-21 02:00:00,0.0,500.66,8637.16,18.97,76.8,4.28,2,6,1
2024-01-21 03:00:00,0.0,332.14,9019.51,20.37,70.6,3.82,3,6,1
2024-01-21 04:00:00,0.0,676.33,8838.53,18.49,85.6,4.71,4,6,1
2024-01-21 05:00:00,0.0,550.95,8802.79,17.07,76.6,3.72,5,6,1
2024-01-21 06:00:00,0.0,379.24,8693.47,17.53,83.8,3.54,6,6,1
2024-01-21 07:00:00,0.0,619.92,9162.26,16.71,82.1,3.95,7,6,1
2024-01-21 08:00:00,0.0,260.42,9177.07,19.93,72.0,2.6,8,6,1
2024-01-21 09:00:00,0.0,224.1,9311.9,19.06,78.9,1.87,9,6,1
2024-01-21 10:00:00,1452.43,544.02,8898.69,18.29,70.9,3.88,10,6,1
2024-01-21 11:00:00,2429.28,325.62,8817.66,20.56,64.7,3.12,11,6,1
2024-01-21 12:00:00,3474.1,348.73,8902.68,19.49,69.3,3.28,12,6,1
2024-01-21 13:00:00,2680.51,317.67,8987.14,19.09,71.6,2.87,13,6,1
2024-01-21 14:00:00,1516.86,430.56,8960.95,22.73,67.3,3.13,14,6,1
2024-01-21 15:00:00,0.0,468.48,8928.57,22.32,67.4,4.56,15,6,1
2024-01-21 16:00:00,0.0,744.11,8886.95,21.16,73.1,4.93,16,6,1
2024-01-21 17:00:00,0.0,782.08,8784.24,22.79,69.1,5.01,17,6,1
2024-01-21 18:00:00,0.0,780.65,9186.06,22.45,65.8,5.22,18,6,1
2024-01-21 19:00:00,0.0,942.85,9167.08,22.14,72.8,5.2,19,6,1
2024-01-21 20:00:00,0.0,736.75,9357.28,25.01,71.8,4.95,20,6,1
2024-01-21 21:00:00,0.0,701.29,9369.79,26.09,62.1,4.74,21,6,1
2024-01-21 22:00:00,0.0,942.88,9441.32,21.82,75.2,5.81,22,6,1
2024-01-21 23:00:00,0.0,666.82,8921.41,23.7,76.4,4.45,23,6,1
2024-01-22 00:00:00,0.0,528.95,9912.1,21.68,76.0,4.85,0,0,0
2024-01-22 01:00:00,0.0,554.02,9770.33,21.15,80.5,3.7,1,0,0
2024-01-22 02:00:00,0.0,313.94,9878.5,20.25,75.0,3.58,2,0,0
2024-01-22 03:00:00,0.0,479.59,9665.82,19.14,79.6,3.66,3,0,0
2024-01-22 04:00:00,0.0,355.46,9778.78,19.51,72.1,2.94,4,0,0
2024-01-22 05:00:00,0.0,413.53,9566.22,17.84,79.9,3.98,5,0,0
2024-01-22 06:00:00,0.0,167.03,9789.79,18.68,85.5,2.06,6,0,0
2024-01-22 07:00:00,0.0,275.31,10247.97,18.0,73.0,3.06,7,0,0
2024-01-22 08:00:00,0.0,294.11,10109.43,17.67,72.9,2.99,8,0,0
2024-01-22 09:00:00,0.0,208.7,10187.62,16.97,71.9,1.4,9,0,0
2024-01-22 10:00:00,1565.99,339.08,9818.78,17.67,73.9,2.53,10,0,0
2024-01-22 11:00:00,2886.26,272.81,9717.55,19.74,67.9,3.18,11,0,0
2024-01-22 12:00:00,3324.7,362.0,9763.6,20.06,72.6,3.48,12,0,0
2024-01-22 13:00:00,2320.24,450.99,9927.56,19.01,73.3,3.18,13,0,0
2024-01-22 14:00:00,1448.35,445.51,9872.0,21.08,71.2,4.13,14,0,0
2024-01-22 15:00:00,0.0,594.26,9711.89,22.63,61.5,3.76,15,0,0
2024-01-22 16:00:00,0.0,448.53,9619.5,20.45,72.4,4.11,16,0,0
2024-01-22 17:00:00,0.0,695.99,9810.82,23.73,72.3,4.55,17,0,0
2024-01-22 18:00:00,0.0,733.15,10220.17,22.76,72.4,5.29,18,0,0
2024-01-22 19:00:00,0.0,420.35,10268.71,24.54,71.4,4.17,19,0,0
2024-01-22 20:00:00,0.0,499.68,10115.47,23.04,71.8,4.42,20,0,0
2024-01-22 21:00:00,0.0,619.78,10414.89,21.69,76.2,4.31,21,0,0
2024-01-22 22:00:00,0.0,551.68,10278.36,21.6,81.1,4.55,22,0,0
2024-01-22 23:00:00,0.0,955.08,9792.56,23.14,70.9,5.85,23,0,0
2024-01-23 00:00:00,0.0,580.08,9686.05,22.82,80.1,4.98,0,1,0
2024-01-23 01:00:00,0.0,389.9,9752.71,20.7,76.5,3.41,1,1,0
2024-01-23 02:00:00,0.0,434.3,9800.7,21.78,77.1,3.59,2,1,0
2024-01-23 03:00:00,0.0,496.55,9712.41,18.24,72.0,4.11,3,1,0
2024-01-23 04:00:00,0.0,261.55,9760.1,19.43,77.2,2.83,4,1,0
2024-01-23 05:00:00,0.0,298.18,9952.35,17.44,74.2,2.73,5,1,0
2024-01-23 06:00:00,0.0,597.59,9575.99,17.63,75.8,4.18,6,1,0
2024-01-23 07:00:00,0.0,345.12,10123.15,18.17,72.5,2.45,7,1,0
2024-01-23 08:00:00,0.0,508.53,10006.74,16.98,74.0,3.61,8,1,0
2024-01-23 09:00:00,0.0,376.83,10261.38,17.65,73.0,3.82,9,1,0
2024-01-23 10:00:00,1857.12,216.33,9764.31,19.62,73.7,2.26,10,1,0
2024-01-23 11:00:00,3048.77,185.43,9660.34,18.2,65.6,2.23,11,1,0
2024-01-23 12:00:00,3585.85,255.12,9760.13,20.52,65.0,2.88,12,1,0
2024-01-23 13:00:00,2824.32,230.27,9827.96,18.88,71.2,2.44,13,1,0
2024-01-23 14:00:00,1494.43,363.24,10119.07,21.65,65.8,3.65,14,1,0
2024-01-23 15:00:00,0.0,366.91,9532.82,23.52,72.8,3.65,15,1,0
2024-01-23 16:00:00,0.0,481.23,9642.11,19.55,69.2,4.36,16,1,0
2024-01-23 17:00:00,0.0,708.55,9942.63,22.18,70.9,5.43,17,1,0
2024-01-23 18:00:00,0.0,579.92,10108.92,24.3,74.6,5.17,18,1,0
2024-01-23 19:00:00,0.0,627.16,10291.16,23.67,68.5,5.07,19,1,0
2024-01-23 20:00:00,0.0,410.91,10232.0,24.46,68.5,3.2,20,1,0
2024-01-23 21:00:00,0.0,628.4,10213.15,23.19,75.5,5.17,21,1,0
2024-01-23 22:00:00,0.0,782.79,10269.34,23.71,75.3,6.15,22,1,0
2024-01-23 23:00:00,0.0,187.03,9746.08,22.95,73.9,2.27,23,1,0
2024-01-24 00:00:00,0.0,714.8,9912.85,23.97,81.3,5.04,0,2,0
2024-01-24 01:00:00,0.0,637.78,9945.4,22.15,75.9,4.15,1,2,0
2024-01-24 02:00:00,0.0,291.97,9837.16,21.48,77.7,3.36,2,2,0
2024-01-24 03:00:00,0.0,598.29,9757.67,19.8,78.1,4.42,3,2,0
2024-01-24 04:00:00,0.0,742.42,9817.02,18.99,74.5,4.89,4,2,0
2024-01-24 05:00:00,0.0,511.12,9882.6,18.43,78.4,3.9,5,2,0
2024-01-24 06:00:00,0.0,379.14,9906.2,18.95,83.1,2.77,6,2,0
2024-01-24 07:00:00,0.0,290.63,10145.41,17.67,78.5,2.16,7,2,0
2024-01-24 08:00:00,0.0,245.16,10284.32,18.42,75.8,2.93,8,2,0
2024-01-24 09:00:00,0.0,379.42,10027.02,20.66,73.9,3.48,9,2,0
2024-01-24 10:00:00,1835.72,304.67,9922.79,19.52,74.5,2.5,10,2,0
2024-01-24 11:00:00,2994.71,378.27,9870.52,18.56,74.9,2.68,11,2,0
2024-01-24 12:00:00,3714.41,919.6,9712.8,21.01,73.2,5.33,12,2,0
2024-01-24 13:00:00,2716.21,428.42,9813.92,19.8,68.4,4.14,13,2,0
2024-01-24 14:00:00,1613.12,511.44,9822.17,18.63,70.2,4.44,14,2,0
2024-01-24 15:00:00,0.0,335.05,9768.96,20.64,70.3,2.61,15,2,0
2024-01-24 16:00:00,0.0,404.71,9767.65,20.33,64.2,3.47,16,2,0
2024-01-24 17:00:00,0.0,583.62,9603.02,22.77,69.1,4.34,17,2,0
2024-01-24 18:00:00,0.0,474.92,10207.29,23.69,60.2,3.68,18,2,0
2024-01-24 19:00:00,0.0,702.48,10261.4,25.98,71.6,5.92,19,2,0
2024-01-24 20:00:00,0.0,1094.04,10221.29,24.46,73.4,5.87,20,2,0
2024-01-24 21:00:00,0.0,691.51,10187.32,23.71,74.9,4.35,21,2,0
2024-01-24 22:00:00,0.0,956.5,10417.33,24.66,71.6,6.17,22,2,0
2024-01-24 23:00:00,0.0,675.73,9773.53,20.54,75.7,4.64,23,2,0
2024-01-25 00:00:00,0.0,1155.19,10046.01,22.91,81.3,6.52,0,3,0
2024-01-25 01:00:00,0.0,467.42,9812.73,22.83,82.3,4.36,1,3,0
2024-01-25 02:00:00,0.0,456.95,9910.82,19.36,77.3,4.46,2,3,0
2024-01-25 03:00:00,0.0,485.05,9761.03,21.73,78.5,4.86,3,3,0
2024-01-25 04:00:00,0.0,748.18,9706.6,20.04,82.6,4.51,4,3,0
2024-01-25 05:00:00,0.0,401.19,9817.54,18.51,71.9,3.65,5,3,0
2024-01-25 06:00:00,0.0,249.69,9941.46,19.29,76.2,2.92,6,3,0
2024-01-25 07:00:00,0.0,375.74,10090.31,20.96,82.0,3.29,7,3,0
2024-01-25 08:00:00,0.0,176.31,10154.61,18.35,79.5,2.12,8,3,0
2024-01-25 09:00:00,0.0,243.48,10131.91,18.53,75.9,2.86,9,3,0
2024-01-25 10:00:00,1659.02,210.95,9774.24,17.98,67.1,1.89,10,3,0
2024-01-25 11:00:00,2642.44,175.22,9780.38,17.99,71.6,1.45,11,3,0
2024-01-25 12:00:00,3416.67,369.05,9666.18,20.63,68.3,3.08,12,3,0
2024-01-25 13:00:00,3225.76,600.77,9784.67,19.33,70.9,4.25,13,3,0
2024-01-25 14:00:00,1520.31,598.26,9864.4,21.22,65.5,4.22,14,3,0
2024-01-25 15:00:00,0.0,428.72,9821.49,21.33,64.2,3.68,15,3,0
2024-01-25 16:00:00,0.0,862.98,9808.1,23.21,59.9,5.4,16,3,0
2024-01-25 17:00:00,0.0,411.82,9873.0,23.65,73.2,3.79,17,3,0
2024-01-25 18:00:00,0.0,318.72,10313.39,24.97,67.2,2.92,18,3,0
2024-01-25 19:00:00,0.0,301.84,10291.67,23.42,70.2,2.86,19,3,0
2024-01-25 20:00:00,0.0,413.8,10378.22,23.81,70.6,3.76,20,3,0
2024-01-25 21:00:00,0.0,673.41,10306.39,22.85,67.6,5.4,21,3,0
2024-01-25 22:00:00,0.0,406.49,10261.61,23.2,68.1,4.2,22,3,0
2024-01-25 23:00:00,0.0,704.05,9842.19,23.7,70.4,4.98,23,3,0
2024-01-26 00:00:00,0.0,891.11,9781.77,23.6,72.6,5.73,0,4,0
2024-01-26 01:00:00,0.0,352.04,9752.22,20.86,78.0,3.33,1,4,0
2024-01-26 02:00:00,0.0,729.29,9804.65,22.24,74.2,4.35,2,4,0
2024-01-26 03:00:00,0.0,546.8,9806.05,22.04,84.8,4.14,3,4,0
2024-01-26 04:00:00,0.0,379.63,9653.57,20.19,82.1,2.76,4,4,0
2024-01-26 05:00:00,0.0,580.98,9825.99,21.32,81.1,4.29,5,4,0
2024-01-26 06:00:00,0.0,253.64,10007.58,17.67,76.9,2.77,6,4,0
2024-01-26 07:00:00,0.0,360.22,9983.45,16.8,82.6,2.54,7,4,0
2024-01-26 08:00:00,0.0,718.54,10040.69,16.06,74.6,4.43,8,4,0
2024-01-26 09:00:00,0.0,353.56,10434.6,20.09,74.2,3.13,9,4,0
2024-01-26 10:00:00,1777.17,350.77,9687.34,19.38,73.7,3.48,10,4,0
2024-01-26 11:00:00,3171.81,410.19,9940.37,19.0,74.5,3.93,11,4,0
2024-01-26 12:00:00,2733.71,323.91,9758.56,20.03,73.1,2.48,12,4,0
2024-01-26 13:00:00,2461.66,404.96,9793.22,19.06,67.6,4.21,13,4,0
2024-01-26 14:00:00,1352.44,376.44,9770.26,24.13,66.6,3.05,14,4,0
2024-01-26 15:00:00,0.0,411.77,9837.08,22.12,70.7,3.27,15,4,0
2024-01-26 16:00:00,0.0,372.7,9596.43,22.82,70.9,3.75,16,4,0
2024-01-26 17:00:00,0.0,505.84,9808.35,24.18,66.6,3.71,17,4,0
2024-01-26 18:00:00,0.0,808.62,10241.6,24.37,62.3,5.07,18,4,0
2024-01-26 19:00:00,0.0,602.22,10066.43,24.36,68.6,4.79,19,4,0
2024-01-26 20:00:00,0.0,550.59,10424.51,23.24,73.0,4.28,20,4,0
2024-01-26 21:00:00,0.0,910.81,10037.1,24.66,78.9,5.25,21,4,0
2024-01-26 22:00:00,0.0,597.83,10547.81,26.05,68.2,4.45,22,4,0
2024-01-26 23:00:00,0.0,600.96,9860.03,24.93,72.6,4.31,23,4,0
2024-01-27 00:00:00,0.0,553.8,8690.68,24.67,73.9,4.42,0,5,1
2024-01-27 01:00:00,0.0,484.4,9014.57,21.42,81.9,4.55,1,5,1
2024-01-27 02:00:00,0.0,711.37,8763.95,20.07,77.1,4.25,2,5,1
2024-01-27 03:00:00,0.0,404.72,8769.42,20.33,74.1,3.38,3,5,1
2024-01-27 04:00:00,0.0,469.64,8637.88,19.82,80.1,4.09,4,5,1
2024-01-27 05:00:00,0.0,384.04,8750.32,20.45,76.1,3.0,5,5,1
2024-01-27 06:00:00,0.0,289.03,8764.46,16.63,72.3,2.44,6,5,1
2024-01-27 07:00:00,0.0,159.36,9237.18,20.19,72.9,1.63,7,5,1
2024-01-27 08:00:00,0.0,508.78,9279.06,18.06,82.3,3.5,8,5,1
2024-01-27 09:00:00,0.0,223.35,8990.11,17.84,75.7,2.68,9,5,1
2024-01-27 10:00:00,1716.19,344.91,8886.46,17.44,73.3,2.88,10,5,1
2024-01-27 11:00:00,2999.06,435.49,8633.17,17.15,70.6,3.65,11,5,1
2024-01-27 12:00:00,3184.1,256.87,8886.92,20.74,71.6,2.59,12,5,1
2024-01-27 13:00:00,2760.74,274.01,9113.45,20.57,70.5,2.07,13,5,1
2024-01-27 14:00:00,1717.74,449.45,8640.42,19.71,69.7,3.47,14,5,1
2024-01-27 15:00:00,0.0,562.9,8732.24,20.48,68.5,3.92,15,5,1
2024-01-27 16:00:00,0.0,430.39,8941.27,22.35,71.4,3.72,16,5,1
2024-01-27 17:00:00,0.0,988.51,8955.42,25.38,68.2,5.35,17,5,1
2024-01-27 18:00:00,0.0,240.0,9197.07,23.54,64.7,2.39,18,5,1
2024-01-27 19:00:00,0.0,819.65,9486.83,22.35,66.9,5.44,19,5,1
2024-01-27 20:00:00,0.0,961.69,9212.13,23.96,62.5,5.27,20,5,1
2024-01-27 21:00:00,0.0,539.55,9510.82,23.82,79.7,5.04,21,5,1
2024-01-27 22:00:00,0.0,169.36,9366.24,20.62,76.4,1.97,22,5,1
2024-01-27 23:00:00,0.0,1077.57,9006.55,23.31,70.9,5.57,23,5,1
2024-01-28 00:00:00,0.0,538.15,8898.5,22.54,74.2,3.53,0,6,1
2024-01-28 01:00:00,0.0,527.56,8932.84,22.93,73.8,3.73,1,6,1
2024-01-28 02:00:00,0.0,455.76,8939.22,23.54,83.3,3.76,2,6,1
2024-01-28 03:00:00,0.0,499.2,8991.37,21.89,72.0,3.97,3,6,1
2024-01-28 04:00:00,0.0,413.98,8850.06,19.5,78.3,3.89,4,6,1
2024-01-28 05:00:00,0.0,457.0,8746.01,17.87,77.2,3.85,5,6,1
2024-01-28 06:00:00,0.0,413.78,8844.53,21.81,80.4,3.59,6,6,1
2024-01-28 07:00:00,0.0,246.02,9058.9,18.49,75.9,2.98,7,6,1
2024-01-28 08:00:00,0.0,333.09,9066.75,18.33,68.3,3.01,8,6,1
2024-01-28 09:00:00,0.0,198.91,9337.57,18.39,73.1,1.77,9,6,1
2024-01-28 10:00:00,1457.31,252.29,8928.73,18.96,68.9,2.07,10,6,1
2024-01-28 11:00:00,2465.39,418.85,8923.21,19.02,71.8,3.49,11,6,1
2024-01-28 12:00:00,3399.32,524.95,8982.72,19.13,76.0,3.6,12,6,1
2024-01-28 13:00:00,2380.36,417.84,8928.1,19.89,62.3,3.72,13,6,1
2024-01-28 14:00:00,1390.1,319.08,9078.05,21.28,65.3,2.97,14,6,1
2024-01-28 15:00:00,0.0,597.89,8602.64,21.44,65.8,4.37,15,6,1
2024-01-28 16:00:00,0.0,278.05,8734.29,21.96,66.3,2.97,16,6,1
2024-01-28 17:00:00,0.0,661.77,8769.92,23.57,70.9,5.0,17,6,1
2024-01-28 18:00:00,0.0,587.01,9144.91,23.61,67.8,4.14,18,6,1
2024-01-28 19:00:00,0.0,853.27,9323.55,26.02,70.9,5.85,19,6,1
2024-01-28 20:00:00,0.0,494.33,9329.19,21.14,67.8,3.39,20,6,1
2024-01-28 21:00:00,0.0,1010.89,9547.04,25.53,72.4,6.05,21,6,1
2024-01-28 22:00:00,0.0,449.03,9418.45,25.41,75.9,4.32,22,6,1
2024-01-28 23:00:00,0.0,536.53,8793.1,20.95,71.2,4.2,23,6,1
2024-01-29 00:00:00,0.0,686.33,9845.32,22.47,78.3,4.47,0,0,0
2024-01-29 01:00:00,0.0,460.4,9566.76,21.71,76.4,3.55,1,0,0
2024-01-29 02:00:00,0.0,575.0,9803.07,19.69,81.2,3.81,2,0,0
2024-01-29 03:00:00,0.0,394.51,9796.65,19.67,76.7,3.02,3,0,0
2024-01-29 04:00:00,0.0,232.15,9677.75,18.55,79.2,2.79,4,0,0
2024-01-29 05:00:00,0.0,321.53,9761.86,21.36,77.4,3.5,5,0,0
2024-01-29 06:00:00,0.0,262.44,9702.9,19.91,76.6,2.18,6,0,0
2024-01-29 07:00:00,0.0,199.68,9989.09,20.01,77.3,2.13,7,0,0
2024-01-29 08:00:00,0.0,190.94,10181.94,19.25,77.3,1.54,8,0,0
2024-01-29 09:00:00,0.0,285.12,10225.07,17.13,69.0,2.2,9,0,0
2024-01-29 10:00:00,1586.17,468.28,9847.2,18.16,78.4,3.69,10,0,0
2024-01-29 11:00:00,2646.0,217.49,9733.43,19.85,64.0,2.06,11,0,0
2024-01-29 12:00:00,2569.35,277.14,9706.49,18.42,67.5,2.31,12,0,0
2024-01-29 13:00:00,2899.37,299.47,9737.16,21.46,68.8,3.26,13,0,0
2024-01-29 14:00:00,1593.65,393.88,9759.6,21.1,70.0,3.05,14,0,0
2024-01-29 15:00:00,0.0,885.47,9681.35,21.71,74.2,5.39,15,0,0
2024-01-29 16:00:00,0.0,460.45,9912.46,23.74,60.3,3.74,16,0,0
2024-01-29 17:00:00,0.0,499.11,9761.73,24.04,65.8,4.37,17,0,0
2024-01-29 18:00:00,0.0,847.73,10381.79,23.55,59.9,5.07,18,0,0
2024-01-29 19:00:00,0.0,757.37,10122.01,25.67,69.3,5.21,19,0,0
2024-01-29 20:00:00,0.0,484.48,10207.4,23.09,71.3,4.76,20,0,0
2024-01-29 21:00:00,0.0,742.6,10393.13,25.02,77.8,4.48,21,0,0
2024-01-29 22:00:00,0.0,1133.61,10394.83,24.69,73.2,6.19,22,0,0
2024-01-29 23:00:00,0.0,606.57,9641.7,23.13,78.2,4.39,23,0,0
2024-01-30 00:00:00,0.0,471.94,9822.37,23.34,77.4,3.93,0,1,0
2024-01-30 01:00:00,0.0,541.55,9825.52,20.73,74.4,3.56,1,1,0
2024-01-30 02:00:00,0.0,314.85,9701.01,22.56,71.3,2.45,2,1,0
2024-01-30 03:00:00,0.0,557.55,9828.84,20.45,78.5,4.23,3,1,0
2024-01-30 04:00:00,0.0,189.16,9596.35,19.32,71.6,1.44,4,1,0
2024-01-30 05:00:00,0.0,305.74,9674.77,20.59,82.6,3.07,5,1,0
2024-01-30 06:00:00,0.0,247.35,9857.87,18.01,76.3,2.7,6,1,0
2024-01-30 07:00:00,0.0,519.94,10104.54,16.86,80.9,4.5,7,1,0
2024-01-30 08:00:00,0.0,132.9,10110.77,16.58,73.2,1.14,8,1,0
2024-01-30 09:00:00,0.0,238.02,10079.99,19.28,75.0,1.85,9,1,0
2024-01-30 10:00:00,1794.71,218.23,9850.43,17.32,73.4,2.5,10,1,0
2024-01-30 11:00:00,2684.62,328.97,9856.21,21.43,71.1,2.55,11,1,0
2024-01-30 12:00:00,2922.86,272.39,9880.98,17.45,68.4,2.43,12,1,0
2024-01-30 13:00:00,2824.05,319.28,9801.08,22.71,70.6,3.01,13,1,0
2024-01-30 14:00:00,1777.98,225.22,9739.39,21.7,64.5,2.31,14,1,0
2024-01-30 15:00:00,0.0,481.31,9719.16,22.11,62.9,3.86,15,1,0
2024-01-30 16:00:00,0.0,196.37,9659.18,22.3,72.6,1.97,16,1,0
2024-01-30 17:00:00,0.0,490.91,9737.67,24.05,70.7,4.05,17,1,0
2024-01-30 18:00:00,0.0,532.67,10217.23,24.0,68.5,3.8,18,1,0
2024-01-30 19:00:00,0.0,818.17,10482.19,25.67,75.7,5.25,19,1,0
2024-01-30 20:00:00,0.0,1055.32,10164.37,24.59,69.0,5.94,20,1,0
2024-01-30 21:00:00,0.0,632.3,10414.48,24.53,76.6,4.31,21,1,0
2024-01-30 22:00:00,0.0,1011.56,10257.87,23.61,73.3,5.65,22,1,0
2024-01-30 23:00:00,0.0,444.09,9761.22,23.5,69.8,4.19,23,1,0
2024-01-31 00:00:00,0.0,531.5,9834.14,23.39,82.4,3.47,0,2,0
2024-01-31 01:00:00,0.0,793.48,9615.78,20.24,80.0,5.44,1,2,0
2024-01-31 02:00:00,0.0,612.08,9690.0,19.9,76.3,4.21,2,2,0
2024-01-31 03:00:00,0.0,467.18,9637.06,21.63,80.2,3.54,3,2,0
2024-01-31 04:00:00,0.0,490.67,9740.37,20.22,75.9,3.83,4,2,0
2024-01-31 05:00:00,0.0,489.41,9676.9,19.18,80.6,3.26,5,2,0
2024-01-31 06:00:00,0.0,259.72,9944.06,18.94,67.2,2.78,6,2,0
2024-01-31 07:00:00,0.0,178.75,10031.0,19.04,71.9,1.61,7,2,0
2024-01-31 08:00:00,0.0,203.64,9815.58,17.87,78.9,2.36,8,2,0
2024-01-31 09:00:00,0.0,281.85,10060.87,17.69,72.8,3.04,9,2,0
2024-01-31 10:00:00,1736.64,308.89,9882.89,19.16,73.3,2.48,10,2,0
2024-01-31 11:00:00,2384.49,283.84,9981.63,18.22,65.8,3.4,11,2,0
2024-01-31 12:00:00,3563.63,443.9,9758.46,20.51,77.4,3.14,12,2,0
2024-01-31 13:00:00,2949.45,278.76,9723.97,18.7,73.7,2.34,13,2,0
2024-01-31 14:00:00,1710.63,237.93,9784.27,22.75,67.3,2.23,14,2,0
2024-01-31 15:00:00,0.0,362.18,9835.81,22.86,66.0,3.41,15,2,0
2024-01-31 16:00:00,0.0,310.0,9650.53,23.33,71.6,3.38,16,2,0
2024-01-31 17:00:00,0.0,701.24,9756.67,24.82,75.6,4.31,17,2,0
2024-01-31 18:00:00,0.0,500.14,10284.06,26.11,72.0,3.67,18,2,0
2024-01-31 19:00:00,0.0,439.72,10295.5,25.63,77.6,3.91,19,2,0
2024-01-31 20:00:00,0.0,586.41,10272.65,22.31,66.3,5.35,20,2,0
2024-01-31 21:00:00,0.0,568.08,10177.71,22.88,67.9,4.66,21,2,0
2024-01-31 22:00:00,0.0,400.7,10330.65,23.37,67.7,3.94,22,2,0
2024-01-31 23:00:00,0.0,682.06,9780.65,23.67,75.5,4.42,23,2,0
2024-02-01 00:00:00,0.0,878.01,9780.36,23.71,75.6,5.32,0,3,0
2024-02-01 01:00:00,0.0,547.65,9656.1,21.49,75.3,4.24,1,3,0
2024-02-01 02:00:00,0.0,672.67,9862.82,21.81,79.9,4.24,2,3,0
2024-02-01 03:00:00,0.0,265.91,9672.25,19.9,82.1,2.9,3,3,0
2024-02-01 04:00:00,0.0,501.32,9979.97,19.35,71.3,4.07,4,3,0
2024-02-01 05:00:00,0.0,759.21,9644.49,17.78,74.8,4.86,5,3,0
2024-02-01 06:00:00,0.0,179.09,9877.47,17.88,80.0,2.17,6,3,0
2024-02-01 07:00:00,0.0,179.68,9872.02,17.07,74.0,1.69,7,3,0
2024-02-01 08:00:00,0.0,311.35,9830.0,17.42,71.7,2.68,8,3,0
2024-02-01 09:00:00,0.0,342.3,10034.43,19.95,77.7,3.21,9,3,0
2024-02-01 10:00:00,1375.68,270.15,9514.84,17.85,67.2,2.47,10,3,0
2024-02-01 11:00:00,3031.23,216.99,9873.57,22.63,69.9,1.8,11,3,0
2024-02-01 12:00:00,2689.3,279.12,9783.38,20.68,71.2,2.71,12,3,0
2024-02-01 13:00:00,2833.64,317.45,9954.12,21.03,66.5,3.48,13,3,0
2024-02-01 14:00:00,1426.62,260.11,9765.94,20.56,71.2,2.92,14,3,0
2024-02-01 15:00:00,0.0,509.04,9815.18,23.2,65.2,3.99,15,3,0
2024-02-01 16:00:00,0.0,518.67,9753.82,22.4,73.0,4.7,16,3,0
2024-02-01 17:00:00,0.0,664.47,9681.13,23.86,67.0,4.2,17,3,0
2024-02-01 18:00:00,0.0,644.48,10241.19,27.26,70.7,4.19,18,3,0
2024-02-01 19:00:00,0.0,651.33,10145.53,24.37,71.8,5.04,19,3,0
2024-02-01 20:00:00,0.0,555.85,10336.49,25.97,67.3,3.79,20,3,0
2024-02-01 21:00:00,0.0,465.49,10253.06,23.64,62.8,3.74,21,3,0
2024-02-01 22:00:00,0.0,441.39,10277.97,24.14,73.8,4.26,22,3,0
2024-02-01 23:00:00,0.0,532.79,10124.85,25.83,73.9,3.98,23,3,0
2024-02-02 00:00:00,0.0,467.61,9737.63,22.41,77.0,3.54,0,4,0
2024-02-02 01:00:00,0.0,607.92,9823.65,24.61,74.9,5.44,1,4,0
2024-02-02 02:00:00,0.0,723.22,9779.5,22.51,74.8,5.47,2,4,0
2024-02-02 03:00:00,0.0,261.24,9924.91,20.21,85.1,3.19,3,4,0
2024-02-02 04:00:00,0.0,342.04,9814.61,20.92,71.3,3.29,4,4,0
2024-02-02 05:00:00,0.0,286.09,9753.43,20.7,80.0,2.82,5,4,0
2024-02-02 06:00:00,0.0,475.03,10061.1,19.81,74.3,3.65,6,4,0
2024-02-02 07:00:00,0.0,363.12,9997.84,16.88,74.4,3.65,7,4,0
2024-02-02 08:00:00,0.0,106.5,10077.74,17.79,73.5,1.08,8,4,0
2024-02-02 09:00:00,0.0,285.93,10210.98,18.46,70.3,2.85,9,4,0
2024-02-02 10:00:00,1484.26,208.64,9687.82,18.97,74.5,1.46,10,4,0
2024-02-02 11:00:00,2761.23,474.82,9877.87,20.28,76.5,4.01,11,4,0
2024-02-02 12:00:00,3193.77,340.3,9728.46,20.37,71.6,3.12,12,4,0
2024-02-02 13:00:00,2178.77,250.53,9906.39,19.28,69.1,2.31,13,4,0
2024-02-02 14:00:00,1754.34,394.87,9903.24,22.11,64.0,3.02,14,4,0
2024-02-02 15:00:00,0.0,371.47,9775.19,23.17,69.5,3.24,15,4,0
2024-02-02 16:00:00,0.0,403.31,9665.94,23.83,75.9,4.15,16,4,0
2024-02-02 17:00:00,0.0,549.95,9739.02,25.08,65.9,4.81,17,4,0
2024-02-02 18:00:00,0.0,309.34,10288.22,25.26,66.4,3.26,18,4,0
2024-02-02 19:00:00,0.0,894.74,10396.59,25.11,66.5,5.81,19,4,0
2024-02-02 20:00:00,0.0,629.19,10328.47,24.57,67.8,5.72,20,4,0
2024-02-02 21:00:00,0.0,403.0,10354.55,22.56,60.0,3.77,21,4,0
2024-02-02 22:00:00,0.0,637.77,10331.92,24.77,73.9,4.5,22,4,0
2024-02-02 23:00:00,0.0,793.17,9887.55,24.03,70.1,5.71,23,4,0
2024-02-03 00:00:00,0.0,824.56,8829.95,23.56,68.2,5.13,0,5,1
2024-02-03 01:00:00,0.0,416.16,8873.79,20.97,78.7,3.67,1,5,1
2024-02-03 02:00:00,0.0,730.43,8857.41,20.43,72.1,4.35,2,5,1
2024-02-03 03:00:00,0.0,1143.33,8801.45,22.22,75.6,5.84,3,5,1
2024-02-03 04:00:00,0.0,445.73,8975.4,20.18,83.0,3.26,4,5,1
2024-02-03 05:00:00,0.0,340.51,8972.88,20.43,71.3,2.43,5,5,1
2024-02-03 06:00:00,0.0,267.22,8998.69,19.17,70.3,2.87,6,5,1
2024-02-03 07:00:00,0.0,356.01,9047.36,18.87,76.7,2.77,7,5,1
2024-02-03 08:00:00,0.0,203.96,9181.1,19.86,79.2,2.05,8,5,1
2024-02-03 09:00:00,0.0,354.28,9270.08,18.21,67.1,2.79,9,5,1
2024-02-03 10:00:00,1387.22,162.85,9034.35,19.25,73.7,1.47,10,5,1
2024-02-03 11:00:00,2621.6,198.76,8672.96,19.05,73.1,2.04,11,5,1
2024-02-03 12:00:00,3288.04,496.69,8853.65,19.71,61.4,3.34,12,5,1
2024-02-03 13:00:00,2596.07,150.57,8831.29,20.58,71.8,1.54,13,5,1
2024-02-03 14:00:00,1319.32,558.48,9044.9,22.0,71.3,3.9,14,5,1
2024-02-03 15:00:00,0.0,228.0,8588.88,21.93,66.0,1.83,15,5,1
2024-02-03 16:00:00,0.0,225.68,8728.32,24.74,72.1,2.31,16,5,1
2024-02-03 17:00:00,0.0,412.6,9025.96,22.78,71.8,3.54,17,5,1
2024-02-03 18:00:00,0.0,454.83,9253.63,24.1,68.2,4.38,18,5,1
2024-02-03 19:00:00,0.0,984.42,9153.82,24.1,66.8,5.37,19,5,1
2024-02-03 20:00:00,0.0,752.2,9491.44,26.47,65.7,4.45,20,5,1
2024-02-03 21:00:00,0.0,623.21,9138.18,24.86,70.7,4.24,21,5,1
2024-02-03 22:00:00,0.0,816.96,9432.64,25.57,74.4,4.87,22,5,1
2024-02-03 23:00:00,0.0,327.84,8666.77,22.07,72.1,3.61,23,5,1
2024-02-04 00:00:00,0.0,509.02,8680.9,23.62,65.7,4.23,0,6,1
2024-02-04 01:00:00,0.0,300.96,8878.02,23.65,80.6,2.95,1,6,1
2024-02-04 02:00:00,0.0,472.24,8752.2,21.9,77.1,3.73,2,6,1
2024-02-04 03:00:00,0.0,313.27,8886.68,22.31,75.3,3.3,3,6,1
2024-02-04 04:00:00,0.0,287.17,9070.25,19.68,80.4,2.5,4,6,1
2024-02-04 05:00:00,0.0,378.24,8835.4,21.37,82.9,3.04,5,6,1
2024-02-04 06:00:00,0.0,249.28,9049.33,21.96,65.1,2.83,6,6,1
2024-02-04 07:00:00,0.0,323.7,9177.92,18.47,77.3,3.48,7,6,1
2024-02-04 08:00:00,0.0,110.97,9253.7,18.27,68.8,1.16,8,6,1
2024-02-04 09:00:00,0.0,299.46,8856.61,20.65,75.3,2.35,9,6,1
2024-02-04 10:00:00,1593.95,186.2,8930.36,21.1,72.5,1.83,10,6,1
2024-02-04 11:00:00,2963.92,315.17,8911.93,19.05,73.2,3.24,11,6,1
2024-02-04 12:00:00,2589.83,447.95,8810.79,19.8,67.5,3.3,12,6,1
2024-02-04 13:00:00,2416.47,305.4,9081.46,20.69,61.0,3.31,13,6,1
2024-02-04 14:00:00,1316.13,274.15,8794.81,20.19,65.9,2.58,14,6,1
2024-02-04 15:00:00,0.0,598.76,8660.94,21.48,68.8,4.11,15,6,1
2024-02-04 16:00:00,0.0,281.57,8947.83,22.1,71.1,2.44,16,6,1
2024-02-04 17:00:00,0.0,288.08,8683.16,23.0,62.5,2.52,17,6,1
2024-02-04 18:00:00,0.0,282.56,9319.19,24.36,71.8,3.09,18,6,1
2024-02-04 19:00:00,0.0,446.92,9470.78,24.98,65.9,4.25,19,6,1
2024-02-04 20:00:00,0.0,719.67,9369.82,26.66,70.9,4.91,20,6,1
2024-02-04 21:00:00,0.0,162.57,9280.31,23.5,68.7,2.03,21,6,1
2024-02-04 22:00:00,0.0,976.94,9267.86,25.58,72.7,5.43,22,6,1
2024-02-04 23:00:00,0.0,525.11,9005.84,23.67,76.9,4.38,23,6,1
2024-02-05 00:00:00,0.0,302.46,9639.61,23.32,69.5,2.83,0,0,0
2024-02-05 01:00:00,0.0,423.62,9879.01,23.46,72.7,3.95,1,0,0
2024-02-05 02:00:00,0.0,735.36,10049.23,20.53,76.9,4.51,2,0,0
2024-02-05 03:00:00,0.0,515.71,9851.21,21.56,86.3,3.85,3,0,0
2024-02-05 04:00:00,0.0,486.32,9757.44,20.58,73.4,3.99,4,0,0
2024-02-05 05:00:00,0.0,212.35,9766.79,20.35,84.9,1.78,5,0,0
2024-02-05 06:00:00,0.0,240.31,9728.35,19.63,84.2,2.34,6,0,0
2024-02-05 07:00:00,0.0,197.23,10022.87,21.93,75.0,1.77,7,0,0
2024-02-05 08:00:00,0.0,424.7,10115.13,18.11,73.2,3.78,8,0,0
2024-02-05 09:00:00,0.0,308.93,10182.54,18.34,70.4,2.89,9,0,0
2024-02-05 10:00:00,1630.14,569.71,9979.29,18.53,71.6,4.69,10,0,0
2024-02-05 11:00:00,2815.48,177.36,9551.22,19.09,64.9,2.13,11,0,0
2024-02-05 12:00:00,2734.92,168.79,9493.31,19.61,69.1,2.09,12,0,0
2024-02-05 13:00:00,2214.89,249.71,9981.61,22.53,74.3,2.76,13,0,0
2024-02-05 14:00:00,1665.58,464.84,9792.86,23.58,65.1,4.22,14,0,0
2024-02-05 15:00:00,0.0,433.38,9799.14,21.97,66.1,3.08,15,0,0
2024-02-05 16:00:00,0.0,484.62,9846.16,22.38,60.1,3.73,16,0,0
2024-02-05 17:00:00,0.0,626.9,9763.58,24.56,68.5,3.95,17,0,0
2024-02-05 18:00:00,0.0,474.03,10527.02,23.81,68.6,4.11,18,0,0
2024-02-05 19:00:00,0.0,426.95,10349.02,25.53,68.6,3.72,19,0,0
2024-02-05 20:00:00,0.0,616.93,10236.29,25.12,68.5,4.23,20,0,0
2024-02-05 21:00:00,0.0,571.34,10247.02,22.96,69.4,4.23,21,0,0
2024-02-05 22:00:00,0.0,575.12,10272.78,26.33,73.9,4.33,22,0,0
2024-02-05 23:00:00,0.0,735.09,9692.75,26.15,73.0,4.99,23,0,0
2024-02-06 00:00:00,0.0,849.6,9988.74,22.72,75.5,5.46,0,1,0
2024-02-06 01:00:00,0.0,422.62,9800.88,22.26,76.1,3.17,1,1,0
2024-02-06 02:00:00,0.0,421.36,9645.54,22.3,80.6,3.29,2,1,0
2024-02-06 03:00:00,0.0,379.12,9834.62,21.58,79.3,2.68,3,1,0
2024-02-06 04:00:00,0.0,473.04,9958.69,21.24,77.5,3.23,4,1,0
2024-02-06 05:00:00,0.0,254.17,9913.3,22.24,82.6,2.41,5,1,0
2024-02-06 06:00:00,0.0,231.2,9694.82,19.14,77.8,2.83,6,1,0
2024-02-06 07:00:00,0.0,280.85,9967.91,18.1,80.5,3.36,7,1,0
2024-02-06 08:00:00,0.0,81.49,10272.28,17.3,76.7,0.35,8,1,0
2024-02-06 09:00:00,0.0,228.79,9906.08,18.18,65.7,2.73,9,1,0
2024-02-06 10:00:00,1438.81,207.22,9830.51,19.32,77.0,2.01,10,1,0
2024-02-06 11:00:00,2594.77,235.38,9717.78,21.99,71.0,2.84,11,1,0
2024-02-06 12:00:00,2650.24,230.99,9943.64,19.83,69.0,1.92,12,1,0
2024-02-06 13:00:00,2496.76,381.9,9659.43,21.45,69.3,3.8,13,1,0
2024-02-06 14:00:00,1437.26,472.62,9690.42,21.93,66.0,3.81,14,1,0
2024-02-06 15:00:00,0.0,357.97,9860.04,24.16,67.8,3.8,15,1,0
2024-02-06 16:00:00,0.0,651.62,9881.46,26.49,64.4,4.23,16,1,0
2024-02-06 17:00:00,0.0,437.79,9949.15,23.44,72.0,3.24,17,1,0
2024-02-06 18:00:00,0.0,396.25,10346.75,23.96,67.0,3.55,18,1,0
2024-02-06 19:00:00,0.0,825.32,10331.94,26.1,66.7,4.81,19,1,0
2024-02-06 20:00:00,0.0,365.18,10415.89,25.77,65.5,3.69,20,1,0
2024-02-06 21:00:00,0.0,969.92,10125.53,27.07,71.5,5.5,21,1,0
2024-02-06 22:00:00,0.0,525.98,10184.44,25.25,72.5,4.05,22,1,0
2024-02-06 23:00:00,0.0,560.15,9631.58,23.64,74.6,4.61,23,1,0
2024-02-07 00:00:00,0.0,653.52,9463.72,24.24,70.0,5.7,0,2,0
2024-02-07 01:00:00,0.0,303.21,9887.06,24.14,68.7,3.24,1,2,0
2024-02-07 02:00:00,0.0,529.3,9957.56,23.01,78.4,3.62,2,2,0
2024-02-07 03:00:00,0.0,564.35,9852.72,21.86,82.4,4.15,3,2,0
2024-02-07 04:00:00,0.0,396.27,9831.61,21.81,72.5,3.81,4,2,0
2024-02-07 05:00:00,0.0,282.11,9796.2,21.31,82.8,2.55,5,2,0
2024-02-07 06:00:00,0.0,186.36,9792.62,21.09,77.1,2.19,6,2,0
2024-02-07 07:00:00,0.0,190.79,10304.43,19.91,75.1,2.26,7,2,0
2024-02-07 08:00:00,0.0,516.34,10286.9,18.83,72.5,3.5,8,2,0
2024-02-07 09:00:00,0.0,226.15,10030.8,19.31,67.4,2.09,9,2,0
2024-02-07 10:00:00,1485.12,244.71,9919.06,20.88,75.6,2.41,10,2,0
2024-02-07 11:00:00,2534.59,294.44,9933.53,18.93,67.2,2.1,11,2,0
2024-02-07 12:00:00,2518.22,343.77,9864.05,20.97,66.0,3.17,12,2,0
2024-02-07 13:00:00,2248.03,299.55,9832.51,20.78,72.0,2.93,13,2,0
2024-02-07 14:00:00,1495.77,215.44,9828.39,22.06,59.8,2.25,14,2,0
2024-02-07 15:00:00,0.0,291.14,9608.16,24.34,60.7,2.53,15,2,0
2024-02-07 16:00:00,0.0,227.54,9597.52,23.76,66.5,1.97,16,2,0
2024-02-07 17:00:00,0.0,258.33,9879.99,24.21,68.0,3.14,17,2,0
2024-02-07 18:00:00,0.0,688.07,10157.95,23.0,69.2,4.65,18,2,0
2024-02-07 19:00:00,0.0,885.62,10123.29,25.82,66.9,5.23,19,2,0
2024-02-07 20:00:00,0.0,712.4,10040.94,25.8,79.2,4.82,20,2,0
2024-02-07 21:00:00,0.0,793.82,10232.92,27.52,69.4,4.75,21,2,0
2024-02-07 22:00:00,0.0,464.44,10334.92,24.26,70.7,4.17,22,2,0
2024-02-07 23:00:00,0.0,540.81,9840.59,24.41,69.7,4.79,23,2,0
2024-02-08 00:00:00,0.0,605.4,9888.07,23.91,74.5,4.21,0,3,0
2024-02-08 01:00:00,0.0,616.64,9739.02,24.78,77.5,5.22,1,3,0
2024-02-08 02:00:00,0.0,311.39,9798.87,21.99,80.6,3.46,2,3,0
2024-02-08 03:00:00,0.0,434.59,9887.5,21.67,70.4,4.35,3,3,0
2024-02-08 04:00:00,0.0,524.68,9841.68,21.34,75.5,3.72,4,3,0
2024-02-08 05:00:00,0.0,284.94,9715.82,20.21,78.1,3.36,5,3,0
2024-02-08 06:00:00,0.0,122.01,9821.96,18.97,78.2,0.96,6,3,0
2024-02-08 07:00:00,0.0,283.47,9862.89,19.44,75.0,3.15,7,3,0
2024-02-08 08:00:00,0.0,281.0,10101.01,20.4,76.2,2.21,8,3,0
2024-02-08 09:00:00,0.0,215.62,10026.79,17.98,69.5,1.92,9,3,0
2024-02-08 10:00:00,1563.41,123.95,9968.23,19.67,77.7,1.12,10,3,0
2024-02-08 11:00:00,2223.5,305.64,9668.73,19.15,74.2,2.41,11,3,0
2024-02-08 12:00:00,2748.76,331.39,9800.0,22.04,63.6,2.6,12,3,0
2024-02-08 13:00:00,2711.23,200.41,9734.54,19.5,63.7,1.73,13,3,0
2024-02-08 14:00:00,1653.83,180.29,9719.01,21.44,63.0,1.84,14,3,0
2024-02-08 15:00:00,0.0,467.18,9831.28,23.34,69.4,3.67,15,3,0
2024-02-08 16:00:00,0.0,685.62,9735.82,25.49,61.3,4.23,16,3,0
2024-02-08 17:00:00,0.0,360.88,10008.24,24.15,65.3,3.93,17,3,0
2024-02-08 18:00:00,0.0,590.38,10053.05,24.04,69.0,4.9,18,3,0
2024-02-08 19:00:00,0.0,450.64,10365.74,27.26,67.7,4.07,19,3,0
2024-02-08 20:00:00,0.0,582.43,10279.82,23.37,70.0,4.2,20,3,0
2024-02-08 21:00:00,0.0,460.57,10283.96,22.37,65.9,3.54,21,3,0
2024-02-08 22:00:00,0.0,281.05,10326.25,25.23,73.9,2.99,22,3,0
2024-02-08 23:00:00,0.0,707.02,9905.73,23.63,70.3,5.63,23,3,0
2024-02-09 00:00:00,0.0,845.67,9817.81,22.46,72.6,4.86,0,4,0
2024-02-09 01:00:00,0.0,336.64,9906.16,23.81,75.8,2.63,1,4,0
2024-02-09 02:00:00,0.0,549.72,9791.57,22.48,76.1,3.63,2,4,0
2024-02-09 03:00:00,0.0,434.61,9661.91,20.73,76.3,3.16,3,4,0
2024-02-09 04:00:00,0.0,292.36,9775.3,19.15,73.4,2.77,4,4,0
2024-02-09 05:00:00,0.0,208.04,9924.35,21.11,75.0,2.42,5,4,0
2024-02-09 06:00:00,0.0,343.73,9736.72,20.37,75.7,2.84,6,4,0
2024-02-09 07:00:00,0.0,315.27,9971.06,19.17,69.4,3.03,7,4,0
2024-02-09 08:00:00,0.0,276.18,10175.33,21.4,72.0,2.6,8,4,0
2024-02-09 09:00:00,0.0,227.68,10141.39,18.01,74.2,2.15,9,4,0
2024-02-09 10:00:00,1260.49,299.19,9693.5,17.76,66.2,2.15,10,4,0
2024-02-09 11:00:00,2645.34,268.43,9758.03,19.24,74.7,3.13,11,4,0
2024-02-09 12:00:00,2459.86,269.41,9764.2,20.63,73.9,2.91,12,4,0
2024-02-09 13:00:00,2673.61,334.07,9786.77,21.7,62.8,2.8,13,4,0
2024-02-09 14:00:00,1566.52,411.35,9863.59,21.9,72.5,2.96,14,4,0
2024-02-09 15:00:00,0.0,522.88,9737.38,23.39,66.0,3.52,15,4,0
2024-02-09 16:00:00,0.0,372.06,9869.79,22.19,68.0,3.13,16,4,0
2024-02-09 17:00:00,0.0,421.02,9721.98,26.04,64.5,4.4,17,4,0
2024-02-09 18:00:00,0.0,325.32,10489.96,24.69,70.7,3.09,18,4,0
2024-02-09 19:00:00,0.0,577.72,10492.54,26.43,69.4,3.78,19,4,0
2024-02-09 20:00:00,0.0,641.37,10187.23,25.6,65.6,4.7,20,4,0
2024-02-09 21:00:00,0.0,443.27,10142.94,25.63,65.4,3.34,21,4,0
2024-02-09 22:00:00,0.0,288.84,10407.38,25.47,65.5,2.95,22,4,0
2024-02-09 23:00:00,0.0,383.98,9816.95,24.85,73.4,4.16,23,4,0
2024-02-10 00:00:00,0.0,297.09,8920.2,24.54,76.0,2.56,0,5,1
2024-02-10 01:00:00,0.0,356.12,8775.43,24.64,77.4,2.67,1,5,1
2024-02-10 02:00:00,0.0,667.08,8838.11,22.5,75.1,4.08,2,5,1
2024-02-10 03:00:00,0.0,419.15,8812.62,22.34,71.4,3.05,3,5,1
2024-02-10 04:00:00,0.0,515.11,8890.5,20.66,73.5,3.98,4,5,1
2024-02-10 05:00:00,0.0,212.27,8704.51,21.87,80.7,1.75,5,5,1
2024-02-10 06:00:00,0.0,319.93,8842.08,18.86,73.6,2.43,6,5,1
2024-02-10 07:00:00,0.0,213.47,8988.31,21.53,75.3,2.67,7,5,1
2024-02-10 08:00:00,0.0,207.01,9077.13,19.22,69.4,1.31,8,5,1
2024-02-10 09:00:00,0.0,353.12,9127.32,17.65,73.9,3.04,9,5,1
2024-02-10 10:00:00,1438.58,375.03,8914.89,19.82,69.4,2.66,10,5,1
2024-02-10 11:00:00,2657.16,168.53,8924.84,19.33,74.1,1.06,11,5,1
2024-02-10 12:00:00,2596.45,218.36,8945.31,21.78,71.8,2.48,12,5,1
2024-02-10 13:00:00,2873.93,276.21,8676.07,20.71,65.7,3.02,13,5,1
2024-02-10 14:00:00,1496.08,250.87,9005.69,21.73,66.4,2.48,14,5,1
2024-02-10 15:00:00,0.0,194.51,8776.62,20.78,64.2,2.03,15,5,1
2024-02-10 16:00:00,0.0,432.01,8785.39,23.22,60.5,3.69,16,5,1
2024-02-10 17:00:00,0.0,863.89,8886.25,21.48,63.0,5.48,17,5,1
2024-02-10 18:00:00,0.0,418.31,9269.56,22.97,67.7,3.61,18,5,1
2024-02-10 19:00:00,0.0,576.35,9353.42,26.08,69.0,5.33,19,5,1
2024-02-10 20:00:00,0.0,549.72,9375.69,26.21,69.3,3.58,20,5,1
2024-02-10 21:00:00,0.0,552.3,9218.42,25.68,68.7,4.39,21,5,1
2024-02-10 22:00:00,0.0,799.46,9287.95,23.71,75.0,4.8,22,5,1
2024-02-10 23:00:00,0.0,386.6,8835.51,24.33,72.8,4.07,23,5,1
2024-02-11 00:00:00,0.0,521.71,8968.99,23.84,76.4,3.65,0,6,1
2024-02-11 01:00:00,0.0,446.05,8798.18,21.74,67.5,4.26,1,6,1
2024-02-11 02:00:00,0.0,768.4,8792.96,24.15,59.7,4.95,2,6,1
2024-02-11 03:00:00,0.0,442.06,8731.41,22.63,77.0,3.42,3,6,1
2024-02-11 04:00:00,0.0,345.05,8744.86,20.58,70.4,2.51,4,6,1
2024-02-11 05:00:00,0.0,250.83,8691.93,20.26,75.1,2.53,5,6,1
2024-02-11 06:00:00,0.0,460.37,8769.63,20.0,74.2,4.49,6,6,1
2024-02-11 07:00:00,0.0,324.92,9330.23,17.0,81.0,2.42,7,6,1
2024-02-11 08:00:00,0.0,178.94,9221.91,19.05,75.2,1.74,8,6,1
2024-02-11 09:00:00,0.0,135.33,9292.28,18.63,73.0,1.27,9,6,1
2024-02-11 10:00:00,1431.42,125.29,8739.98,18.55,74.4,0.75,10,6,1
2024-02-11 11:00:00,2391.98,229.69,8620.27,19.89,71.3,2.61,11,6,1
2024-02-11 12:00:00,2514.08,300.39,8891.97,23.01,66.8,3.0,12,6,1
2024-02-11 13:00:00,2386.9,243.15,9076.43,22.34,71.8,2.36,13,6,1
2024-02-11 14:00:00,1239.58,285.69,8795.76,21.66,62.3,2.91,14,6,1
2024-02-11 15:00:00,0.0,240.32,8866.22,23.81,67.5,2.24,15,6,1
2024-02-11 16:00:00,0.0,395.79,8665.66,25.53,59.9,3.55,16,6,1
2024-02-11 17:00:00,0.0,599.22,8857.38,25.58,67.1,4.07,17,6,1
2024-02-11 18:00:00,0.0,510.92,9295.0,25.02,67.5,3.46,18,6,1
2024-02-11 19:00:00,0.0,608.98,9058.83,24.47,74.3,5.4,19,6,1
2024-02-11 20:00:00,0.0,491.81,9185.52,26.19,62.3,3.48,20,6,1
2024-02-11 21:00:00,0.0,729.5,9175.99,25.72,67.4,4.41,21,6,1
2024-02-11 22:00:00,0.0,742.5,9120.43,26.02,74.4,4.83,22,6,1
2024-02-11 23:00:00,0.0,647.41,8767.02,25.23,73.7,3.99,23,6,1
2024-02-12 00:00:00,0.0,407.62,9847.05,25.19,74.2,3.71,0,0,0
2024-02-12 01:00:00,0.0,332.05,9710.02,22.57,70.7,2.51,1,0,0
2024-02-12 02:00:00,0.0,658.99,9923.82,24.01,72.9,4.49,2,0,0
2024-02-12 03:00:00,0.0,306.96,9742.47,21.89,80.8,3.01,3,0,0
2024-02-12 04:00:00,0.0,434.76,9825.15,23.42,75.7,3.32,4,0,0
2024-02-12 05:00:00,0.0,370.52,9845.7,19.48,77.3,3.19,5,0,0
2024-02-12 06:00:00,0.0,177.37,9970.07,21.92,74.8,1.94,6,0,0
2024-02-12 07:00:00,0.0,190.72,10015.07,19.77,69.8,2.13,7,0,0
2024-02-12 08:00:00,0.0,424.76,10154.08,18.65,77.2,3.25,8,0,0
2024-02-12 09:00:00,0.0,179.79,9987.4,18.95,74.3,1.26,9,0,0
2024-02-12 10:00:00,1654.5,491.7,9992.65,19.45,80.2,3.89,10,0,0
2024-02-12 11:00:00,2332.65,194.39,9661.24,20.82,65.6,1.69,11,0,0
2024-02-12 12:00:00,2737.42,144.74,9832.04,21.56,71.7,1.5,12,0,0
2024-02-12 13:00:00,2269.92,296.08,9973.14,20.97,62.2,2.76,13,0,0
2024-02-12 14:00:00,1328.94,771.28,9642.42,22.4,67.2,4.66,14,0,0
2024-02-12 15:00:00,0.0,227.49,9857.41,25.78,70.0,1.62,15,0,0
2024-02-12 16:00:00,0.0,421.42,9666.87,26.0,57.7,3.3,16,0,0
2024-02-12 17:00:00,0.0,657.21,10065.4,25.08,65.3,4.03,17,0,0
2024-02-12 18:00:00,0.0,592.45,10063.04,25.08,64.4,3.88,18,0,0
2024-02-12 19:00:00,0.0,446.2,10107.92,25.47,64.6,4.32,19,0,0
2024-02-12 20:00:00,0.0,397.86,10155.42,26.17,70.0,3.54,20,0,0
2024-02-12 21:00:00,0.0,348.35,10159.28,24.1,74.1,3.67,21,0,0
2024-02-12 22:00:00,0.0,492.89,10352.5,24.72,70.4,4.0,22,0,0
2024-02-12 23:00:00,0.0,414.74,10001.96,22.55,73.1,3.11,23,0,0
2024-02-13 00:00:00,0.0,371.06,9924.62,24.49,73.8,3.79,0,1,0
2024-02-13 01:00:00,0.0,473.0,9814.07,24.07,74.4,3.31,1,1,0
2024-02-13 02:00:00,0.0,354.99,9787.15,21.94,70.8,3.0,2,1,0
2024-02-13 03:00:00,0.0,455.54,9713.24,23.63,80.1,3.38,3,1,0
2024-02-13 04:00:00,0.0,124.81,9832.93,19.54,77.0,1.4,4,1,0
2024-02-13 05:00:00,0.0,205.38,9760.94,18.64,77.2,2.44,5,1,0
2024-02-13 06:00:00,0.0,593.46,9808.73,20.19,71.9,4.27,6,1,0
2024-02-13 07:00:00,0.0,202.45,10012.09,20.87,72.5,1.38,7,1,0
2024-02-13 08:00:00,0.0,447.66,9956.78,21.54,72.6,3.18,8,1,0
2024-02-13 09:00:00,0.0,265.59,10104.06,19.07,66.0,2.16,9,1,0
2024-02-13 10:00:00,1400.0,158.63,9786.4,21.21,64.1,1.67,10,1,0
2024-02-13 11:00:00,2749.4,127.63,9714.49,20.35,67.1,1.2,11,1,0
2024-02-13 12:00:00,2530.53,341.85,9694.02,20.81,70.4,2.52,12,1,0
2024-02-13 13:00:00,2205.97,358.06,9853.01,22.8,64.7,3.78,13,1,0
2024-02-13 14:00:00,1513.32,313.75,9840.59,23.3,62.4,2.55,14,1,0
2024-02-13 15:00:00,0.0,355.03,10011.19,21.4,62.7,3.05,15,1,0
2024-02-13 16:00:00,0.0,513.71,9951.71,25.79,64.0,4.19,16,1,0
2024-02-13 17:00:00,0.0,466.01,9642.74,26.29,64.6,3.89,17,1,0
2024-02-13 18:00:00,0.0,359.9,10267.1,24.36,75.1,2.57,18,1,0
2024-02-13 19:00:00,0.0,623.32,10126.23,25.89,71.5,4.06,19,1,0
2024-02-13 20:00:00,0.0,936.24,10069.29,26.11,72.4,5.29,20,1,0
2024-02-13 21:00:00,0.0,491.09,10553.46,25.73,74.2,4.09,21,1,0
2024-02-13 22:00:00,0.0,163.25,10467.64,24.45,66.8,1.89,22,1,0
2024-02-13 23:00:00,0.0,723.92,9710.42,23.83,67.2,4.3,23,1,0
2024-02-14 00:00:00,0.0,347.85,9935.21,24.07,68.7,3.64,0,2,0
2024-02-14 01:00:00,0.0,237.12,9953.01,24.78,79.5,2.12,1,2,0
2024-02-14 02:00:00,0.0,192.05,9555.54,23.25,72.8,2.0,2,2,0
2024-02-14 03:00:00,0.0,482.41,9888.07,21.38,70.5,3.87,3,2,0
2024-02-14 04:00:00,0.0,219.16,9727.0,22.03,73.9,2.24,4,2,0
2024-02-14 05:00:00,0.0,258.44,9831.97,17.06,74.5,1.86,5,2,0
2024-02-14 06:00:00,0.0,331.15,10147.18,21.38,76.1,2.35,6,2,0
2024-02-14 07:00:00,0.0,185.61,10291.24,17.61,75.2,1.71,7,2,0
2024-02-14 08:00:00,0.0,181.79,10085.61,19.16,69.9,2.2,8,2,0
2024-02-14 09:00:00,0.0,236.89,10271.6,18.36,74.7,1.93,9,2,0
2024-02-14 10:00:00,1218.07,141.62,9555.35,18.45,68.1,1.16,10,2,0
2024-02-14 11:00:00,2869.71,263.5,9846.43,21.87,68.7,1.81,11,2,0
2024-02-14 12:00:00,3279.51,232.36,9849.3,20.54,70.9,2.74,12,2,0
2024-02-14 13:00:00,2502.78,226.04,9870.68,22.24,64.6,2.62,13,2,0
2024-02-14 14:00:00,1438.5,345.17,9724.98,22.54,64.1,2.76,14,2,0
2024-02-14 15:00:00,0.0,724.48,9831.84,23.95,68.2,4.64,15,2,0
2024-02-14 16:00:00,0.0,481.82,9888.72,24.19,62.2,3.93,16,2,0
2024-02-14 17:00:00,0.0,481.48,9507.24,23.18,64.3,4.27,17,2,0
2024-02-14 18:00:00,0.0,393.37,10252.06,26.39,68.6,3.66,18,2,0
2024-02-14 19:00:00,0.0,476.93,10181.6,24.91,75.3,4.13,19,2,0
2024-02-14 20:00:00,0.0,378.47,10369.46,23.73,70.6,3.71,20,2,0
2024-02-14 21:00:00,0.0,776.23,10455.34,24.98,71.3,4.71,21,2,0
2024-02-14 22:00:00,0.0,370.17,10216.58,27.0,72.8,3.97,22,2,0
2024-02-14 23:00:00,0.0,498.42,9655.36,25.74,67.7,4.13,23,2,0
2024-02-15 00:00:00,0.0,553.3,9800.06,23.77,73.5,3.89,0,3,0
2024-02-15 01:00:00,0.0,299.51,9647.61,23.04,73.9,3.54,1,3,0
2024-02-15 02:00:00,0.0,1048.84,9758.83,22.3,76.1,5.67,2,3,0
2024-02-15 03:00:00,0.0,313.1,9746.17,24.4,75.8,2.52,3,3,0
2024-02-15 04:00:00,0.0,187.05,9855.61,21.64,77.0,2.26,4,3,0
2024-02-15 05:00:00,0.0,439.63,9823.82,21.08,74.1,3.11,5,3,0
2024-02-15 06:00:00,0.0,208.89,9805.37,21.32,75.1,1.87,6,3,0
2024-02-15 07:00:00,0.0,238.63,10297.42,20.07,69.1,1.96,7,3,0
2024-02-15 08:00:00,0.0,192.24,10133.37,19.37,71.7,1.22,8,3,0
2024-02-15 09:00:00,0.0,331.77,10050.86,19.55,77.4,2.45,9,3,0
2024-02-15 10:00:00,1195.64,261.99,9750.58,20.0,71.8,2.5,10,3,0
2024-02-15 11:00:00,2643.53,183.59,9694.28,20.52,69.1,1.94,11,3,0
2024-02-15 12:00:00,3054.72,283.01,9663.76,22.06,75.6,2.92,12,3,0
2024-02-15 13:00:00,2574.23,169.43,9619.28,21.97,61.5,1.07,13,3,0
2024-02-15 14:00:00,1617.21,308.76,9922.11,23.56,61.8,2.23,14,3,0
2024-02-15 15:00:00,0.0,247.05,9699.8,23.36,72.5,2.92,15,3,0
2024-02-15 16:00:00,0.0,187.97,9823.91,24.28,65.7,2.38,16,3,0
2024-02-15 17:00:00,0.0,284.52,9750.02,22.41,64.7,2.16,17,3,0
2024-02-15 18:00:00,0.0,391.7,10286.49,26.38,61.4,3.52,18,3,0
2024-02-15 19:00:00,0.0,517.51,10428.46,26.0,68.8,4.48,19,3,0
2024-02-15 20:00:00,0.0,585.58,10311.2,26.88,70.2,5.05,20,3,0
2024-02-15 21:00:00,0.0,396.8,10179.28,22.11,64.9,3.62,21,3,0
2024-02-15 22:00:00,0.0,795.22,10222.31,27.79,70.0,4.61,22,3,0
2024-02-15 23:00:00,0.0,750.15,9889.19,24.64,70.5,4.43,23,3,0
2024-02-16 00:00:00,0.0,579.72,9843.98,25.6,73.9,4.71,0,4,0
2024-02-16 01:00:00,0.0,480.33,9896.69,22.3,69.4,3.25,1,4,0
2024-02-16 02:00:00,0.0,184.04,9757.38,23.51,79.7,1.85,2,4,0
2024-02-16 03:00:00,0.0,425.92,9618.47,20.73,78.9,3.08,3,4,0
2024-02-16 04:00:00,0.0,181.91,9846.8,20.52,73.9,1.96,4,4,0
2024-02-16 05:00:00,0.0,259.92,9816.34,22.95,74.3,1.95,5,4,0
2024-02-16 06:00:00,0.0,211.02,9819.48,19.95,74.2,2.08,6,4,0
2024-02-16 07:00:00,0.0,174.33,9935.19,20.14,70.8,1.89,7,4,0
2024-02-16 08:00:00,0.0,301.56,10024.17,20.82,71.1,2.17,8,4,0
2024-02-16 09:00:00,0.0,239.27,9988.4,20.47,70.6,2.59,9,4,0
2024-02-16 10:00:00,1329.7,259.54,9833.92,20.35,76.8,1.77,10,4,0
2024-02-16 11:00:00,2626.51,211.29,9838.06,21.09,72.9,2.48,11,4,0
2024-02-16 12:00:00,2503.76,183.21,9780.78,24.16,71.6,2.33,12,4,0
2024-02-16 13:00:00,2231.94,465.23,9902.11,21.93,68.3,3.28,13,4,0
2024-02-16 14:00:00,1619.85,306.14,9964.89,23.01,61.6,2.62,14,4,0
2024-02-16 15:00:00,0.0,320.12,9828.37,24.81,65.4,2.96,15,4,0
2024-02-16 16:00:00,0.0,256.2,9866.53,25.6,69.3,2.99,16,4,0
2024-02-16 17:00:00,0.0,418.13,9721.01,26.32,60.5,3.4,17,4,0
2024-02-16 18:00:00,0.0,334.44,10202.95,26.14,68.6,3.11,18,4,0
2024-02-16 19:00:00,0.0,364.89,10411.17,24.3,76.1,3.19,19,4,0
2024-02-16 20:00:00,0.0,670.31,10185.03,27.73,72.1,4.61,20,4,0
2024-02-16 21:00:00,0.0,393.98,10373.65,24.29,74.7,3.16,21,4,0
2024-02-16 22:00:00,0.0,580.29,10496.34,25.73,71.3,3.74,22,4,0
2024-02-16 23:00:00,0.0,702.19,9864.42,23.99,75.5,4.71,23,4,0
2024-02-17 00:00:00,0.0,365.51,8844.29,24.28,69.9,3.42,0,5,1
2024-02-17 01:00:00,0.0,479.47,8693.16,24.03,77.0,4.16,1,5,1
2024-02-17 02:00:00,0.0,307.34,8873.6,23.25,77.2,2.78,2,5,1
2024-02-17 03:00:00,0.0,205.25,8975.09,22.59,76.2,2.16,3,5,1
2024-02-17 04:00:00,0.0,162.38,8832.52,23.3,80.5,1.46,4,5,1
2024-02-17 05:00:00,0.0,510.05,8976.58,21.28,72.9,3.55,5,5,1
2024-02-17 06:00:00,0.0,204.59,8897.8,19.97,73.8,1.38,6,5,1
2024-02-17 07:00:00,0.0,328.02,9173.96,21.12,74.2,2.73,7,5,1
2024-02-17 08:00:00,0.0,165.37,9100.99,21.29,68.6,1.23,8,5,1
2024-02-17 09:00:00,0.0,333.23,8964.27,18.49,72.4,3.05,9,5,1
2024-02-17 10:00:00,1470.3,504.35,8802.99,20.98,63.4,3.8,10,5,1
2024-02-17 11:00:00,2532.9,151.15,8802.03,21.58,73.1,0.78,11,5,1
2024-02-17 12:00:00,3269.62,196.01,8923.05,21.0,67.9,1.42,12,5,1
2024-02-17 13:00:00,2715.53,260.31,8852.17,23.73,64.6,3.12,13,5,1
2024-02-17 14:00:00,1601.35,411.85,8983.98,22.68,62.6,3.15,14,5,1
2024-02-17 15:00:00,0.0,492.63,8887.76,23.79,64.5,3.62,15,5,1
2024-02-17 16:00:00,0.0,240.03,8793.48,24.15,68.0,2.8,16,5,1
2024-02-17 17:00:00,0.0,576.54,8756.21,25.0,67.6,5.09,17,5,1
2024-02-17 18:00:00,0.0,546.11,9237.6,24.14,63.1,3.8,18,5,1
2024-02-17 19:00:00,0.0,337.38,9329.29,24.03,63.3,2.89,19,5,1
2024-02-17 20:00:00,0.0,547.08,9265.26,27.77,70.4,3.76,20,5,1
2024-02-17 21:00:00,0.0,281.3,9180.83,24.74,66.1,3.03,21,5,1
2024-02-17 22:00:00,0.0,549.76,9430.81,24.27,70.5,5.24,22,5,1
2024-02-17 23:00:00,0.0,313.35,8872.28,22.4,72.0,3.34,23,5,1
2024-02-18 00:00:00,0.0,501.5,8886.97,23.68,73.8,4.07,0,6,1
2024-02-18 01:00:00,0.0,358.71,8755.29,22.14,77.1,3.09,1,6,1
2024-02-18 02:00:00,0.0,369.28,8729.01,24.92,69.4,2.73,2,6,1
2024-02-18 03:00:00,0.0,195.59,8834.53,23.38,67.3,1.44,3,6,1
2024-02-18 04:00:00,0.0,474.72,8610.61,20.62,72.8,3.19,4,6,1
2024-02-18 05:00:00,0.0,314.47,8947.58,23.53,82.1,3.51,5,6,1
2024-02-18 06:00:00,0.0,141.42,8769.52,21.53,82.5,1.53,6,6,1
2024-02-18 07:00:00,0.0,100.91,9106.88,19.66,80.9,0.87,7,6,1
2024-02-18 08:00:00,0.0,300.41,9190.23,16.95,71.8,2.64,8,6,1
2024-02-18 09:00:00,0.0,104.02,9112.04,22.8,64.3,0.65,9,6,1
2024-02-18 10:00:00,1482.73,374.9,8713.8,18.68,60.7,2.98,10,6,1
2024-02-18 11:00:00,2568.59,132.37,9034.68,18.85,66.3,1.38,11,6,1
2024-02-18 12:00:00,2516.21,129.44,8670.09,22.68,66.8,1.38,12,6,1
2024-02-18 13:00:00,2266.1,290.53,8585.61,25.1,71.8,2.67,13,6,1
2024-02-18 14:00:00,1623.73,195.96,8958.95,24.61,69.2,1.88,14,6,1
2024-02-18 15:00:00,0.0,316.62,8678.87,24.4,66.2,2.4,15,6,1
2024-02-18 16:00:00,0.0,501.08,9004.33,25.16,61.5,3.51,16,6,1
2024-02-18 17:00:00,0.0,139.43,8899.23,26.09,61.4,1.52,17,6,1
2024-02-18 18:00:00,0.0,833.11,9343.96,26.46,66.8,4.99,18,6,1
2024-02-18 19:00:00,0.0,497.48,9241.72,26.18,69.3,3.87,19,6,1
2024-02-18 20:00:00,0.0,328.1,9210.95,26.07,69.2,2.9,20,6,1
2024-02-18 21:00:00,0.0,276.13,9264.85,25.77,64.7,3.15,21,6,1
2024-02-18 22:00:00,0.0,739.03,9204.73,24.64,72.7,4.73,22,6,1
2024-02-18 23:00:00,0.0,416.35,8998.92,24.73,73.1,4.31,23,6,1
2024-02-19 00:00:00,0.0,568.56,9696.87,22.51,68.2,4.76,0,0,0
2024-02-19 01:00:00,0.0,248.47,9846.76,23.7,70.3,2.89,1,0,0
2024-02-19 02:00:00,0.0,412.56,9906.62,21.85,77.0,3.43,2,0,0
2024-02-19 03:00:00,0.0,414.56,9680.26,20.94,73.8,3.28,3,0,0
2024-02-19 04:00:00,0.0,462.31,9831.19,21.75,81.3,3.24,4,0,0
2024-02-19 05:00:00,0.0,444.94,9678.73,22.59,76.8,3.34,5,0,0
2024-02-19 06:00:00,0.0,243.61,9765.18,21.54,72.3,1.66,6,0,0
2024-02-19 07:00:00,0.0,254.87,10045.96,18.25,73.4,1.98,7,0,0
2024-02-19 08:00:00,0.0,155.71,10017.55,18.85,72.7,1.48,8,0,0
2024-02-19 09:00:00,0.0,219.25,10119.93,21.27,68.3,1.9,9,0,0
2024-02-19 10:00:00,1178.78,273.47,9640.31,19.26,66.3,2.53,10,0,0
2024-02-19 11:00:00,2865.14,131.21,9897.51,20.65,71.4,0.75,11,0,0
2024-02-19 12:00:00,3296.24,373.38,9656.22,22.2,70.8,3.12,12,0,0
2024-02-19 13:00:00,2298.83,202.22,9633.95,21.1,68.8,1.53,13,0,0
2024-02-19 14:00:00,1305.58,202.79,9755.72,23.16,71.7,2.43,14,0,0
2024-02-19 15:00:00,0.0,561.3,9741.3,22.21,62.9,3.93,15,0,0
2024-02-19 16:00:00,0.0,324.09,9828.67,23.82,71.6,3.46,16,0,0
2024-02-19 17:00:00,0.0,325.61,9796.18,25.54,61.5,3.71,17,0,0
2024-02-19 18:00:00,0.0,304.62,10094.72,23.72,61.6,2.7,18,0,0
2024-02-19 19:00:00,0.0,353.12,10408.39,26.46,59.4,2.97,19,0,0
2024-02-19 20:00:00,0.0,459.79,10256.72,26.01,65.7,4.66,20,0,0
2024-02-19 21:00:00,0.0,415.34,10318.98,26.6,66.6,3.47,21,0,0
2024-02-19 22:00:00,0.0,426.57,10554.26,25.9,72.0,3.51,22,0,0
2024-02-19 23:00:00,0.0,454.1,9940.37,26.8,72.2,4.58,23,0,0
2024-02-20 00:00:00,0.0,350.29,9811.26,24.78,67.5,2.78,0,1,0
2024-02-20 01:00:00,0.0,361.86,9621.23,23.39,71.8,3.62,1,1,0
2024-02-20 02:00:00,0.0,433.99,9623.24,23.27,72.6,3.2,2,1,0
2024-02-20 03:00:00,0.0,292.18,9925.45,23.0,67.5,2.91,3,1,0
2024-02-20 04:00:00,0.0,244.35,9737.78,21.69,70.9,2.24,4,1,0
2024-02-20 05:00:00,0.0,268.31,9765.79,21.05,71.5,1.95,5,1,0
2024-02-20 06:00:00,0.0,195.67,9648.54,19.69,79.9,1.34,6,1,0
2024-02-20 07:00:00,0.0,313.24,10154.5,19.43,74.1,2.43,7,1,0
2024-02-20 08:00:00,0.0,136.98,10237.97,18.44,74.9,1.41,8,1,0
2024-02-20 09:00:00,0.0,219.35,10283.83,22.33,65.1,2.68,9,1,0
2024-02-20 10:00:00,1468.25,212.87,9732.22,19.04,74.6,1.76,10,1,0
2024-02-20 11:00:00,2803.08,147.36,9863.39,20.17,73.7,1.2,11,1,0
2024-02-20 12:00:00,2895.8,277.77,9774.59,20.77,59.3,2.01,12,1,0
2024-02-20 13:00:00,2208.11,210.46,9891.63,23.43,63.4,2.08,13,1,0
2024-02-20 14:00:00,1262.56,388.44,9785.52,22.77,67.4,3.46,14,1,0
2024-02-20 15:00:00,0.0,294.51,9687.1,25.4,67.5,2.61,15,1,0
2024-02-20 16:00:00,0.0,392.49,9944.42,23.82,62.1,2.95,16,1,0
2024-02-20 17:00:00,0.0,525.23,9797.82,25.58,63.7,4.54,17,1,0
2024-02-20 18:00:00,0.0,638.27,10247.82,24.72,63.1,4.02,18,1,0
2024-02-20 19:00:00,0.0,747.48,10386.93,28.6,66.7,5.11,19,1,0
2024-02-20 20:00:00,0.0,816.19,10201.6,24.7,72.1,4.88,20,1,0
2024-02-20 21:00:00,0.0,375.49,10339.83,26.4,65.4,3.2,21,1,0
2024-02-20 22:00:00,0.0,736.7,10266.44,26.49,73.8,4.67,22,1,0
2024-02-20 23:00:00,0.0,519.71,9690.62,25.75,68.0,5.0,23,1,0
2024-02-21 00:00:00,0.0,781.77,10071.23,24.5,68.7,4.81,0,2,0
2024-02-21 01:00:00,0.0,542.32,9665.12,23.84,76.4,4.17,1,2,0
2024-02-21 02:00:00,0.0,472.07,9828.39,23.27,77.7,3.91,2,2,0
2024-02-21 03:00:00,0.0,226.65,9792.82,22.27,77.9,2.64,3,2,0
2024-02-21 04:00:00,0.0,249.03,9662.93,22.88,69.4,1.95,4,2,0
2024-02-21 05:00:00,0.0,182.38,9745.52,23.75,72.6,2.1,5,2,0
2024-02-21 06:00:00,0.0,107.88,9624.89,19.95,77.3,0.84,6,2,0
2024-02-21 07:00:00,0.0,276.1,10348.98,18.68,73.3,3.09,7,2,0
2024-02-21 08:00:00,0.0,137.85,10068.85,20.11,67.8,1.69,8,2,0
2024-02-21 09:00:00,0.0,360.08,10079.06,23.42,72.8,2.91,9,2,0
2024-02-21 10:00:00,1342.42,118.82,10019.42,19.66,66.8,0.93,10,2,0
2024-02-21 11:00:00,2742.82,257.76,9687.12,23.06,75.5,2.88,11,2,0
2024-02-21 12:00:00,3053.81,180.79,9941.33,23.73,73.3,1.78,12,2,0
2024-02-21 13:00:00,2283.45,166.48,9857.1,21.78,68.5,1.35,13,2,0
2024-02-21 14:00:00,1203.26,489.33,9548.52,23.9,70.7,3.92,14,2,0
2024-02-21 15:00:00,0.0,425.7,9741.47,25.95,65.1,3.77,15,2,0
2024-02-21 16:00:00,0.0,385.36,9838.39,24.26,67.7,3.31,16,2,0
2024-02-21 17:00:00,0.0,384.88,9790.27,25.1,70.7,3.41,17,2,0
2024-02-21 18:00:00,0.0,585.34,10294.59,25.12,66.3,3.94,18,2,0
2024-02-21 19:00:00,0.0,350.62,10217.14,24.9,65.1,3.9,19,2,0
2024-02-21 20:00:00,0.0,451.81,10204.46,25.44,60.3,3.21,20,2,0
2024-02-21 21:00:00,0.0,360.64,10252.99,24.65,68.0,3.55,21,2,0
2024-02-21 22:00:00,0.0,904.78,10525.36,25.86,72.9,5.42,22,2,0
2024-02-21 23:00:00,0.0,856.3,9677.08,24.42,74.7,5.88,23,2,0
2024-02-22 00:00:00,0.0,584.34,9728.14,25.09,74.0,4.81,0,3,0
2024-02-22 01:00:00,0.0,487.56,9789.46,22.22,70.9,3.74,1,3,0
2024-02-22 02:00:00,0.0,369.9,9610.42,23.71,65.9,2.84,2,3,0
2024-02-22 03:00:00,0.0,237.17,9837.83,23.53,72.3,2.21,3,3,0
2024-02-22 04:00:00,0.0,219.49,9631.44,19.42,73.3,2.01,4,3,0
2024-02-22 05:00:00,0.0,158.63,9655.53,21.64,73.1,1.91,5,3,0
2024-02-22 06:00:00,0.0,598.95,9649.77,22.19,76.3,3.87,6,3,0
2024-02-22 07:00:00,0.0,487.92,9904.13,18.96,81.0,3.43,7,3,0
2024-02-22 08:00:00,0.0,258.03,10253.2,22.32,72.5,2.48,8,3,0
2024-02-22 09:00:00,0.0,170.13,10163.59,20.92,69.9,1.08,9,3,0
2024-02-22 10:00:00,1492.38,257.12,9896.69,19.87,68.4,2.6,10,3,0
2024-02-22 11:00:00,2746.0,231.66,9885.75,21.12,68.7,1.8,11,3,0
2024-02-22 12:00:00,2776.34,109.27,9765.83,22.48,63.7,0.42,12,3,0
2024-02-22 13:00:00,2077.1,279.81,9782.46,22.63,66.4,2.58,13,3,0
2024-02-22 14:00:00,1326.77,159.04,9907.65,23.96,67.0,1.92,14,3,0
2024-02-22 15:00:00,0.0,311.26,9982.61,22.98,65.5,2.21,15,3,0
2024-02-22 16:00:00,0.0,394.02,9635.03,25.01,66.3,2.91,16,3,0
2024-02-22 17:00:00,0.0,391.9,10088.4,23.74,66.4,2.95,17,3,0
2024-02-22 18:00:00,0.0,372.98,10132.12,25.78,58.1,3.53,18,3,0
2024-02-22 19:00:00,0.0,386.62,10234.57,25.12,68.5,3.65,19,3,0
2024-02-22 20:00:00,0.0,267.32,10298.89,25.43,64.3,2.32,20,3,0
2024-02-22 21:00:00,0.0,868.38,10309.91,27.69,63.8,5.07,21,3,0
2024-02-22 22:00:00,0.0,433.63,10525.66,27.22,65.1,3.03,22,3,0
2024-02-22 23:00:00,0.0,289.98,9907.43,26.16,72.5,2.96,23,3,0
2024-02-23 00:00:00,0.0,404.45,9835.54,23.59,70.9,3.27,0,4,0
2024-02-23 01:00:00,0.0,425.39,9910.26,23.8,66.1,3.24,1,4,0
2024-02-23 02:00:00,0.0,461.63,9827.49,24.86,75.6,4.25,2,4,0
2024-02-23 03:00:00,0.0,327.88,9704.95,22.8,68.4,3.04,3,4,0
2024-02-23 04:00:00,0.0,280.71,9844.28,24.69,74.9,3.02,4,4,0
2024-02-23 05:00:00,0.0,314.55,9794.11,21.75,75.1,2.54,5,4,0
2024-02-23 06:00:00,0.0,308.45,9684.86,21.04,77.2,2.3,6,4,0
2024-02-23 07:00:00,0.0,298.63,10252.53,20.13,80.0,2.21,7,4,0
2024-02-23 08:00:00,0.0,113.02,10094.47,20.56,66.4,0.31,8,4,0
2024-02-23 09:00:00,0.0,171.3,9966.54,20.32,70.4,1.62,9,4,0
2024-02-23 10:00:00,1528.74,342.45,9670.48,21.66,68.2,2.79,10,4,0
2024-02-23 11:00:00,2204.59,886.82,9850.2,22.43,69.8,5.11,11,4,0
2024-02-23 12:00:00,3139.32,163.26,9911.93,20.96,67.7,1.15,12,4,0
2024-02-23 13:00:00,2059.36,281.07,9843.8,21.03,64.4,2.66,13,4,0
2024-02-23 14:00:00,1228.02,291.71,9844.35,21.2,63.2,2.11,14,4,0
2024-02-23 15:00:00,0.0,708.51,9688.76,24.79,60.0,4.46,15,4,0
2024-02-23 16:00:00,0.0,273.06,9797.15,23.58,68.3,2.0,16,4,0
2024-02-23 17:00:00,0.0,582.12,9746.39,22.94,66.3,3.82,17,4,0
2024-02-23 18:00:00,0.0,249.76,10266.6,26.47,68.7,2.41,18,4,0
2024-02-23 19:00:00,0.0,492.88,10439.12,29.29,64.6,3.44,19,4,0
2024-02-23 20:00:00,0.0,479.08,10210.81,26.4,64.2,3.76,20,4,0
2024-02-23 21:00:00,0.0,464.08,10380.2,27.31,63.7,4.68,21,4,0
2024-02-23 22:00:00,0.0,357.97,10168.91,26.1,70.8,2.93,22,4,0
2024-02-23 23:00:00,0.0,534.97,9630.16,25.41,66.5,4.22,23,4,0
2024-02-24 00:00:00,0.0,364.19,8759.78,26.1,79.1,3.52,0,5,1
2024-02-24 01:00:00,0.0,533.75,8960.01,23.92,67.5,3.51,1,5,1
2024-02-24 02:00:00,0.0,347.38,8894.7,23.82,74.6,3.82,2,5,1
2024-02-24 03:00:00,0.0,254.1,8640.01,23.11,80.3,1.77,3,5,1
2024-02-24 04:00:00,0.0,294.59,8925.67,21.2,76.6,3.19,4,5,1
2024-02-24 05:00:00,0.0,192.65,8848.18,22.57,74.7,1.84,5,5,1
2024-02-24 06:00:00,0.0,320.57,8803.91,20.69,69.6,2.97,6,5,1
2024-02-24 07:00:00,0.0,276.37,9109.96,19.69,67.2,2.2,7,5,1
2024-02-24 08:00:00,0.0,159.57,8978.96,21.14,74.8,1.66,8,5,1
2024-02-24 09:00:00,0.0,211.29,9159.79,19.52,76.5,1.32,9,5,1
2024-02-24 10:00:00,1206.9,316.05,8701.89,20.93,67.4,2.49,10,5,1
2024-02-24 11:00:00,2018.17,389.62,8812.0,21.36,63.3,2.94,11,5,1
2024-02-24 12:00:00,2792.79,147.27,8812.15,23.3,56.8,1.66,12,5,1
2024-02-24 13:00:00,1968.64,167.26,8946.39,23.29,61.7,1.39,13,5,1
2024-02-24 14:00:00,1519.64,446.62,8858.77,23.47,64.4,3.09,14,5,1
2024-02-24 15:00:00,0.0,164.23,8938.72,25.25,70.7,1.64,15,5,1
2024-02-24 16:00:00,0.0,177.19,8710.51,26.67,66.9,2.01,16,5,1
2024-02-24 17:00:00,0.0,268.68,8841.06,26.29,65.6,2.45,17,5,1
2024-02-24 18:00:00,0.0,458.02,9373.64,26.11,63.2,3.17,18,5,1
2024-02-24 19:00:00,0.0,285.4,9459.08,24.82,63.3,2.59,19,5,1
2024-02-24 20:00:00,0.0,230.68,9173.3,25.22,72.3,2.21,20,5,1
2024-02-24 21:00:00,0.0,354.89,9209.09,26.03,68.7,2.89,21,5,1
2024-02-24 22:00:00,0.0,698.92,9370.63,25.36,60.8,4.28,22,5,1
2024-02-24 23:00:00,0.0,216.75,9047.39,25.39,67.8,2.65,23,5,1
2024-02-25 00:00:00,0.0,294.5,8888.31,25.16,68.1,3.2,0,6,1
2024-02-25 01:00:00,0.0,524.52,8720.8,25.0,70.4,4.83,1,6,1
2024-02-25 02:00:00,0.0,256.87,8723.15,23.51,75.6,2.99,2,6,1
2024-02-25 03:00:00,0.0,306.38,8870.18,23.4,73.4,3.04,3,6,1
2024-02-25 04:00:00,0.0,167.74,8896.91,22.17,73.7,1.75,4,6,1
2024-02-25 05:00:00,0.0,517.33,8827.45,19.1,79.1,4.0,5,6,1
2024-02-25 06:00:00,0.0,169.86,8724.51,19.87,70.6,1.63,6,6,1
2024-02-25 07:00:00,0.0,185.88,9271.17,20.52,80.0,1.72,7,6,1
2024-02-25 08:00:00,0.0,405.75,9097.15,19.14,68.8,2.86,8,6,1
2024-02-25 09:00:00,0.0,150.09,9202.24,21.41,70.7,1.62,9,6,1
2024-02-25 10:00:00,1540.28,194.05,8641.22,22.83,67.9,1.84,10,6,1
2024-02-25 11:00:00,2122.08,165.73,8998.14,22.93,68.2,1.68,11,6,1
2024-02-25 12:00:00,2382.99,213.68,8771.82,21.83,68.3,1.84,12,6,1
2024-02-25 13:00:00,2492.24,324.86,9015.36,24.6,67.2,2.57,13,6,1
2024-02-25 14:00:00,1521.55,396.54,8927.53,23.77,61.7,2.95,14,6,1
2024-02-25 15:00:00,0.0,250.88,8682.55,23.96,59.7,2.25,15,6,1
2024-02-25 16:00:00,0.0,323.4,8883.46,24.35,74.0,2.42,16,6,1
2024-02-25 17:00:00,0.0,363.76,9052.78,25.35,62.2,2.78,17,6,1
2024-02-25 18:00:00,0.0,208.13,9238.25,25.72,67.5,2.36,18,6,1
2024-02-25 19:00:00,0.0,221.7,9509.0,26.69,59.0,2.36,19,6,1
2024-02-25 20:00:00,0.0,547.67,9356.29,26.78,65.4,3.97,20,6,1
2024-02-25 21:00:00,0.0,772.71,9470.84,26.49,67.2,4.52,21,6,1
2024-02-25 22:00:00,0.0,543.08,9329.14,26.71,70.9,4.43,22,6,1
2024-02-25 23:00:00,0.0,166.31,8839.12,27.14,59.4,1.73,23,6,1
2024-02-26 00:00:00,0.0,459.34,10006.46,26.33,72.0,3.25,0,0,0
2024-02-26 01:00:00,0.0,214.67,9872.57,22.68,67.8,2.36,1,0,0
2024-02-26 02:00:00,0.0,399.78,9757.76,20.62,74.5,3.12,2,0,0
2024-02-26 03:00:00,0.0,193.42,9836.87,24.03,69.5,2.41,3,0,0
2024-02-26 04:00:00,0.0,240.64,9718.22,20.55,70.4,2.96,4,0,0
2024-02-26 05:00:00,0.0,239.47,9798.95,21.29,72.6,2.23,5,0,0
2024-02-26 06:00:00,0.0,123.87,9929.47,19.68,69.0,0.52,6,0,0
2024-02-26 07:00:00,0.0,117.31,10081.58,18.63,70.5,1.1,7,0,0
2024-02-26 08:00:00,0.0,233.59,9996.06,21.34,66.6,1.78,8,0,0
2024-02-26 09:00:00,0.0,160.17,9984.97,21.7,62.8,1.81,9,0,0
2024-02-26 10:00:00,1311.27,122.94,9794.83,20.4,72.9,0.65,10,0,0
2024-02-26 11:00:00,2400.01,106.96,9689.09,18.46,62.4,0.65,11,0,0
2024-02-26 12:00:00,2759.91,265.14,9614.07,21.53,65.6,2.08,12,0,0
2024-02-26 13:00:00,2089.64,176.74,9642.17,23.38,68.3,1.12,13,0,0
2024-02-26 14:00:00,1427.66,113.21,9927.01,21.91,62.1,1.15,14,0,0
2024-02-26 15:00:00,0.0,216.37,9768.92,24.68,60.7,2.39,15,0,0
2024-02-26 16:00:00,0.0,357.07,9792.93,25.17,64.8,2.61,16,0,0
2024-02-26 17:00:00,0.0,267.62,9670.01,26.5,68.5,2.54,17,0,0
2024-02-26 18:00:00,0.0,321.6,10220.22,26.43,59.8,2.89,18,0,0
2024-02-26 19:00:00,0.0,351.01,10216.35,25.42,64.7,3.62,19,0,0
2024-02-26 20:00:00,0.0,464.34,10271.91,28.12,59.4,3.13,20,0,0
2024-02-26 21:00:00,0.0,583.23,10090.99,26.39,66.0,3.8,21,0,0
2024-02-26 22:00:00,0.0,283.17,10420.76,26.25,69.0,3.4,22,0,0
2024-02-26 23:00:00,0.0,470.21,9784.03,24.69,66.7,3.74,23,0,0
2024-02-27 00:00:00,0.0,642.62,9810.25,24.75,69.4,4.13,0,1,0
2024-02-27 01:00:00,0.0,463.22,9895.72,23.5,66.6,3.89,1,1,0
2024-02-27 02:00:00,0.0,486.0,9886.53,23.57,73.3,4.01,2,1,0
2024-02-27 03:00:00,0.0,370.61,9716.99,25.06,77.7,3.39,3,1,0
2024-02-27 04:00:00,0.0,213.24,9858.54,20.64,69.3,2.65,4,1,0
2024-02-27 05:00:00,0.0,246.4,9857.3,19.72,71.0,1.87,5,1,0
2024-02-27 06:00:00,0.0,190.14,9823.92,22.95,75.0,1.7,6,1,0
2024-02-27 07:00:00,0.0,154.78,10228.33,20.63,77.1,1.15,7,1,0
2024-02-27 08:00:00,0.0,170.84,10196.94,19.98,65.2,1.75,8,1,0
2024-02-27 09:00:00,0.0,292.72,10188.28,22.13,69.3,2.27,9,1,0
2024-02-27 10:00:00,1282.17,179.92,9949.83,20.46,69.8,1.17,10,1,0
2024-02-27 11:00:00,2391.28,212.24,9789.44,23.85,67.0,1.82,11,1,0
2024-02-27 12:00:00,2791.58,217.77,9792.93,23.1,56.3,1.47,12,1,0
2024-02-27 13:00:00,2383.22,203.57,9884.3,22.42,67.2,2.38,13,1,0
2024-02-27 14:00:00,1351.96,262.8,9764.59,26.37,70.4,2.02,14,1,0
2024-02-27 15:00:00,0.0,243.06,9843.79,23.83,64.3,2.12,15,1,0
2024-02-27 16:00:00,0.0,226.18,9718.79,26.17,59.6,2.43,16,1,0
2024-02-27 17:00:00,0.0,341.85,9512.46,26.26,61.8,3.62,17,1,0
2024-02-27 18:00:00,0.0,346.71,10361.74,27.94,71.4,3.35,18,1,0
2024-02-27 19:00:00,0.0,454.67,10173.46,28.55,68.8,3.24,19,1,0
2024-02-27 20:00:00,0.0,564.67,10206.11,26.82,68.8,3.89,20,1,0
2024-02-27 21:00:00,0.0,431.27,10388.4,25.78,68.8,3.38,21,1,0
2024-02-27 22:00:00,0.0,467.82,10389.81,26.93,66.1,4.58,22,1,0
2024-02-27 23:00:00,0.0,398.17,9927.03,25.09,69.2,2.8,23,1,0
2024-02-28 00:00:00,0.0,334.2,9543.63,27.79,70.7,3.25,0,2,0
2024-02-28 01:00:00,0.0,244.34,9821.52,24.82,74.3,2.07,1,2,0
2024-02-28 02:00:00,0.0,350.55,9755.08,23.44,78.9,2.67,2,2,0
2024-02-28 03:00:00,0.0,130.59,9904.59,23.32,77.8,1.35,3,2,0
2024-02-28 04:00:00,0.0,376.26,9963.16,20.76,67.9,3.03,4,2,0
2024-02-28 05:00:00,0.0,227.7,9628.93,20.59,74.3,2.8,5,2,0
2024-02-28 06:00:00,0.0,222.13,9787.91,22.72,75.8,2.61,6,2,0
2024-02-28 07:00:00,0.0,235.98,10200.92,20.19,74.5,1.85,7,2,0
2024-02-28 08:00:00,0.0,114.12,10060.44,19.62,68.5,1.02,8,2,0
2024-02-28 09:00:00,0.0,140.34,10310.48,21.62,81.5,1.05,9,2,0
2024-02-28 10:00:00,1132.71,284.74,9737.82,22.7,63.4,2.95,10,2,0
2024-02-28 11:00:00,2459.27,321.36,9749.98,22.62,62.9,2.97,11,2,0
2024-02-28 12:00:00,2538.92,173.46,9657.2,23.57,67.0,2.08,12,2,0
2024-02-28 13:00:00,2547.13,232.52,9804.47,22.19,73.5,1.78,13,2,0
2024-02-28 14:00:00,1139.81,317.0,9423.82,22.17,60.9,3.53,14,2,0
2024-02-28 15:00:00,0.0,282.9,9756.27,26.46,62.6,2.13,15,2,0
2024-02-28 16:00:00,0.0,394.04,9938.28,24.99,67.8,3.13,16,2,0
2024-02-28 17:00:00,0.0,526.89,9618.39,25.7,63.6,4.27,17,2,0
2024-02-28 18:00:00,0.0,370.85,10104.62,28.07,62.9,2.73,18,2,0
2024-02-28 19:00:00,0.0,443.87,10423.95,27.44,67.3,4.22,19,2,0
2024-02-28 20:00:00,0.0,444.45,10440.2,27.43,67.1,4.07,20,2,0
2024-02-28 21:00:00,0.0,348.37,10299.94,29.37,71.4,3.66,21,2,0
2024-02-28 22:00:00,0.0,299.61,10497.93,25.7,73.7,2.86,22,2,0
2024-02-28 23:00:00,0.0,435.23,9837.89,27.11,71.1,2.98,23,2,0
2024-02-29 00:00:00,0.0,346.55,9911.85,25.54,72.0,3.6,0,3,0
2024-02-29 01:00:00,0.0,269.85,9690.98,25.07,72.8,2.03,1,3,0
2024-02-29 02:00:00,0.0,376.19,9964.69,25.81,74.7,3.03,2,3,0
2024-02-29 03:00:00,0.0,254.11,9753.84,23.81,73.4,3.1,3,3,0
2024-02-29 04:00:00,0.0,464.85,9748.56,23.12,73.4,3.19,4,3,0
2024-02-29 05:00:00,0.0,185.39,9843.89,23.14,78.0,1.05,5,3,0
2024-02-29 06:00:00,0.0,428.15,9738.96,20.94,78.8,3.01,6,3,0
2024-02-29 07:00:00,0.0,362.92,9918.52,20.07,65.9,3.15,7,3,0
2024-02-29 08:00:00,0.0,188.72,10116.81,19.72,70.9,2.03,8,3,0
2024-02-29 09:00:00,0.0,122.72,10062.81,18.72,66.9,0.83,9,3,0
2024-02-29 10:00:00,1347.06,185.18,9693.85,23.84,67.1,1.44,10,3,0
2024-02-29 11:00:00,2366.97,186.12,9934.86,20.53,68.7,1.76,11,3,0
2024-02-29 12:00:00,2884.23,269.55,10073.08,22.21,68.6,2.17,12,3,0
2024-02-29 13:00:00,1959.53,283.13,9675.7,22.87,64.4,2.18,13,3,0
2024-02-29 14:00:00,1392.93,242.53,9809.69,24.34,56.4,2.63,14,3,0
2024-02-29 15:00:00,0.0,271.55,9738.19,25.73,59.7,2.59,15,3,0
2024-02-29 16:00:00,0.0,456.48,10060.61,26.51,67.0,3.13,16,3,0
2024-02-29 17:00:00,0.0,267.89,9845.01,25.4,52.6,2.8,17,3,0
2024-02-29 18:00:00,0.0,323.21,10401.23,26.37,68.8,3.1,18,3,0
2024-02-29 19:00:00,0.0,255.13,10431.82,27.21,66.9,3.07,19,3,0
2024-02-29 20:00:00,0.0,668.37,10305.62,26.68,71.1,5.16,20,3,0
2024-02-29 21:00:00,0.0,618.26,10368.43,28.8,66.3,4.83,21,3,0
2024-02-29 22:00:00,0.0,394.46,10472.27,27.16,60.1,4.07,22,3,0
2024-02-29 23:00:00,0.0,437.05,9879.35,26.98,71.4,4.59,23,3,0
2024-03-01 00:00:00,0.0,521.4,9684.49,26.37,75.8,3.98,0,4,0
2024-03-01 01:00:00,0.0,337.34,9699.09,26.26,75.4,3.28,1,4,0
2024-03-01 02:00:00,0.0,139.14,9739.24,24.29,69.9,1.69,2,4,0
2024-03-01 03:00:00,0.0,325.59,9925.11,21.74,73.4,2.43,3,4,0
2024-03-01 04:00:00,0.0,245.55,9962.81,23.05,71.1,2.11,4,4,0
2024-03-01 05:00:00,0.0,127.18,10044.21,21.17,69.8,1.23,5,4,0
2024-03-01 06:00:00,0.0,152.74,9700.96,20.84,76.4,0.74,6,4,0
2024-03-01 07:00:00,0.0,205.34,10117.82,21.88,67.0,2.17,7,4,0
2024-03-01 08:00:00,0.0,181.48,10052.98,22.56,67.1,1.93,8,4,0
2024-03-01 09:00:00,0.0,152.05,10079.12,21.2,65.1,0.7,9,4,0
2024-03-01 10:00:00,1457.91,119.44,9897.59,21.84,62.3,1.08,10,4,0
2024-03-01 11:00:00,2241.28,368.44,9780.49,23.99,67.5,2.7,11,4,0
2024-03-01 12:00:00,3006.59,185.79,9943.9,22.86,70.4,1.23,12,4,0
2024-03-01 13:00:00,2324.37,223.71,9724.04,26.42,63.9,2.28,13,4,0
2024-03-01 14:00:00,1524.12,178.98,9874.97,24.75,57.9,2.23,14,4,0
2024-03-01 15:00:00,0.0,261.61,9732.87,22.74,66.7,3.04,15,4,0
2024-03-01 16:00:00,0.0,188.24,9565.53,26.48,70.0,2.21,16,4,0
2024-03-01 17:00:00,0.0,456.78,9663.42,26.65,60.8,3.21,17,4,0
2024-03-01 18:00:00,0.0,389.9,10332.62,28.22,62.0,3.48,18,4,0
2024-03-01 19:00:00,0.0,324.81,10520.58,27.78,66.7,3.69,19,4,0
2024-03-01 20:00:00,0.0,459.4,10234.85,26.91,72.2,3.67,20,4,0
2024-03-01 21:00:00,0.0,402.97,10269.7,25.5,64.8,3.91,21,4,0
2024-03-01 22:00:00,0.0,664.09,10348.76,26.42,62.9,5.36,22,4,0
2024-03-01 23:00:00,0.0,664.61,9714.07,25.17,72.0,5.55,23,4,0
2024-03-02 00:00:00,0.0,364.05,8795.95,24.97,73.7,2.81,0,5,1
2024-03-02 01:00:00,0.0,112.9,8862.65,25.65,71.6,1.26,1,5,1
2024-03-02 02:00:00,0.0,378.58,8801.61,26.17,70.1,3.35,2,5,1
2024-03-02 03:00:00,0.0,233.86,8640.04,23.87,76.9,2.76,3,5,1
2024-03-02 04:00:00,0.0,381.31,8775.98,21.24,75.2,3.2,4,5,1
2024-03-02 05:00:00,0.0,235.09,8927.79,22.58,69.8,2.34,5,5,1
2024-03-02 06:00:00,0.0,157.55,8931.52,23.01,72.6,1.95,6,5,1
2024-03-02 07:00:00,0.0,288.24,9299.35,20.54,66.2,2.65,7,5,1
2024-03-02 08:00:00,0.0,308.55,9289.66,21.01,73.3,2.66,8,5,1
2024-03-02 09:00:00,0.0,95.68,9030.98,21.29,68.3,0.5,9,5,1
2024-03-02 10:00:00,1417.21,163.25,8764.55,20.63,66.3,0.99,10,5,1
2024-03-02 11:00:00,2631.94,177.1,8769.85,22.83,66.6,1.66,11,5,1
2024-03-02 12:00:00,2927.63,254.48,8835.75,22.53,65.7,1.99,12,5,1
2024-03-02 13:00:00,2168.14,226.17,8779.21,23.9,68.1,1.93,13,5,1
2024-03-02 14:00:00,1445.4,366.71,8833.06,23.11,66.1,2.7,14,5,1
2024-03-02 15:00:00,0.0,413.16,8749.34,24.42,62.6,3.41,15,5,1
2024-03-02 16:00:00,0.0,448.44,8948.13,26.54,66.1,4.25,16,5,1
2024-03-02 17:00:00,0.0,511.05,8740.23,25.84,64.8,3.58,17,5,1
2024-03-02 18:00:00,0.0,342.68,9286.05,28.84,62.0,2.64,18,5,1
2024-03-02 19:00:00,0.0,503.77,9372.43,26.59,64.0,3.36,19,5,1
2024-03-02 20:00:00,0.0,319.36,9396.68,27.44,65.0,3.52,20,5,1
2024-03-02 21:00:00,0.0,535.74,9304.65,28.19,68.8,4.03,21,5,1
2024-03-02 22:00:00,0.0,480.59,9414.28,25.07,66.6,3.89,22,5,1
2024-03-02 23:00:00,0.0,806.19,8949.61,24.18,67.8,5.12,23,5,1
2024-03-03 00:00:00,0.0,425.11,9081.9,23.94,78.3,2.93,0,6,1
2024-03-03 01:00:00,0.0,408.09,8941.95,26.56,75.2,3.4,1,6,1
2024-03-03 02:00:00,0.0,718.5,9058.86,23.61,69.2,4.73,2,6,1
2024-03-03 03:00:00,0.0,213.84,8861.43,26.56,75.0,2.12,3,6,1
2024-03-03 04:00:00,0.0,238.96,9021.96,22.09,73.4,2.45,4,6,1
2024-03-03 05:00:00,0.0,149.07,9024.49,22.37,74.3,1.33,5,6,1
2024-03-03 06:00:00,0.0,158.87,8836.89,23.52,72.8,1.95,6,6,1
2024-03-03 07:00:00,0.0,129.74,9056.38,23.78,76.2,1.1,7,6,1
2024-03-03 08:00:00,0.0,219.8,9077.48,23.74,71.8,2.46,8,6,1
2024-03-03 09:00:00,0.0,191.07,9188.81,22.82,68.9,1.71,9,6,1
2024-03-03 10:00:00,1270.88,130.49,8716.04,22.9,72.1,0.87,10,6,1
2024-03-03 11:00:00,2194.49,306.65,8799.55,22.86,67.5,2.4,11,6,1
2024-03-03 12:00:00,2725.55,226.18,8997.67,23.7,65.9,2.03,12,6,1
2024-03-03 13:00:00,1985.04,313.75,8934.02,22.83,65.6,2.85,13,6,1
2024-03-03 14:00:00,1243.92,144.15,8571.68,23.29,63.2,1.41,14,6,1
2024-03-03 15:00:00,0.0,392.05,8694.08,25.04,63.1,2.88,15,6,1
2024-03-03 16:00:00,0.0,312.58,9113.07,25.56,60.5,3.47,16,6,1
2024-03-03 17:00:00,0.0,394.93,8995.55,25.85,60.1,2.75,17,6,1
2024-03-03 18:00:00,0.0,249.43,9240.05,27.7,59.6,2.29,18,6,1
2024-03-03 19:00:00,0.0,329.09,9166.73,28.31,58.8,3.42,19,6,1
2024-03-03 20:00:00,0.0,556.01,9160.06,27.38,61.9,4.54,20,6,1
2024-03-03 21:00:00,0.0,427.45,9478.26,28.94,65.9,4.49,21,6,1
2024-03-03 22:00:00,0.0,298.55,9547.23,25.5,68.3,3.21,22,6,1
2024-03-03 23:00:00,0.0,242.67,9083.59,26.16,68.1,2.43,23,6,1
2024-03-04 00:00:00,0.0,342.09,9596.92,25.01,60.8,2.93,0,0,0
2024-03-04 01:00:00,0.0,234.62,9750.51,22.9,77.6,2.69,1,0,0
2024-03-04 02:00:00,0.0,404.94,9683.15,24.27,76.4,3.18,2,0,0
2024-03-04 03:00:00,0.0,330.09,9802.43,23.45,74.3,2.48,3,0,0
2024-03-04 04:00:00,0.0,203.4,9626.27,24.68,80.3,1.7,4,0,0
2024-03-04 05:00:00,0.0,294.29,9720.5,23.0,68.6,2.95,5,0,0
2024-03-04 06:00:00,0.0,170.99,9681.93,20.54,79.6,1.97,6,0,0
2024-03-04 07:00:00,0.0,162.93,10163.83,23.7,67.4,2.05,7,0,0
2024-03-04 08:00:00,0.0,111.88,10039.22,22.83,71.2,0.22,8,0,0
2024-03-04 09:00:00,0.0,104.9,10056.46,22.17,63.9,0.2,9,0,0
2024-03-04 10:00:00,1542.2,108.22,9847.31,21.5,67.8,0.45,10,0,0
2024-03-04 11:00:00,2389.67,125.27,9983.1,21.1,68.0,1.31,11,0,0
2024-03-04 12:00:00,2339.32,212.12,10039.89,22.42,64.6,2.32,12,0,0
2024-03-04 13:00:00,2033.43,115.61,9840.72,24.9,67.0,0.2,13,0,0
2024-03-04 14:00:00,1371.46,424.45,9775.37,26.63,63.8,3.58,14,0,0
2024-03-04 15:00:00,0.0,383.3,9943.95,27.0,60.8,2.7,15,0,0
2024-03-04 16:00:00,0.0,629.64,9926.06,25.28,60.5,3.91,16,0,0
2024-03-04 17:00:00,0.0,306.86,9891.82,25.15,66.1,2.36,17,0,0
2024-03-04 18:00:00,0.0,381.37,10100.48,27.14,60.8,3.67,18,0,0
2024-03-04 19:00:00,0.0,350.58,10434.98,25.14,67.8,3.5,19,0,0
2024-03-04 20:00:00,0.0,458.91,10332.98,27.76,70.1,4.18,20,0,0
2024-03-04 21:00:00,0.0,511.13,10182.76,27.09,59.8,3.38,21,0,0
2024-03-04 22:00:00,0.0,439.42,10209.37,26.41,72.3,3.91,22,0,0
2024-03-04 23:00:00,0.0,630.14,9855.84,24.58,77.3,4.31,23,0,0
2024-03-05 00:00:00,0.0,387.46,9484.6,26.58,71.1,2.73,0,1,0
2024-03-05 01:00:00,0.0,444.77,9770.94,24.61,73.5,3.23,1,1,0
2024-03-05 02:00:00,0.0,171.38,9707.39,23.06,76.0,1.29,2,1,0
2024-03-05 03:00:00,0.0,286.12,9695.17,20.24,71.3,3.1,3,1,0
2024-03-05 04:00:00,0.0,384.84,9731.14,22.93,73.3,3.85,4,1,0
2024-03-05 05:00:00,0.0,144.52,9608.47,24.47,67.1,1.05,5,1,0
2024-03-05 06:00:00,0.0,253.68,9912.3,23.86,72.4,1.76,6,1,0
2024-03-05 07:00:00,0.0,325.57,9845.65,21.02,73.1,2.38,7,1,0
2024-03-05 08:00:00,0.0,149.91,10121.31,20.75,72.1,1.6,8,1,0
2024-03-05 09:00:00,0.0,168.46,9999.29,22.13,73.1,1.67,9,1,0
2024-03-05 10:00:00,1385.11,168.22,10024.03,20.67,64.5,1.26,10,1,0
2024-03-05 11:00:00,2273.43,162.87,9788.72,22.71,64.1,1.33,11,1,0
2024-03-05 12:00:00,2775.21,155.53,9531.2,23.89,72.6,1.76,12,1,0
2024-03-05 13:00:00,2443.37,212.2,9851.62,25.16,63.4,2.07,13,1,0
2024-03-05 14:00:00,1383.26,210.16,9654.89,24.35,64.0,1.34,14,1,0
2024-03-05 15:00:00,0.0,348.88,9904.19,25.0,62.5,2.49,15,1,0
2024-03-05 16:00:00,0.0,530.07,9860.13,24.91,59.3,4.05,16,1,0
2024-03-05 17:00:00,0.0,326.61,9962.71,25.6,69.2,2.71,17,1,0
2024-03-05 18:00:00,0.0,208.87,10312.44,26.79,61.1,2.26,18,1,0
2024-03-05 19:00:00,0.0,438.03,10388.3,27.81,59.5,3.29,19,1,0
2024-03-05 20:00:00,0.0,245.23,10365.69,28.56,63.3,2.94,20,1,0
2024-03-05 21:00:00,0.0,228.42,10219.24,26.4,58.3,2.47,21,1,0
2024-03-05 22:00:00,0.0,309.41,10526.25,28.86,64.9,3.62,22,1,0
2024-03-05 23:00:00,0.0,297.91,9638.34,26.26,65.0,2.84,23,1,0
2024-03-06 00:00:00,0.0,366.41,9781.64,26.04,72.4,2.72,0,2,0
2024-03-06 01:00:00,0.0,463.58,9717.77,24.45,68.2,3.14,1,2,0
2024-03-06 02:00:00,0.0,200.37,9887.05,21.66,75.3,1.55,2,2,0
2024-03-06 03:00:00,0.0,171.52,9672.4,24.85,77.8,1.12,3,2,0
2024-03-06 04:00:00,0.0,270.29,9736.94,23.95,75.5,2.8,4,2,0
2024-03-06 05:00:00,0.0,112.11,9791.27,22.11,71.4,0.47,5,2,0
2024-03-06 06:00:00,0.0,163.85,9964.53,22.05,72.3,1.03,6,2,0
2024-03-06 07:00:00,0.0,97.83,10037.1,22.29,64.8,0.21,7,2,0
2024-03-06 08:00:00,0.0,115.75,10052.89,19.69,69.4,1.16,8,2,0
2024-03-06 09:00:00,0.0,239.21,9939.22,21.04,65.2,1.86,9,2,0
2024-03-06 10:00:00,1431.09,158.59,9668.04,22.92,70.2,1.64,10,2,0
2024-03-06 11:00:00,2129.5,326.63,9835.56,20.94,76.4,3.57,11,2,0
2024-03-06 12:00:00,3082.52,294.9,9789.85,23.42,66.9,2.68,12,2,0
2024-03-06 13:00:00,2586.31,120.41,9791.77,22.16,55.9,1.27,13,2,0
2024-03-06 14:00:00,1224.61,175.21,9994.95,25.13,61.6,1.3,14,2,0
2024-03-06 15:00:00,0.0,689.83,9585.33,25.3,63.0,4.68,15,2,0
2024-03-06 16:00:00,0.0,375.2,10064.14,24.13,62.7,3.63,16,2,0
2024-03-06 17:00:00,0.0,528.19,9938.73,28.09,59.6,3.49,17,2,0
2024-03-06 18:00:00,0.0,454.82,10250.9,26.28,64.0,3.28,18,2,0
2024-03-06 19:00:00,0.0,333.45,10336.95,26.49,58.9,3.6,19,2,0
2024-03-06 20:00:00,0.0,291.22,10208.06,27.81,61.1,2.3,20,2,0
2024-03-06 21:00:00,0.0,401.56,10434.15,28.84,68.7,3.64,21,2,0
2024-03-06 22:00:00,0.0,485.23,10547.98,25.95,63.3,3.54,22,2,0
2024-03-06 23:00:00,0.0,348.67,9708.45,26.76,70.8,2.66,23,2,0
2024-03-07 00:00:00,0.0,246.61,9758.16,26.68,64.2,2.77,0,3,0
2024-03-07 01:00:00,0.0,594.09,9695.19,26.28,77.8,4.21,1,3,0
2024-03-07 02:00:00,0.0,357.95,9714.47,24.88,68.5,2.65,2,3,0
2024-03-07 03:00:00,0.0,475.8,9737.68,23.45,71.2,4.15,3,3,0
2024-03-07 04:00:00,0.0,99.2,9654.61,22.18,73.5,0.84,4,3,0
2024-03-07 05:00:00,0.0,133.46,9754.37,22.65,69.8,1.58,5,3,0
2024-03-07 06:00:00,0.0,88.64,9792.51,20.78,72.1,0.55,6,3,0
2024-03-07 07:00:00,0.0,85.79,10052.62,18.27,73.1,0.66,7,3,0
2024-03-07 08:00:00,0.0,119.97,9825.11,22.19,73.6,0.87,8,3,0
2024-03-07 09:00:00,0.0,175.96,10082.48,22.86,71.7,1.75,9,3,0
2024-03-07 10:00:00,1204.09,153.1,9780.33,19.23,66.5,1.74,10,3,0
2024-03-07 11:00:00,2509.68,161.01,10013.71,21.34,65.3,1.09,11,3,0
2024-03-07 12:00:00,2338.66,125.75,9789.22,23.91,74.1,0.2,12,3,0
2024-03-07 13:00:00,2254.95,453.5,9898.27,26.36,67.5,3.18,13,3,0
2024-03-07 14:00:00,1397.65,191.34,9734.92,24.69,59.2,2.01,14,3,0
2024-03-07 15:00:00,0.0,216.16,9941.78,24.57,62.8,1.6,15,3,0
2024-03-07 16:00:00,0.0,423.57,9672.65,25.95,60.9,2.97,16,3,0
2024-03-07 17:00:00,0.0,451.03,9902.04,28.44,61.8,3.16,17,3,0
2024-03-07 18:00:00,0.0,408.14,10390.84,26.49,58.0,2.94,18,3,0
2024-03-07 19:00:00,0.0,482.85,10373.23,26.61,62.0,3.48,19,3,0
2024-03-07 20:00:00,0.0,247.31,10549.7,27.09,72.0,2.54,20,3,0
2024-03-07 21:00:00,0.0,393.76,10219.88,26.42,68.2,4.1,21,3,0
2024-03-07 22:00:00,0.0,294.13,10459.65,27.41,57.3,2.66,22,3,0
2024-03-07 23:00:00,0.0,239.68,10017.92,28.74,73.4,2.88,23,3,0
2024-03-08 00:00:00,0.0,581.58,9791.94,26.66,73.9,3.7,0,4,0
2024-03-08 01:00:00,0.0,450.96,10006.71,25.24,69.1,3.94,1,4,0
2024-03-08 02:00:00,0.0,638.51,9768.41,24.42,74.3,4.0,2,4,0
2024-03-08 03:00:00,0.0,450.39,9788.68,22.12,68.4,3.32,3,4,0
2024-03-08 04:00:00,0.0,206.67,9785.34,24.33,70.2,1.95,4,4,0
2024-03-08 05:00:00,0.0,97.5,9633.22,22.55,77.9,0.74,5,4,0
2024-03-08 06:00:00,0.0,275.66,9877.38,21.95,70.3,2.89,6,4,0
2024-03-08 07:00:00,0.0,331.94,10173.65,25.7,63.1,2.7,7,4,0
2024-03-08 08:00:00,0.0,167.05,10088.44,22.13,69.3,0.97,8,4,0
2024-03-08 09:00:00,0.0,313.28,10312.5,20.97,68.0,2.21,9,4,0
2024-03-08 10:00:00,1413.74,124.13,9733.53,21.66,71.8,1.24,10,4,0
2024-03-08 11:00:00,2018.37,251.6,9578.42,24.03,65.8,2.81,11,4,0
2024-03-08 12:00:00,2534.41,121.74,10014.26,23.41,62.9,1.35,12,4,0
2024-03-08 13:00:00,2108.91,366.16,9907.33,22.27,67.7,3.56,13,4,0
2024-03-08 14:00:00,1160.23,379.71,9861.12,25.87,63.2,2.84,14,4,0
2024-03-08 15:00:00,0.0,400.19,9745.27,24.74,59.2,3.91,15,4,0
2024-03-08 16:00:00,0.0,268.08,9892.57,28.52,66.7,2.36,16,4,0
2024-03-08 17:00:00,0.0,372.84,9658.69,28.19,63.0,3.3,17,4,0
2024-03-08 18:00:00,0.0,238.08,10262.98,26.83,62.7,2.4,18,4,0
2024-03-08 19:00:00,0.0,539.9,10332.76,29.2,64.2,4.01,19,4,0
2024-03-08 20:00:00,0.0,533.6,10321.43,27.85,60.3,4.16,20,4,0
2024-03-08 21:00:00,0.0,716.38,10487.76,28.69,63.6,5.39,21,4,0
2024-03-08 22:00:00,0.0,522.8,10164.28,27.95,67.1,3.82,22,4,0
2024-03-08 23:00:00,0.0,425.14,9872.99,25.88,67.6,3.92,23,4,0
2024-03-09 00:00:00,0.0,337.76,8877.97,25.6,74.5,2.78,0,5,1
2024-03-09 01:00:00,0.0,504.23,8936.06,26.88,71.3,3.38,1,5,1
2024-03-09 02:00:00,0.0,302.28,8824.93,24.47,74.6,2.41,2,5,1
2024-03-09 03:00:00,0.0,268.08,8938.48,23.61,71.7,2.54,3,5,1
2024-03-09 04:00:00,0.0,294.88,8770.5,22.22,76.1,2.33,4,5,1
2024-03-09 05:00:00,0.0,227.51,8652.13,23.26,73.3,1.67,5,5,1
2024-03-09 06:00:00,0.0,182.3,8679.53,24.75,71.3,1.79,6,5,1
2024-03-09 07:00:00,0.0,180.8,9078.67,20.69,70.4,1.28,7,5,1
2024-03-09 08:00:00,0.0,148.17,8945.5,21.9,65.6,1.18,8,5,1
2024-03-09 09:00:00,0.0,302.99,9325.04,23.67,70.2,2.31,9,5,1
2024-03-09 10:00:00,1465.69,165.56,8844.06,22.18,66.7,1.62,10,5,1
2024-03-09 11:00:00,2622.58,263.48,8964.31,23.29,63.6,1.86,11,5,1
2024-03-09 12:00:00,2542.58,121.79,8948.45,22.1,68.8,0.58,12,5,1
2024-03-09 13:00:00,2236.72,231.16,8854.77,24.61,58.3,2.29,13,5,1
2024-03-09 14:00:00,1351.27,277.48,9278.38,24.65,60.9,2.62,14,5,1
2024-03-09 15:00:00,0.0,214.86,9205.32,26.83,66.2,2.13,15,5,1
2024-03-09 16:00:00,0.0,455.95,9021.03,27.8,63.1,4.38,16,5,1
2024-03-09 17:00:00,0.0,111.87,8984.78,30.1,61.9,1.12,17,5,1
2024-03-09 18:00:00,0.0,414.93,9500.2,28.16,63.6,3.78,18,5,1
2024-03-09 19:00:00,0.0,471.22,9118.42,28.16,64.1,3.89,19,5,1
2024-03-09 20:00:00,0.0,437.15,9489.01,28.1,58.3,3.85,20,5,1
2024-03-09 21:00:00,0.0,307.91,9003.27,27.34,64.2,3.59,21,5,1
2024-03-09 22:00:00,0.0,499.8,9271.73,27.87,73.3,3.86,22,5,1
2024-03-09 23:00:00,0.0,399.3,8999.09,26.64,65.5,4.01,23,5,1
2024-03-10 00:00:00,0.0,235.72,8900.22,26.67,67.9,2.56,0,6,1
2024-03-10 01:00:00,0.0,283.95,8676.57,27.33,68.1,3.17,1,6,1
2024-03-10 02:00:00,0.0,284.98,8874.44,23.76,70.7,2.54,2,6,1
2024-03-10 03:00:00,0.0,138.95,8900.27,25.56,69.2,1.55,3,6,1
2024-03-10 04:00:00,0.0,262.46,8878.57,25.05,73.7,2.74,4,6,1
2024-03-10 05:00:00,0.0,171.68,8805.13,22.71,72.3,1.48,5,6,1
2024-03-10 06:00:00,0.0,91.25,8956.61,19.83,74.1,0.52,6,6,1
2024-03-10 07:00:00,0.0,145.85,9276.39,21.35,66.0,1.13,7,6,1
2024-03-10 08:00:00,0.0,118.43,9120.5,23.53,67.9,0.82,8,6,1
2024-03-10 09:00:00,0.0,301.38,9321.36,22.05,67.1,2.25,9,6,1
2024-03-10 10:00:00,1455.18,217.91,8835.25,21.18,68.5,1.59,10,6,1
2024-03-10 11:00:00,1922.78,383.75,8795.22,22.25,62.2,2.67,11,6,1
2024-03-10 12:00:00,2667.49,157.45,9016.83,24.48,67.9,1.19,12,6,1
2024-03-10 13:00:00,2181.45,305.51,9012.45,24.85,67.9,2.63,13,6,1
2024-03-10 14:00:00,1446.68,742.21,8779.59,24.69,58.4,4.44,14,6,1
2024-03-10 15:00:00,0.0,284.67,8762.17,25.31,59.9,2.71,15,6,1
2024-03-10 16:00:00,0.0,410.37,9065.73,26.0,59.6,3.38,16,6,1
2024-03-10 17:00:00,0.0,383.83,8841.68,25.99,72.4,3.48,17,6,1
2024-03-10 18:00:00,0.0,228.92,9482.53,29.51,60.7,2.0,18,6,1
2024-03-10 19:00:00,0.0,346.59,9279.73,27.48,69.9,3.76,19,6,1
2024-03-10 20:00:00,0.0,512.92,9631.61,29.43,59.1,3.64,20,6,1
2024-03-10 21:00:00,0.0,479.34,9761.1,29.7,61.5,3.22,21,6,1
2024-03-10 22:00:00,0.0,223.38,9406.18,28.77,64.0,2.69,22,6,1
2024-03-10 23:00:00,0.0,560.09,9144.13,26.58,64.6,3.85,23,6,1
2024-03-11 00:00:00,0.0,219.23,9719.46,27.06,68.0,2.34,0,0,0
2024-03-11 01:00:00,0.0,511.8,9752.06,25.82,67.2,4.61,1,0,0
2024-03-11 02:00:00,0.0,344.07,9866.77,23.99,67.6,2.76,2,0,0
2024-03-11 03:00:00,0.0,126.42,9687.96,24.69,76.0,1.43,3,0,0
2024-03-11 04:00:00,0.0,194.33,9865.23,22.16,76.4,1.74,4,0,0
2024-03-11 05:00:00,0.0,137.27,9723.78,24.38,75.2,1.69,5,0,0
2024-03-11 06:00:00,0.0,451.88,9600.7,21.92,73.0,3.63,6,0,0
2024-03-11 07:00:00,0.0,128.18,9891.9,22.42,70.4,0.83,7,0,0
2024-03-11 08:00:00,0.0,207.28,10062.15,22.41,67.1,1.35,8,0,0
2024-03-11 09:00:00,0.0,158.76,10151.11,21.87,64.0,0.98,9,0,0
2024-03-11 10:00:00,1153.62,161.99,9622.66,23.18,68.0,1.84,10,0,0
2024-03-11 11:00:00,2156.8,137.1,9807.43,22.38,60.6,1.12,11,0,0
2024-03-11 12:00:00,2336.6,161.36,9807.77,24.62,60.1,0.79,12,0,0
2024-03-11 13:00:00,1922.43,225.96,9765.88,22.68,67.6,1.75,13,0,0
2024-03-11 14:00:00,1381.3,226.1,9674.85,25.23,69.8,1.91,14,0,0
2024-03-11 15:00:00,0.0,223.64,9837.51,28.18,63.3,1.93,15,0,0
2024-03-11 16:00:00,0.0,232.73,9768.92,25.37,66.0,2.24,16,0,0
2024-03-11 17:00:00,0.0,501.54,9903.81,26.38,60.7,3.86,17,0,0
2024-03-11 18:00:00,0.0,373.51,10171.4,28.29,56.9,2.86,18,0,0
2024-03-11 19:00:00,0.0,204.49,10327.62,28.19,65.5,2.37,19,0,0
2024-03-11 20:00:00,0.0,435.42,10199.12,28.49,66.3,3.0,20,0,0
2024-03-11 21:00:00,0.0,345.8,10332.11,28.56,65.5,3.45,21,0,0
2024-03-11 22:00:00,0.0,246.27,10212.77,28.43,65.6,2.3,22,0,0
2024-03-11 23:00:00,0.0,441.82,9742.71,28.53,71.7,4.57,23,0,0
2024-03-12 00:00:00,0.0,479.04,9785.54,27.17,64.9,3.79,0,1,0
2024-03-12 01:00:00,0.0,473.12,9718.12,25.66,66.8,4.03,1,1,0
2024-03-12 02:00:00,0.0,286.19,9962.0,25.98,66.7,2.96,2,1,0
2024-03-12 03:00:00,0.0,159.39,9927.5,26.68,71.5,0.71,3,1,0
2024-03-12 04:00:00,0.0,377.57,9882.57,23.52,67.0,3.36,4,1,0
2024-03-12 05:00:00,0.0,147.69,9880.19,21.89,68.5,1.2,5,1,0
2024-03-12 06:00:00,0.0,142.02,9801.63,23.91,67.9,1.05,6,1,0
2024-03-12 07:00:00,0.0,147.7,10257.58,22.13,68.9,1.65,7,1,0
2024-03-12 08:00:00,0.0,261.66,10065.71,19.57,62.9,2.52,8,1,0
2024-03-12 09:00:00,0.0,222.77,10355.32,23.3,68.0,2.23,9,1,0
2024-03-12 10:00:00,1265.65,233.18,9672.94,21.94,71.4,2.15,10,1,0
2024-03-12 11:00:00,2069.2,194.29,9650.54,22.95,65.6,1.27,11,1,0
2024-03-12 12:00:00,2733.92,140.88,9618.6,24.07,70.0,1.42,12,1,0
2024-03-12 13:00:00,2005.65,254.25,9639.5,24.63,68.2,2.16,13,1,0
2024-03-12 14:00:00,1391.09,163.72,9590.48,26.03,65.2,2.02,14,1,0
2024-03-12 15:00:00,0.0,317.01,9811.69,25.43,61.8,3.1,15,1,0
2024-03-12 16:00:00,0.0,380.29,9888.46,27.29,61.5,3.31,16,1,0
2024-03-12 17:00:00,0.0,295.51,9790.1,26.99,64.6,3.36,17,1,0
2024-03-12 18:00:00,0.0,150.3,10206.93,28.66,60.5,1.07,18,1,0
2024-03-12 19:00:00,0.0,350.24,10335.7,28.81,55.3,3.36,19,1,0
2024-03-12 20:00:00,0.0,490.69,10390.98,27.05,65.8,3.27,20,1,0
2024-03-12 21:00:00,0.0,452.03,10422.85,29.38,60.6,3.52,21,1,0
2024-03-12 22:00:00,0.0,261.35,10194.19,27.13,62.5,2.75,22,1,0
2024-03-12 23:00:00,0.0,185.63,9638.37,28.27,67.7,2.19,23,1,0
2024-03-13 00:00:00,0.0,296.91,9735.27,27.22,68.3,3.44,0,2,0
2024-03-13 01:00:00,0.0,217.47,9734.45,28.26,64.1,2.58,1,2,0
2024-03-13 02:00:00,0.0,391.35,9775.64,25.01,71.2,3.09,2,2,0
2024-03-13 03:00:00,0.0,249.93,9843.17,24.08,74.9,1.83,3,2,0
2024-03-13 04:00:00,0.0,299.99,9752.1,23.76,66.7,3.24,4,2,0
2024-03-13 05:00:00,0.0,280.38,9808.18,22.79,76.1,2.67,5,2,0
2024-03-13 06:00:00,0.0,194.99,9842.64,23.64,64.3,1.9,6,2,0
2024-03-13 07:00:00,0.0,179.09,9953.42,20.44,78.2,1.33,7,2,0
2024-03-13 08:00:00,0.0,187.79,10327.32,21.01,67.1,2.08,8,2,0
2024-03-13 09:00:00,0.0,244.92,10012.03,21.1,68.1,1.68,9,2,0
2024-03-13 10:00:00,1241.19,210.66,9847.99,23.82,58.6,1.59,10,2,0
2024-03-13 11:00:00,2109.93,327.7,9649.68,25.21,64.7,2.34,11,2,0
2024-03-13 12:00:00,2921.46,272.99,9799.22,23.65,64.6,2.8,12,2,0
2024-03-13 13:00:00,2223.36,139.81,9803.61,24.3,62.3,0.86,13,2,0
2024-03-13 14:00:00,1520.55,182.54,9985.09,25.36,59.6,1.27,14,2,0
2024-03-13 15:00:00,0.0,223.27,9758.09,27.45,57.6,1.74,15,2,0
2024-03-13 16:00:00,0.0,123.54,9941.94,25.67,65.7,1.42,16,2,0
2024-03-13 17:00:00,0.0,409.59,9820.85,27.69,61.5,2.82,17,2,0
2024-03-13 18:00:00,0.0,531.51,10644.55,29.05,68.0,3.55,18,2,0
2024-03-13 19:00:00,0.0,289.49,10174.67,28.78,60.6,3.22,19,2,0
2024-03-13 20:00:00,0.0,337.19,10412.12,28.51,62.0,2.91,20,2,0
2024-03-13 21:00:00,0.0,493.63,10143.13,29.38,68.2,4.27,21,2,0
2024-03-13 22:00:00,0.0,499.44,10283.03,24.63,59.7,3.45,22,2,0
2024-03-13 23:00:00,0.0,466.64,9934.98,28.21,62.6,3.51,23,2,0
2024-03-14 00:00:00,0.0,418.06,9959.47,26.1,72.9,3.98,0,3,0
2024-03-14 01:00:00,0.0,223.29,9874.63,23.96,64.9,2.75,1,3,0
2024-03-14 02:00:00,0.0,482.78,9751.13,25.99,63.1,4.25,2,3,0
2024-03-14 03:00:00,0.0,161.63,9851.42,26.25,78.3,1.99,3,3,0
2024-03-14 04:00:00,0.0,353.48,10087.97,23.72,65.5,3.69,4,3,0
2024-03-14 05:00:00,0.0,158.24,9795.05,24.4,71.6,1.07,5,3,0
2024-03-14 06:00:00,0.0,260.72,9901.32,24.72,70.6,2.05,6,3,0
2024-03-14 07:00:00,0.0,137.27,10049.48,24.06,58.3,0.97,7,3,0
2024-03-14 08:00:00,0.0,266.75,10229.45,24.35,67.5,2.28,8,3,0
2024-03-14 09:00:00,0.0,111.07,10209.73,23.37,69.1,0.96,9,3,0
2024-03-14 10:00:00,1389.75,167.18,9712.74,22.87,67.4,1.61,10,3,0
2024-03-14 11:00:00,2297.61,156.69,9879.28,21.34,68.4,0.96,11,3,0
2024-03-14 12:00:00,2697.14,243.13,9884.97,23.59,62.0,2.39,12,3,0
2024-03-14 13:00:00,1914.54,149.69,9874.79,23.59,65.3,1.32,13,3,0
2024-03-14 14:00:00,1452.41,333.59,9781.06,27.99,58.9,3.44,14,3,0
2024-03-14 15:00:00,0.0,192.55,9933.49,25.95,55.6,1.55,15,3,0
2024-03-14 16:00:00,0.0,213.65,9673.81,27.03,55.8,1.53,16,3,0
2024-03-14 17:00:00,0.0,426.71,9807.33,28.16,55.4,3.61,17,3,0
2024-03-14 18:00:00,0.0,221.64,10307.15,28.03,65.7,2.58,18,3,0
2024-03-14 19:00:00,0.0,445.33,10721.62,30.31,56.4,3.21,19,3,0
2024-03-14 20:00:00,0.0,261.45,10174.02,27.63,64.6,3.06,20,3,0
2024-03-14 21:00:00,0.0,249.86,10383.19,28.51,63.7,2.3,21,3,0
2024-03-14 22:00:00,0.0,324.35,10230.92,27.09,65.6,3.25,22,3,0
2024-03-14 23:00:00,0.0,686.52,9799.13,25.92,72.8,4.23,23,3,0
2024-03-15 00:00:00,0.0,540.3,9833.08,26.25,66.6,3.84,0,4,0
2024-03-15 01:00:00,0.0,355.91,9632.59,26.22,71.8,3.01,1,4,0
2024-03-15 02:00:00,0.0,454.0,9937.69,24.97,70.3,3.48,2,4,0
2024-03-15 03:00:00,0.0,180.1,9837.34,23.88,70.1,1.48,3,4,0
2024-03-15 04:00:00,0.0,162.44,9682.97,22.3,80.1,1.81,4,4,0
2024-03-15 05:00:00,0.0,266.18,9745.06,23.26,64.9,2.14,5,4,0
2024-03-15 06:00:00,0.0,179.15,9965.3,21.08,75.3,1.52,6,4,0
2024-03-15 07:00:00,0.0,172.49,10150.9,23.5,72.0,1.26,7,4,0
2024-03-15 08:00:00,0.0,78.52,9985.21,22.58,66.4,0.4,8,4,0
2024-03-15 09:00:00,0.0,76.99,10006.98,20.84,73.7,0.2,9,4,0
2024-03-15 10:00:00,1393.9,236.7,9860.98,22.52,58.5,2.02,10,4,0
2024-03-15 11:00:00,2493.41,187.06,9875.38,22.46,62.5,1.66,11,4,0
2024-03-15 12:00:00,2769.49,216.97,9829.54,24.37,58.5,2.34,12,4,0
2024-03-15 13:00:00,2338.78,149.75,9751.02,26.32,64.0,1.48,13,4,0
2024-03-15 14:00:00,1163.16,192.11,9883.16,23.23,57.1,1.5,14,4,0
2024-03-15 15:00:00,0.0,190.62,9748.57,26.4,62.8,2.33,15,4,0
2024-03-15 16:00:00,0.0,365.7,9683.44,26.79,60.1,3.27,16,4,0
2024-03-15 17:00:00,0.0,297.76,10028.05,28.41,59.1,2.64,17,4,0
2024-03-15 18:00:00,0.0,395.94,10391.5,28.34,63.1,3.68,18,4,0
2024-03-15 19:00:00,0.0,313.93,10195.83,27.48,61.2,2.39,19,4,0
2024-03-15 20:00:00,0.0,269.11,10318.71,28.1,59.0,3.16,20,4,0
2024-03-15 21:00:00,0.0,462.26,10293.28,27.43,75.8,3.27,21,4,0
2024-03-15 22:00:00,0.0,629.05,10420.63,29.37,63.9,4.28,22,4,0
2024-03-15 23:00:00,0.0,381.77,9814.03,27.63,58.3,3.36,23,4,0
2024-03-16 00:00:00,0.0,727.0,8898.76,29.37,64.8,4.41,0,5,1
2024-03-16 01:00:00,0.0,221.26,8958.84,26.29,64.2,1.73,1,5,1
2024-03-16 02:00:00,0.0,372.94,8853.26,24.74,73.3,2.67,2,5,1
2024-03-16 03:00:00,0.0,266.63,8660.87,22.99,71.8,2.45,3,5,1
2024-03-16 04:00:00,0.0,274.97,8826.62,21.92,72.3,2.55,4,5,1
2024-03-16 05:00:00,0.0,155.47,8780.1,21.56,69.0,1.16,5,5,1
2024-03-16 06:00:00,0.0,248.78,8495.15,23.31,68.9,2.95,6,5,1
2024-03-16 07:00:00,0.0,216.2,9120.3,23.3,67.7,1.45,7,5,1
2024-03-16 08:00:00,0.0,121.72,9263.41,20.69,67.9,0.47,8,5,1
2024-03-16 09:00:00,0.0,174.07,9126.06,23.76,70.3,1.3,9,5,1
2024-03-16 10:00:00,1184.51,184.96,8938.98,22.41,67.0,1.09,10,5,1
2024-03-16 11:00:00,2293.55,573.71,8855.02,23.64,66.4,3.67,11,5,1
2024-03-16 12:00:00,2916.04,216.42,8799.24,26.02,65.2,2.44,12,5,1
2024-03-16 13:00:00,2330.29,239.15,8766.21,25.89,65.7,1.85,13,5,1
2024-03-16 14:00:00,1166.28,229.31,8700.06,25.26,62.5,1.96,14,5,1
2024-03-16 15:00:00,0.0,342.95,8965.09,25.29,62.3,3.07,15,5,1
2024-03-16 16:00:00,0.0,506.98,8941.69,24.51,65.4,3.37,16,5,1
2024-03-16 17:00:00,0.0,134.24,8820.6,26.85,58.2,0.48,17,5,1
2024-03-16 18:00:00,0.0,470.09,9067.09,27.93,57.9,3.53,18,5,1
2024-03-16 19:00:00,0.0,344.39,9366.65,27.3,57.4,3.2,19,5,1
2024-03-16 20:00:00,0.0,270.57,9250.45,28.43,63.9,2.23,20,5,1
2024-03-16 21:00:00,0.0,514.17,9393.39,28.58,57.0,4.01,21,5,1
2024-03-16 22:00:00,0.0,615.08,9125.05,27.92,67.5,5.07,22,5,1
2024-03-16 23:00:00,0.0,423.46,8865.04,26.93,66.5,3.62,23,5,1
2024-03-17 00:00:00,0.0,399.71,8838.24,27.39,72.6,3.88,0,6,1
2024-03-17 01:00:00,0.0,546.44,8564.83,27.0,66.4,4.23,1,6,1
2024-03-17 02:00:00,0.0,239.84,9048.16,24.38,69.0,1.89,2,6,1
2024-03-17 03:00:00,0.0,94.49,8814.92,26.61,74.8,0.81,3,6,1
2024-03-17 04:00:00,0.0,328.33,8822.89,24.07,76.0,2.56,4,6,1
2024-03-17 05:00:00,0.0,133.26,8918.16,23.59,67.6,1.59,5,6,1
2024-03-17 06:00:00,0.0,112.44,8847.92,23.94,70.6,0.48,6,6,1
2024-03-17 07:00:00,0.0,174.56,9182.68,23.07,70.2,1.36,7,6,1
2024-03-17 08:00:00,0.0,247.14,9001.67,23.83,69.5,1.91,8,6,1
2024-03-17 09:00:00,0.0,176.96,9121.94,23.14,65.8,1.17,9,6,1
2024-03-17 10:00:00,1319.05,117.41,8624.88,22.36,70.6,0.7,10,6,1
2024-03-17 11:00:00,2328.26,118.54,8825.48,24.0,56.7,1.25,11,6,1
2024-03-17 12:00:00,2844.67,204.98,9027.41,22.82,61.3,1.57,12,6,1
2024-03-17 13:00:00,2540.85,100.51,8673.28,25.04,63.8,0.25,13,6,1
2024-03-17 14:00:00,1158.3,194.04,8811.91,25.65,63.0,1.92,14,6,1
2024-03-17 15:00:00,0.0,132.49,8599.13,26.22,66.1,1.22,15,6,1
2024-03-17 16:00:00,0.0,273.6,8854.95,27.04,65.3,3.08,16,6,1
2024-03-17 17:00:00,0.0,159.68,8909.94,25.55,59.5,1.54,17,6,1
2024-03-17 18:00:00,0.0,457.32,9356.02,27.63,66.4,3.81,18,6,1
2024-03-17 19:00:00,0.0,313.88,9317.58,28.7,59.1,2.83,19,6,1
2024-03-17 20:00:00,0.0,332.16,9153.02,28.88,66.7,2.82,20,6,1
2024-03-17 21:00:00,0.0,387.24,9161.01,27.35,71.5,3.53,21,6,1
2024-03-17 22:00:00,0.0,354.15,9667.12,29.81,70.4,2.56,22,6,1
2024-03-17 23:00:00,0.0,396.38,8959.48,26.77,67.2,3.38,23,6,1
2024-03-18 00:00:00,0.0,253.36,9833.0,28.46,66.5,2.4,0,0,0
2024-03-18 01:00:00,0.0,188.98,9805.48,27.08,62.8,2.33,1,0,0
2024-03-18 02:00:00,0.0,340.8,9662.69,25.02,70.9,2.86,2,0,0
2024-03-18 03:00:00,0.0,177.45,9940.88,27.15,65.7,1.36,3,0,0
2024-03-18 04:00:00,0.0,148.8,9699.7,22.86,67.2,1.0,4,0,0
2024-03-18 05:00:00,0.0,270.14,9838.47,24.78,65.4,1.97,5,0,0
2024-03-18 06:00:00,0.0,210.58,9626.65,24.4,67.8,1.55,6,0,0
2024-03-18 07:00:00,0.0,220.79,10079.62,22.09,68.8,1.54,7,0,0
2024-03-18 08:00:00,0.0,136.34,10250.81,24.46,68.9,1.57,8,0,0
2024-03-18 09:00:00,0.0,146.73,9987.37,22.6,64.2,1.32,9,0,0
2024-03-18 10:00:00,1489.82,181.45,9875.92,23.54,69.6,1.79,10,0,0
2024-03-18 11:00:00,2443.54,193.9,9656.31,23.98,63.2,1.49,11,0,0
2024-03-18 12:00:00,2465.1,94.58,9677.77,24.13,59.7,0.2,12,0,0
2024-03-18 13:00:00,2119.15,123.52,9784.92,25.99,62.7,0.38,13,0,0
2024-03-18 14:00:00,1470.58,397.26,9902.6,26.75,68.9,3.56,14,0,0
2024-03-18 15:00:00,0.0,209.73,9750.22,24.47,61.9,2.27,15,0,0
2024-03-18 16:00:00,0.0,336.3,9968.59,28.86,58.9,3.29,16,0,0
2024-03-18 17:00:00,0.0,225.14,9923.3,25.92,54.4,2.5,17,0,0
2024-03-18 18:00:00,0.0,272.57,10402.84,29.63,60.1,2.93,18,0,0
2024-03-18 19:00:00,0.0,259.63,10364.02,30.04,62.7,2.78,19,0,0
2024-03-18 20:00:00,0.0,538.44,10247.34,27.48,61.3,5.21,20,0,0
2024-03-18 21:00:00,0.0,465.75,10467.97,28.2,57.4,3.48,21,0,0
2024-03-18 22:00:00,0.0,296.81,10192.48,27.06,61.9,2.81,22,0,0
2024-03-18 23:00:00,0.0,148.04,9907.79,27.66,72.5,1.82,23,0,0
2024-03-19 00:00:00,0.0,561.61,9754.5,27.03,73.4,4.54,0,1,0
2024-03-19 01:00:00,0.0,362.29,9996.75,27.61,65.2,2.63,1,1,0
2024-03-19 02:00:00,0.0,359.1,10055.45,27.47,72.2,3.11,2,1,0
2024-03-19 03:00:00,0.0,428.15,9909.78,26.8,65.3,2.94,3,1,0
2024-03-19 04:00:00,0.0,193.51,9588.41,23.72,75.8,1.63,4,1,0
2024-03-19 05:00:00,0.0,321.86,9497.61,23.52,71.0,2.29,5,1,0
2024-03-19 06:00:00,0.0,120.81,9793.34,21.28,73.3,1.07,6,1,0
2024-03-19 07:00:00,0.0,103.21,10209.8,22.03,61.8,0.6,7,1,0
2024-03-19 08:00:00,0.0,274.3,10161.12,24.05,70.4,2.22,8,1,0
2024-03-19 09:00:00,0.0,193.75,10014.17,24.94,66.4,1.13,9,1,0
2024-03-19 10:00:00,1119.3,233.47,9607.68,21.82,68.6,1.71,10,1,0
2024-03-19 11:00:00,2467.79,203.07,9897.57,23.06,67.5,1.72,11,1,0
2024-03-19 12:00:00,2556.15,173.02,10009.03,24.37,62.9,2.06,12,1,0
2024-03-19 13:00:00,2251.09,103.89,9705.59,25.46,59.2,0.51,13,1,0
2024-03-19 14:00:00,1446.47,136.77,9885.03,24.93,64.0,1.53,14,1,0
2024-03-19 15:00:00,0.0,198.16,10098.35,27.18,60.1,2.0,15,1,0
2024-03-19 16:00:00,0.0,179.0,9763.23,26.83,56.7,1.85,16,1,0
2024-03-19 17:00:00,0.0,332.01,9765.66,28.0,56.7,3.1,17,1,0
2024-03-19 18:00:00,0.0,583.08,10502.07,29.15,54.9,3.91,18,1,0
2024-03-19 19:00:00,0.0,429.36,10356.68,28.8,59.6,4.2,19,1,0
2024-03-19 20:00:00,0.0,296.09,10497.33,28.37,67.1,2.95,20,1,0
2024-03-19 21:00:00,0.0,356.54,10324.68,28.66,64.6,3.49,21,1,0
2024-03-19 22:00:00,0.0,378.03,10335.41,28.39,63.1,3.58,22,1,0
2024-03-19 23:00:00,0.0,400.43,9612.91,27.57,69.7,3.62,23,1,0
2024-03-20 00:00:00,0.0,210.33,9757.73,27.19,64.2,2.24,0,2,0
2024-03-20 01:00:00,0.0,681.25,9752.03,28.69,68.9,4.2,1,2,0
2024-03-20 02:00:00,0.0,358.22,9827.53,26.67,68.6,3.24,2,2,0
2024-03-20 03:00:00,0.0,263.7,9586.29,24.87,72.9,3.0,3,2,0
2024-03-20 04:00:00,0.0,326.52,9903.59,25.34,63.7,2.94,4,2,0
2024-03-20 05:00:00,0.0,195.57,9681.46,23.48,66.4,2.17,5,2,0
2024-03-20 06:00:00,0.0,103.28,10000.1,24.81,62.8,0.71,6,2,0
2024-03-20 07:00:00,0.0,139.65,10265.49,23.55,67.5,1.26,7,2,0
2024-03-20 08:00:00,0.0,76.0,10165.28,22.87,72.3,0.2,8,2,0
2024-03-20 09:00:00,0.0,207.97,9916.44,23.64,64.3,1.57,9,2,0
2024-03-20 10:00:00,1273.12,177.29,9710.65,21.52,63.0,1.14,10,2,0
2024-03-20 11:00:00,2013.25,155.5,9678.45,22.53,67.2,1.34,11,2,0
2024-03-20 12:00:00,2296.85,307.63,9693.46,23.07,66.8,2.5,12,2,0
2024-03-20 13:00:00,2240.24,157.11,9975.21,25.4,61.1,1.37,13,2,0
2024-03-20 14:00:00,1078.35,162.25,9777.76,28.08,63.4,1.78,14,2,0
2024-03-20 15:00:00,0.0,234.62,9889.76,29.45,55.9,2.26,15,2,0
2024-03-20 16:00:00,0.0,148.66,9730.27,28.27,65.5,1.03,16,2,0
2024-03-20 17:00:00,0.0,204.69,9812.9,28.72,68.8,2.53,17,2,0
2024-03-20 18:00:00,0.0,151.91,10353.91,26.44,62.8,0.96,18,2,0
2024-03-20 19:00:00,0.0,335.69,10126.25,28.25,53.1,2.64,19,2,0
2024-03-20 20:00:00,0.0,585.22,10308.08,28.05,60.3,3.89,20,2,0
2024-03-20 21:00:00,0.0,331.72,10359.73,28.15,66.2,3.6,21,2,0
2024-03-20 22:00:00,0.0,215.37,10132.16,28.4,63.3,2.73,22,2,0
2024-03-20 23:00:00,0.0,270.45,9615.9,27.55,71.4,3.14,23,2,0
2024-03-21 00:00:00,0.0,287.22,9780.28,25.23,69.7,2.07,0,3,0
2024-03-21 01:00:00,0.0,351.27,9958.92,27.78,65.5,2.72,1,3,0
2024-03-21 02:00:00,0.0,801.07,9930.33,24.82,69.3,4.83,2,3,0
2024-03-21 03:00:00,0.0,454.22,9712.98,25.61,66.1,3.7,3,3,0
2024-03-21 04:00:00,0.0,227.41,9955.11,27.09,69.1,2.01,4,3,0
2024-03-21 05:00:00,0.0,183.88,9747.64,22.88,67.4,1.85,5,3,0
2024-03-21 06:00:00,0.0,150.37,9746.62,20.47,73.9,0.73,6,3,0
2024-03-21 07:00:00,0.0,148.72,10112.28,22.86,76.8,0.72,7,3,0
2024-03-21 08:00:00,0.0,170.81,10201.74,24.42,61.6,1.55,8,3,0
2024-03-21 09:00:00,0.0,116.3,10027.92,25.56,58.4,0.8,9,3,0
2024-03-21 10:00:00,1450.51,251.94,9738.23,22.03,63.8,1.98,10,3,0
2024-03-21 11:00:00,2214.06,209.22,9636.22,24.58,57.5,2.61,11,3,0
2024-03-21 12:00:00,2899.07,245.01,9828.12,24.04,62.5,1.78,12,3,0
2024-03-21 13:00:00,2508.48,198.44,9898.0,25.2,64.3,1.81,13,3,0
2024-03-21 14:00:00,1132.83,114.77,10066.63,29.28,66.5,0.62,14,3,0
2024-03-21 15:00:00,0.0,348.25,9622.01,25.08,60.8,2.82,15,3,0
2024-03-21 16:00:00,0.0,199.81,9740.05,27.91,59.1,1.57,16,3,0
2024-03-21 17:00:00,0.0,227.77,10035.0,28.79,52.1,2.39,17,3,0
2024-03-21 18:00:00,0.0,566.98,10569.86,30.0,60.6,3.7,18,3,0
2024-03-21 19:00:00,0.0,625.74,10435.21,29.12,61.6,3.91,19,3,0
2024-03-21 20:00:00,0.0,321.59,10476.48,29.47,64.9,2.82,20,3,0
2024-03-21 21:00:00,0.0,339.23,10421.76,28.53,60.7,2.9,21,3,0
2024-03-21 22:00:00,0.0,301.88,10452.83,29.02,63.1,2.63,22,3,0
2024-03-21 23:00:00,0.0,234.02,9716.95,27.81,60.2,2.13,23,3,0
2024-03-22 00:00:00,0.0,336.17,9948.43,28.45,58.0,2.41,0,4,0
2024-03-22 01:00:00,0.0,146.14,9641.65,26.54,63.8,1.42,1,4,0
2024-03-22 02:00:00,0.0,263.54,9944.65,26.66,62.7,3.01,2,4,0
2024-03-22 03:00:00,0.0,349.77,9678.49,25.39,70.8,2.52,3,4,0
2024-03-22 04:00:00,0.0,220.49,9851.75,26.06,67.6,2.4,4,4,0
2024-03-22 05:00:00,0.0,158.19,9766.23,24.02,67.3,0.94,5,4,0
2024-03-22 06:00:00,0.0,94.99,9728.83,21.48,65.0,0.55,6,4,0
2024-03-22 07:00:00,0.0,215.54,10263.91,24.82,55.3,1.39,7,4,0
2024-03-22 08:00:00,0.0,189.83,10190.15,22.12,73.2,1.29,8,4,0
2024-03-22 09:00:00,0.0,184.29,10093.93,22.52,61.9,1.09,9,4,0
2024-03-22 10:00:00,1049.12,180.32,9995.42,22.89,63.0,1.01,10,4,0
2024-03-22 11:00:00,1828.35,228.58,9903.57,25.73,57.5,2.71,11,4,0
2024-03-22 12:00:00,2281.02,199.54,9689.34,22.14,66.0,1.84,12,4,0
2024-03-22 13:00:00,2095.08,415.2,9665.96,29.2,61.7,3.28,13,4,0
2024-03-22 14:00:00,1314.08,395.3,9798.82,27.47,57.0,2.96,14,4,0
2024-03-22 15:00:00,0.0,362.82,9952.02,27.25,58.3,3.57,15,4,0
2024-03-22 16:00:00,0.0,233.07,9859.28,27.64,66.4,1.61,16,4,0
2024-03-22 17:00:00,0.0,306.73,10059.3,28.67,59.5,3.18,17,4,0
2024-03-22 18:00:00,0.0,346.64,10398.38,29.43,59.6,2.57,18,4,0
2024-03-22 19:00:00,0.0,200.11,10512.81,29.88,57.4,1.74,19,4,0
2024-03-22 20:00:00,0.0,578.97,10514.47,29.87,54.6,4.37,20,4,0
2024-03-22 21:00:00,0.0,312.0,10471.41,29.21,62.7,2.97,21,4,0
2024-03-22 22:00:00,0.0,197.36,10453.91,28.57,66.0,2.33,22,4,0
2024-03-22 23:00:00,0.0,278.81,10000.78,28.15,70.3,2.74,23,4,0
2024-03-23 00:00:00,0.0,238.96,9075.12,27.58,58.0,2.26,0,5,1
2024-03-23 01:00:00,0.0,234.1,9105.29,28.45,63.5,2.14,1,5,1
2024-03-23 02:00:00,0.0,286.08,8934.29,27.02,66.5,2.27,2,5,1
2024-03-23 03:00:00,0.0,392.16,8812.93,22.0,69.3,3.58,3,5,1
2024-03-23 04:00:00,0.0,161.04,8881.11,25.6,68.9,1.4,4,5,1
2024-03-23 05:00:00,0.0,426.09,8932.63,24.42,68.8,3.02,5,5,1
2024-03-23 06:00:00,0.0,275.82,8870.21,23.69,70.4,2.17,6,5,1
2024-03-23 07:00:00,0.0,136.61,9029.34,22.95,64.4,1.64,7,5,1
2024-03-23 08:00:00,0.0,244.71,9083.52,24.66,70.7,1.83,8,5,1
2024-03-23 09:00:00,0.0,200.36,9243.17,24.55,67.5,1.2,9,5,1
2024-03-23 10:00:00,1052.42,314.32,8824.42,22.78,63.2,2.26,10,5,1
2024-03-23 11:00:00,1840.92,242.16,8856.9,24.68,69.6,1.78,11,5,1
2024-03-23 12:00:00,2370.52,104.94,8844.59,23.64,68.2,0.2,12,5,1
2024-03-23 13:00:00,2444.5,187.93,8746.94,23.88,64.7,1.93,13,5,1
2024-03-23 14:00:00,1155.18,309.8,8833.45,25.56,48.1,2.56,14,5,1
2024-03-23 15:00:00,0.0,244.21,8812.74,28.12,66.0,1.96,15,5,1
2024-03-23 16:00:00,0.0,246.46,8879.28,28.95,62.7,2.55,16,5,1
2024-03-23 17:00:00,0.0,208.29,8846.7,29.05,67.7,2.2,17,5,1
2024-03-23 18:00:00,0.0,191.64,9500.85,29.78,65.1,1.8,18,5,1
2024-03-23 19:00:00,0.0,222.93,9592.8,29.83,67.3,1.82,19,5,1
2024-03-23 20:00:00,0.0,189.82,9506.03,28.54,65.5,1.93,20,5,1
2024-03-23 21:00:00,0.0,469.75,9339.92,29.73,68.6,3.73,21,5,1
2024-03-23 22:00:00,0.0,189.43,9715.95,29.87,72.5,1.17,22,5,1
2024-03-23 23:00:00,0.0,246.61,9041.91,29.34,66.6,2.53,23,5,1
2024-03-24 00:00:00,0.0,319.55,8871.52,29.34,60.5,2.27,0,6,1
2024-03-24 01:00:00,0.0,266.75,8810.12,28.04,66.6,2.45,1,6,1
2024-03-24 02:00:00,0.0,106.07,8628.71,26.83,70.2,0.95,2,6,1
2024-03-24 03:00:00,0.0,204.39,8659.39,26.92,69.4,2.5,3,6,1
2024-03-24 04:00:00,0.0,122.58,9060.57,24.88,64.3,0.9,4,6,1
2024-03-24 05:00:00,0.0,245.77,8770.08,23.23,62.6,2.58,5,6,1
2024-03-24 06:00:00,0.0,168.19,8918.43,23.62,65.7,0.97,6,6,1
2024-03-24 07:00:00,0.0,180.55,9125.66,22.62,71.1,1.24,7,6,1
2024-03-24 08:00:00,0.0,192.47,9141.14,22.6,73.1,1.22,8,6,1
2024-03-24 09:00:00,0.0,176.92,9183.16,23.34,69.3,1.37,9,6,1
2024-03-24 10:00:00,1104.4,152.39,8603.92,22.86,68.5,1.24,10,6,1
2024-03-24 11:00:00,1834.88,121.02,9012.23,23.92,62.7,0.97,11,6,1
2024-03-24 12:00:00,2251.05,209.27,8842.15,22.64,54.8,1.75,12,6,1
2024-03-24 13:00:00,2487.83,243.68,8793.49,25.89,59.0,2.05,13,6,1
2024-03-24 14:00:00,1328.0,153.26,8910.16,26.41,58.9,1.31,14,6,1
2024-03-24 15:00:00,0.0,350.92,8767.47,26.21,57.5,2.52,15,6,1
2024-03-24 16:00:00,0.0,431.76,8958.79,28.7,59.5,3.39,16,6,1
2024-03-24 17:00:00,0.0,450.51,9023.39,29.66,61.2,3.24,17,6,1
2024-03-24 18:00:00,0.0,468.88,9395.32,27.08,63.4,3.63,18,6,1
2024-03-24 19:00:00,0.0,327.36,9329.93,28.4,59.7,3.18,19,6,1
2024-03-24 20:00:00,0.0,302.18,9242.26,28.49,54.2,2.4,20,6,1
2024-03-24 21:00:00,0.0,235.91,9374.0,28.18,61.1,2.53,21,6,1
2024-03-24 22:00:00,0.0,423.25,9506.67,30.01,64.5,3.4,22,6,1
2024-03-24 23:00:00,0.0,440.19,8669.68,28.3,70.5,3.8,23,6,1
2024-03-25 00:00:00,0.0,578.15,9809.72,27.7,64.4,5.1,0,0,0
2024-03-25 01:00:00,0.0,387.57,9721.51,24.89,69.7,3.45,1,0,0
2024-03-25 02:00:00,0.0,157.69,9827.49,27.28,69.6,1.49,2,0,0
2024-03-25 03:00:00,0.0,140.78,9683.39,24.25,69.1,1.55,3,0,0
2024-03-25 04:00:00,0.0,541.5,9641.23,25.09,72.9,3.73,4,0,0
2024-03-25 05:00:00,0.0,177.35,9927.61,24.73,66.3,1.49,5,0,0
2024-03-25 06:00:00,0.0,162.19,9887.18,25.55,66.2,1.5,6,0,0
2024-03-25 07:00:00,0.0,114.29,10100.21,22.05,67.6,0.53,7,0,0
2024-03-25 08:00:00,0.0,311.59,10153.53,19.89,64.1,2.45,8,0,0
2024-03-25 09:00:00,0.0,131.88,10198.25,23.84,67.5,1.57,9,0,0
2024-03-25 10:00:00,1455.79,119.87,9784.78,26.08,61.3,0.58,10,0,0
2024-03-25 11:00:00,2500.14,110.98,9640.98,25.88,63.8,0.5,11,0,0
2024-03-25 12:00:00,2909.1,240.21,9821.94,25.27,61.2,1.7,12,0,0
2024-03-25 13:00:00,1820.52,201.52,9906.27,25.15,61.5,1.7,13,0,0
2024-03-25 14:00:00,1353.08,224.36,9857.18,27.48,58.0,2.57,14,0,0
2024-03-25 15:00:00,0.0,269.94,9793.12,26.12,58.0,2.6,15,0,0
2024-03-25 16:00:00,0.0,261.77,9928.17,28.59,59.5,2.21,16,0,0
2024-03-25 17:00:00,0.0,180.66,9915.45,29.24,60.1,2.23,17,0,0
2024-03-25 18:00:00,0.0,375.68,10716.44,30.39,59.8,2.74,18,0,0
2024-03-25 19:00:00,0.0,214.5,11047.64,32.73,67.4,2.59,19,0,0
2024-03-25 20:00:00,0.0,249.98,10385.2,29.99,57.7,3.03,20,0,0
2024-03-25 21:00:00,0.0,259.46,10524.71,28.8,62.6,3.18,21,0,0
2024-03-25 22:00:00,0.0,295.2,10694.55,29.08,57.8,2.41,22,0,0
2024-03-25 23:00:00,0.0,411.99,9849.07,26.51,66.9,3.54,23,0,0
2024-03-26 00:00:00,0.0,217.65,9904.05,27.28,62.0,2.56,0,1,0
2024-03-26 01:00:00,0.0,267.25,9708.35,26.9,66.4,1.98,1,1,0
2024-03-26 02:00:00,0.0,194.72,9725.56,25.99,66.8,2.13,2,1,0
2024-03-26 03:00:00,0.0,233.1,9760.86,26.02,69.9,2.35,3,1,0
2024-03-26 04:00:00,0.0,177.49,9737.71,24.13,66.8,1.96,4,1,0
2024-03-26 05:00:00,0.0,277.64,9628.58,25.84,66.4,1.99,5,1,0
2024-03-26 06:00:00,0.0,275.4,9765.28,24.02,74.0,2.16,6,1,0
2024-03-26 07:00:00,0.0,291.3,10201.37,23.71,68.6,2.33,7,1,0
2024-03-26 08:00:00,0.0,125.26,9945.18,23.23,64.2,1.41,8,1,0
2024-03-26 09:00:00,0.0,103.62,10122.5,23.91,64.3,0.3,9,1,0
2024-03-26 10:00:00,1153.14,146.11,9803.81,25.01,70.6,0.97,10,1,0
2024-03-26 11:00:00,2382.64,103.62,9749.84,23.46,61.7,0.48,11,1,0
2024-03-26 12:00:00,2157.62,281.19,9845.58,24.33,58.7,2.8,12,1,0
2024-03-26 13:00:00,2223.54,453.7,9834.32,25.48,57.7,3.24,13,1,0
2024-03-26 14:00:00,1311.74,191.66,9741.31,25.0,57.4,2.41,14,1,0
2024-03-26 15:00:00,0.0,342.94,9913.31,26.41,56.8,2.84,15,1,0
2024-03-26 16:00:00,0.0,272.03,9853.27,27.55,53.9,2.61,16,1,0
2024-03-26 17:00:00,0.0,365.34,10200.36,29.79,54.6,2.94,17,1,0
2024-03-26 18:00:00,0.0,152.01,10474.81,29.53,56.3,1.58,18,1,0
2024-03-26 19:00:00,0.0,284.0,10471.89,29.75,62.8,2.96,19,1,0
2024-03-26 20:00:00,0.0,280.01,10597.62,30.64,59.9,2.41,20,1,0
2024-03-26 21:00:00,0.0,509.53,10601.5,29.35,61.8,3.38,21,1,0
2024-03-26 22:00:00,0.0,449.02,10485.1,29.69,69.0,3.07,22,1,0
2024-03-26 23:00:00,0.0,523.58,9853.6,28.62,70.4,4.57,23,1,0
2024-03-27 00:00:00,0.0,329.07,10089.36,28.54,65.2,3.58,0,2,0
2024-03-27 01:00:00,0.0,340.57,9624.66,26.8,64.8,2.87,1,2,0
2024-03-27 02:00:00,0.0,229.84,9828.82,23.79,64.7,2.18,2,2,0
2024-03-27 03:00:00,0.0,476.83,9778.63,25.78,71.4,3.48,3,2,0
2024-03-27 04:00:00,0.0,212.98,9755.93,26.93,68.0,1.86,4,2,0
2024-03-27 05:00:00,0.0,214.61,9671.6,25.71,67.1,1.9,5,2,0
2024-03-27 06:00:00,0.0,191.05,9706.33,25.28,64.9,1.47,6,2,0
2024-03-27 07:00:00,0.0,108.15,10052.03,25.31,64.3,0.95,7,2,0
2024-03-27 08:00:00,0.0,171.74,10160.49,23.83,67.6,1.2,8,2,0
2024-03-27 09:00:00,0.0,96.87,10203.29,24.06,59.8,0.2,9,2,0
2024-03-27 10:00:00,1440.72,115.89,9572.54,23.38,67.8,0.2,10,2,0
2024-03-27 11:00:00,2518.81,143.62,9641.81,24.22,60.4,1.55,11,2,0
2024-03-27 12:00:00,2816.63,264.85,9851.75,25.96,60.7,2.69,12,2,0
2024-03-27 13:00:00,2446.89,272.16,9861.87,27.39,54.9,1.92,13,2,0
2024-03-27 14:00:00,1322.46,167.9,9610.36,26.55,59.4,1.3,14,2,0
2024-03-27 15:00:00,0.0,176.04,9890.91,26.96,57.7,0.98,15,2,0
2024-03-27 16:00:00,0.0,382.18,9812.04,28.22,58.6,3.02,16,2,0
2024-03-27 17:00:00,0.0,301.7,10072.21,29.56,64.9,2.18,17,2,0
2024-03-27 18:00:00,0.0,351.98,10187.79,27.59,60.2,3.36,18,2,0
2024-03-27 19:00:00,0.0,294.58,10123.2,26.86,57.1,3.32,19,2,0
2024-03-27 20:00:00,0.0,488.59,10386.52,29.06,58.5,3.49,20,2,0
2024-03-27 21:00:00,0.0,430.94,10277.19,28.15,64.9,3.17,21,2,0
2024-03-27 22:00:00,0.0,430.17,10341.04,28.71,69.0,3.41,22,2,0
2024-03-27 23:00:00,0.0,344.15,9823.6,28.67,66.2,2.91,23,2,0
2024-03-28 00:00:00,0.0,320.21,9989.15,27.78,68.9,2.33,0,3,0
2024-03-28 01:00:00,0.0,169.66,9750.86,29.34,69.6,1.86,1,3,0
2024-03-28 02:00:00,0.0,118.94,9684.62,27.22,73.6,0.48,2,3,0
2024-03-28 03:00:00,0.0,162.44,9735.77,26.41,60.7,1.98,3,3,0
2024-03-28 04:00:00,0.0,277.98,9788.88,26.07,71.3,3.08,4,3,0
2024-03-28 05:00:00,0.0,235.35,9871.32,23.34,72.4,2.21,5,3,0
2024-03-28 06:00:00,0.0,221.78,9889.84,25.47,62.6,1.6,6,3,0
2024-03-28 07:00:00,0.0,138.37,10230.18,23.83,63.6,0.67,7,3,0
2024-03-28 08:00:00,0.0,280.09,10158.77,24.63,62.7,1.96,8,3,0
2024-03-28 09:00:00,0.0,105.32,9893.4,22.64,62.0,1.03,9,3,0
2024-03-28 10:00:00,1463.32,248.87,9586.28,22.36,61.7,2.42,10,3,0
2024-03-28 11:00:00,2372.69,88.97,9923.67,25.68,63.3,0.48,11,3,0
2024-03-28 12:00:00,2817.76,94.95,9915.92,25.78,64.6,0.82,12,3,0
2024-03-28 13:00:00,2175.09,119.4,9862.32,24.96,64.4,0.95,13,3,0
2024-03-28 14:00:00,1264.85,103.88,9687.57,25.78,55.9,0.68,14,3,0
2024-03-28 15:00:00,0.0,160.91,9867.0,28.95,55.4,1.38,15,3,0
2024-03-28 16:00:00,0.0,215.46,9738.14,26.9,63.9,2.47,16,3,0
2024-03-28 17:00:00,0.0,227.33,10030.95,30.92,61.4,2.06,17,3,0
2024-03-28 18:00:00,0.0,121.63,10363.93,28.34,59.6,0.2,18,3,0
2024-03-28 19:00:00,0.0,545.3,10862.4,30.49,62.0,3.85,19,3,0
2024-03-28 20:00:00,0.0,238.6,10410.7,29.43,61.0,1.74,20,3,0
2024-03-28 21:00:00,0.0,510.45,10754.31,30.45,64.4,3.6,21,3,0
2024-03-28 22:00:00,0.0,334.93,10280.78,28.77,62.3,3.12,22,3,0
2024-03-28 23:00:00,0.0,717.86,9696.1,28.75,66.0,4.69,23,3,0
2024-03-29 00:00:00,0.0,501.43,9963.72,28.47,59.9,3.62,0,4,0
2024-03-29 01:00:00,0.0,202.05,9759.74,26.5,64.2,2.21,1,4,0
2024-03-29 02:00:00,0.0,248.35,9938.55,27.81,65.1,1.81,2,4,0
2024-03-29 03:00:00,0.0,378.4,9962.51,25.53,66.8,3.32,3,4,0
2024-03-29 04:00:00,0.0,87.06,9752.59,25.15,64.8,0.67,4,4,0
2024-03-29 05:00:00,0.0,218.28,9947.16,23.61,66.2,1.77,5,4,0
2024-03-29 06:00:00,0.0,179.74,9680.87,21.25,61.7,1.3,6,4,0
2024-03-29 07:00:00,0.0,144.16,9993.98,23.8,69.2,0.97,7,4,0
2024-03-29 08:00:00,0.0,143.52,10229.67,26.82,65.6,1.43,8,4,0
2024-03-29 09:00:00,0.0,158.92,9915.26,24.97,57.9,1.27,9,4,0
2024-03-29 10:00:00,1079.02,168.59,9785.81,24.3,60.1,1.51,10,4,0
2024-03-29 11:00:00,1944.22,214.05,9935.96,24.49,63.5,1.36,11,4,0
2024-03-29 12:00:00,2919.01,236.56,9944.01,25.45,58.8,1.74,12,4,0
2024-03-29 13:00:00,1888.48,224.15,9734.08,26.81,57.1,1.69,13,4,0
2024-03-29 14:00:00,1423.13,134.09,9907.11,25.51,58.8,1.33,14,4,0
2024-03-29 15:00:00,0.0,211.61,9782.29,29.04,60.0,2.12,15,4,0
2024-03-29 16:00:00,0.0,189.58,9867.2,29.28,52.7,1.8,16,4,0
2024-03-29 17:00:00,0.0,220.97,10054.31,29.91,60.8,1.99,17,4,0
2024-03-29 18:00:00,0.0,204.65,10593.63,30.05,55.9,2.55,18,4,0
2024-03-29 19:00:00,0.0,342.49,10397.37,29.85,59.8,2.88,19,4,0
2024-03-29 20:00:00,0.0,326.92,10857.45,30.73,60.8,3.11,20,4,0
2024-03-29 21:00:00,0.0,493.09,10383.48,30.53,60.1,3.85,21,4,0
2024-03-29 22:00:00,0.0,212.46,10435.1,29.1,59.4,2.68,22,4,0
2024-03-29 23:00:00,0.0,323.17,9854.87,28.36,63.6,3.14,23,4,0
2024-03-30 00:00:00,0.0,379.16,8718.46,28.65,72.3,2.9,0,5,1
2024-03-30 01:00:00,0.0,235.11,9202.14,29.66,61.4,2.12,1,5,1
2024-03-30 02:00:00,0.0,313.01,8765.14,25.54,74.4,2.42,2,5,1
2024-03-30 03:00:00,0.0,367.24,8865.81,24.49,67.1,2.91,3,5,1
2024-03-30 04:00:00,0.0,268.26,8893.36,25.73,68.4,1.99,4,5,1
2024-03-30 05:00:00,0.0,143.62,8679.49,24.97,63.8,1.78,5,5,1
2024-03-30 06:00:00,0.0,112.7,8725.34,24.64,64.5,0.83,6,5,1
2024-03-30 07:00:00,0.0,324.49,9326.56,24.42,64.8,2.81,7,5,1
2024-03-30 08:00:00,0.0,149.71,9131.1,23.76,61.6,0.62,8,5,1
2024-03-30 09:00:00,0.0,107.84,8815.35,25.92,63.7,0.2,9,5,1
2024-03-30 10:00:00,1050.29,201.47,8817.77,22.51,61.7,1.83,10,5,1
2024-03-30 11:00:00,2287.26,118.93,8850.05,23.91,69.4,1.15,11,5,1
2024-03-30 12:00:00,2578.32,151.4,8880.32,25.4,56.1,1.15,12,5,1
2024-03-30 13:00:00,2289.82,148.09,8614.13,24.28,60.2,1.17,13,5,1
2024-03-30 14:00:00,1252.69,455.19,8850.48,26.82,59.9,3.34,14,5,1
2024-03-30 15:00:00,0.0,250.66,8959.28,29.8,54.2,2.39,15,5,1
2024-03-30 16:00:00,0.0,280.65,8943.22,28.55,61.0,2.8,16,5,1
2024-03-30 17:00:00,0.0,231.45,9077.78,29.43,56.9,2.73,17,5,1
2024-03-30 18:00:00,0.0,253.22,9370.54,28.11,49.0,3.03,18,5,1
2024-03-30 19:00:00,0.0,501.03,9614.14,29.19,62.4,4.09,19,5,1
2024-03-30 20:00:00,0.0,294.25,9752.99,29.58,56.3,2.87,20,5,1
2024-03-30 21:00:00,0.0,224.15,9349.53,29.54,57.8,1.94,21,5,1
2024-03-30 22:00:00,0.0,517.39,9624.4,31.16,66.0,3.76,22,5,1
2024-03-30 23:00:00,0.0,288.69,9150.65,29.82,63.2,3.37,23,5,1
2024-03-31 00:00:00,0.0,325.34,8838.78,27.3,69.3,2.89,0,6,1
2024-03-31 01:00:00,0.0,408.72,8550.07,28.2,71.5,2.97,1,6,1
2024-03-31 02:00:00,0.0,221.86,8830.89,27.73,64.9,2.05,2,6,1
2024-03-31 03:00:00,0.0,236.86,9002.1,27.72,71.1,2.11,3,6,1
2024-03-31 04:00:00,0.0,196.2,8686.63,27.53,65.1,1.73,4,6,1
2024-03-31 05:00:00,0.0,140.2,8880.46,23.79,76.9,1.12,5,6,1
2024-03-31 06:00:00,0.0,199.22,8625.12,23.56,64.7,2.34,6,6,1
2024-03-31 07:00:00,0.0,76.09,9243.4,22.72,70.8,0.2,7,6,1
2024-03-31 08:00:00,0.0,279.01,9167.99,23.85,69.0,3.02,8,6,1
2024-03-31 09:00:00,0.0,238.06,9070.83,24.79,65.7,1.79,9,6,1
2024-03-31 10:00:00,1130.8,84.64,8803.85,25.72,60.4,0.2,10,6,1
2024-03-31 11:00:00,2045.19,183.43,8674.11,24.92,61.2,1.05,11,6,1
2024-03-31 12:00:00,2648.95,188.17,8974.92,25.25,52.0,1.25,12,6,1
2024-03-31 13:00:00,2025.14,237.48,8758.08,26.54,60.5,1.91,13,6,1
2024-03-31 14:00:00,1046.7,163.23,8914.04,26.13,60.2,1.04,14,6,1
2024-03-31 15:00:00,0.0,172.44,9013.31,30.41,58.8,2.12,15,6,1
2024-03-31 16:00:00,0.0,258.65,9117.81,26.7,46.2,2.25,16,6,1
2024-03-31 17:00:00,0.0,280.74,9208.74,29.47,53.2,2.0,17,6,1
2024-03-31 18:00:00,0.0,169.77,10033.09,32.16,55.8,2.1,18,6,1
2024-03-31 19:00:00,0.0,392.93,9805.42,30.04,60.7,3.69,19,6,1
2024-03-31 20:00:00,0.0,143.63,9450.46,29.9,61.8,1.7,20,6,1
2024-03-31 21:00:00,0.0,428.5,9386.3,29.6,61.1,3.47,21,6,1
2024-03-31 22:00:00,0.0,348.19,9725.28,29.51,65.7,3.7,22,6,1
2024-03-31 23:00:00,0.0,307.72,9167.67,30.9,60.3,2.78,23,6,1
2024-04-01 00:00:00,0.0,359.22,9885.99,26.08,67.9,2.83,0,0,0
2024-04-01 01:00:00,0.0,335.55,9944.62,29.85,68.4,3.51,1,0,0
2024-04-01 02:00:00,0.0,232.57,9713.49,25.52,68.8,1.78,2,0,0
2024-04-01 03:00:00,0.0,138.28,9885.59,26.13,67.1,1.6,3,0,0
2024-04-01 04:00:00,0.0,137.14,9549.62,25.22,75.3,1.43,4,0,0
2024-04-01 05:00:00,0.0,242.07,9879.98,25.82,69.8,2.51,5,0,0
2024-04-01 06:00:00,0.0,312.8,9848.94,22.71,63.4,2.41,6,0,0
2024-04-01 07:00:00,0.0,117.61,10037.38,24.89,67.5,0.2,7,0,0
2024-04-01 08:00:00,0.0,179.78,10103.9,26.66,68.5,1.92,8,0,0
2024-04-01 09:00:00,0.0,151.39,10122.7,22.7,61.9,1.74,9,0,0
2024-04-01 10:00:00,1287.87,314.11,9814.44,24.86,67.3,2.36,10,0,0
2024-04-01 11:00:00,2388.33,195.73,9868.82,24.31,63.2,1.52,11,0,0
2024-04-01 12:00:00,2275.54,132.44,9688.2,26.24,51.1,1.34,12,0,0
2024-04-01 13:00:00,1808.53,286.25,10109.73,26.48,60.6,2.5,13,0,0
2024-04-01 14:00:00,1382.92,320.6,9761.33,26.46,57.0,2.38,14,0,0
2024-04-01 15:00:00,0.0,359.32,9844.66,28.59,60.3,3.88,15,0,0
2024-04-01 16:00:00,0.0,269.39,10384.76,30.9,61.7,3.11,16,0,0
2024-04-01 17:00:00,0.0,262.25,9707.63,29.12,58.9,2.71,17,0,0
2024-04-01 18:00:00,0.0,227.28,10861.05,30.69,65.3,1.85,18,0,0
2024-04-01 19:00:00,0.0,222.51,10374.3,28.58,58.7,2.48,19,0,0
2024-04-01 20:00:00,0.0,252.97,10362.46,29.08,62.9,1.9,20,0,0
2024-04-01 21:00:00,0.0,377.19,10495.84,30.7,64.9,2.91,21,0,0
2024-04-01 22:00:00,0.0,481.96,10592.57,31.61,62.6,3.79,22,0,0
2024-04-01 23:00:00,0.0,258.74,9969.26,29.78,67.4,2.95,23,0,0
2024-04-02 00:00:00,0.0,557.17,9877.32,28.46,62.9,3.6,0,1,0
2024-04-02 01:00:00,0.0,317.52,9874.56,28.11,64.6,2.84,1,1,0
2024-04-02 02:00:00,0.0,217.58,9817.92,25.83,61.9,2.01,2,1,0
2024-04-02 03:00:00,0.0,306.12,9724.78,27.28,68.6,2.14,3,1,0
2024-04-02 04:00:00,0.0,294.1,9946.74,26.89,69.1,2.19,4,1,0
2024-04-02 05:00:00,0.0,188.4,10106.86,24.67,72.3,1.68,5,1,0
2024-04-02 06:00:00,0.0,169.02,9965.35,24.17,70.3,1.49,6,1,0
2024-04-02 07:00:00,0.0,89.35,10057.89,24.75,65.2,0.59,7,1,0
2024-04-02 08:00:00,0.0,158.74,10161.25,23.81,60.6,0.76,8,1,0
2024-04-02 09:00:00,0.0,390.38,10168.94,24.35,65.8,2.88,9,1,0
2024-04-02 10:00:00,1140.97,205.98,9978.44,27.25,67.2,2.09,10,1,0
2024-04-02 11:00:00,2432.56,112.06,9745.42,24.91,64.5,0.2,11,1,0
2024-04-02 12:00:00,2767.14,112.6,9670.21,25.4,64.6,0.2,12,1,0
2024-04-02 13:00:00,2379.54,158.81,9922.06,25.78,58.4,1.63,13,1,0
2024-04-02 14:00:00,1365.79,299.15,9862.49,28.22,56.6,2.53,14,1,0
2024-04-02 15:00:00,0.0,164.02,9652.95,27.89,55.0,1.66,15,1,0
2024-04-02 16:00:00,0.0,424.38,9876.97,28.05,57.6,3.15,16,1,0
2024-04-02 17:00:00,0.0,231.98,10389.63,31.04,57.6,2.62,17,1,0
2024-04-02 18:00:00,0.0,324.32,10664.13,31.63,59.3,2.65,18,1,0
2024-04-02 19:00:00,0.0,379.67,10373.34,29.51,58.7,3.54,19,1,0
2024-04-02 20:00:00,0.0,210.93,10304.95,28.09,59.7,2.61,20,1,0
2024-04-02 21:00:00,0.0,248.69,10805.08,31.44,58.4,2.84,21,1,0
2024-04-02 22:00:00,0.0,468.68,10420.87,29.11,66.5,3.58,22,1,0
2024-04-02 23:00:00,0.0,278.47,10224.53,30.4,64.4,2.91,23,1,0
2024-04-03 00:00:00,0.0,603.1,9817.28,26.57,64.4,4.3,0,2,0
2024-04-03 01:00:00,0.0,340.24,10068.68,29.28,63.2,3.12,1,2,0
2024-04-03 02:00:00,0.0,354.12,9699.5,25.98,61.6,2.83,2,2,0
2024-04-03 03:00:00,0.0,223.95,9638.67,27.53,72.7,2.02,3,2,0
2024-04-03 04:00:00,0.0,246.72,9745.2,25.95,69.8,2.51,4,2,0
2024-04-03 05:00:00,0.0,129.48,9624.43,24.17,60.9,1.31,5,2,0
2024-04-03 06:00:00,0.0,167.58,9835.12,24.35,70.0,1.58,6,2,0
2024-04-03 07:00:00,0.0,119.58,9859.0,25.36,69.8,0.47,7,2,0
2024-04-03 08:00:00,0.0,246.7,10046.67,24.56,65.6,1.93,8,2,0
2024-04-03 09:00:00,0.0,130.28,10066.69,25.24,70.3,1.3,9,2,0
2024-04-03 10:00:00,1101.64,327.62,9660.4,27.21,63.5,2.68,10,2,0
2024-04-03 11:00:00,1978.84,289.44,9749.24,23.43,55.7,3.11,11,2,0
2024-04-03 12:00:00,2493.01,183.98,9786.51,27.87,61.6,1.97,12,2,0
2024-04-03 13:00:00,2414.74,191.69,9938.31,26.78,60.1,1.62,13,2,0
2024-04-03 14:00:00,1150.83,127.17,9661.11,26.35,55.9,1.05,14,2,0
2024-04-03 15:00:00,0.0,342.56,9828.88,26.61,60.1,2.79,15,2,0
2024-04-03 16:00:00,0.0,349.58,9942.15,28.71,50.9,2.49,16,2,0
2024-04-03 17:00:00,0.0,269.57,10118.62,30.66,61.7,2.99,17,2,0
2024-04-03 18:00:00,0.0,554.97,10467.11,29.88,54.8,4.16,18,2,0
2024-04-03 19:00:00,0.0,313.26,10674.96,32.14,55.1,2.27,19,2,0
2024-04-03 20:00:00,0.0,204.85,10604.77,28.69,59.7,2.29,20,2,0
2024-04-03 21:00:00,0.0,298.05,10591.04,30.32,63.1,2.87,21,2,0
2024-04-03 22:00:00,0.0,348.82,10318.91,28.53,63.3,3.69,22,2,0
2024-04-03 23:00:00,0.0,428.86,10291.33,29.99,60.9,3.37,23,2,0
2024-04-04 00:00:00,0.0,250.54,10077.27,30.1,62.9,2.05,0,3,0
2024-04-04 01:00:00,0.0,399.17,10091.22,27.8,61.4,3.16,1,3,0
2024-04-04 02:00:00,0.0,170.7,9616.04,24.41,65.9,1.35,2,3,0
2024-04-04 03:00:00,0.0,194.2,9757.54,26.99,71.6,1.39,3,3,0
2024-04-04 04:00:00,0.0,141.83,9621.6,26.56,67.4,1.7,4,3,0
2024-04-04 05:00:00,0.0,189.4,9771.35,25.9,70.7,1.11,5,3,0
2024-04-04 06:00:00,0.0,191.45,9770.77,26.42,72.6,2.06,6,3,0
2024-04-04 07:00:00,0.0,133.68,10046.04,23.35,63.6,1.42,7,3,0
2024-04-04 08:00:00,0.0,348.69,10107.47,25.35,64.2,2.5,8,3,0
2024-04-04 09:00:00,0.0,158.79,10051.88,26.07,72.4,0.86,9,3,0
2024-04-04 10:00:00,1235.06,163.2,9772.76,22.8,68.2,0.99,10,3,0
2024-04-04 11:00:00,1952.64,183.51,9695.3,25.79,54.5,2.16,11,3,0
2024-04-04 12:00:00,2577.41,190.52,9959.14,25.43,61.5,1.28,12,3,0
2024-04-04 13:00:00,1976.45,327.38,9652.95,26.66,58.9,2.75,13,3,0
2024-04-04 14:00:00,1137.36,280.12,9811.48,27.95,61.4,2.23,14,3,0
2024-04-04 15:00:00,0.0,124.95,9642.88,27.72,54.6,0.2,15,3,0
2024-04-04 16:00:00,0.0,310.8,9713.53,28.22,54.1,3.26,16,3,0
2024-04-04 17:00:00,0.0,384.44,9911.55,29.69,54.9,3.29,17,3,0
2024-04-04 18:00:00,0.0,482.24,10378.77,28.83,55.8,3.52,18,3,0
2024-04-04 19:00:00,0.0,163.01,10453.43,29.13,62.2,1.39,19,3,0
2024-04-04 20:00:00,0.0,203.45,10579.29,31.35,55.2,2.49,20,3,0
2024-04-04 21:00:00,0.0,220.95,10372.68,29.05,58.7,2.58,21,3,0
2024-04-04 22:00:00,0.0,275.21,10540.24,30.93,55.3,2.35,22,3,0
2024-04-04 23:00:00,0.0,492.56,9940.22,30.21,67.8,4.32,23,3,0
2024-04-05 00:00:00,0.0,242.11,9922.03,27.06,69.9,2.75,0,4,0
2024-04-05 01:00:00,0.0,252.92,9618.96,27.6,64.5,2.52,1,4,0
2024-04-05 02:00:00,0.0,253.53,9928.52,29.06,65.4,2.75,2,4,0
2024-04-05 03:00:00,0.0,199.32,9989.77,25.68,68.9,2.5,3,4,0
2024-04-05 04:00:00,0.0,77.55,9930.74,25.57,73.2,0.2,4,4,0
2024-04-05 05:00:00,0.0,176.25,9837.04,26.06,68.7,1.03,5,4,0
2024-04-05 06:00:00,0.0,69.86,9784.05,25.97,63.8,0.21,6,4,0
2024-04-05 07:00:00,0.0,207.03,10189.4,24.43,59.3,1.5,7,4,0
2024-04-05 08:00:00,0.0,152.06,10145.33,23.91,60.3,0.85,8,4,0
2024-04-05 09:00:00,0.0,151.35,10271.72,26.44,63.9,1.06,9,4,0
2024-04-05 10:00:00,1232.59,80.8,9769.95,27.12,59.7,0.2,10,4,0
2024-04-05 11:00:00,2462.51,167.88,9906.13,26.69,61.8,0.93,11,4,0
2024-04-05 12:00:00,2383.4,242.88,9746.91,26.23,57.6,2.23,12,4,0
2024-04-05 13:00:00,2174.42,241.32,10013.22,25.89,54.5,2.68,13,4,0
2024-04-05 14:00:00,1026.09,249.86,9766.58,26.64,53.2,2.36,14,4,0
2024-04-05 15:00:00,0.0,115.33,9722.77,29.04,63.7,0.98,15,4,0
2024-04-05 16:00:00,0.0,358.32,10000.7,29.63,60.8,3.31,16,4,0
2024-04-05 17:00:00,0.0,358.94,10309.93,31.43,64.4,3.13,17,4,0
2024-04-05 18:00:00,0.0,271.84,10864.7,31.01,60.1,2.66,18,4,0
2024-04-05 19:00:00,0.0,177.04,10262.44,28.73,57.0,1.29,19,4,0
2024-04-05 20:00:00,0.0,582.38,10570.81,31.89,65.1,3.78,20,4,0
2024-04-05 21:00:00,0.0,259.73,10517.19,29.33,60.9,2.57,21,4,0
2024-04-05 22:00:00,0.0,350.91,10568.91,29.77,63.2,3.29,22,4,0
2024-04-05 23:00:00,0.0,384.21,9874.97,30.05,63.4,2.97,23,4,0
2024-04-06 00:00:00,0.0,508.24,9228.27,31.63,52.8,3.98,0,5,1
2024-04-06 01:00:00,0.0,258.55,9303.19,32.24,72.1,2.44,1,5,1
2024-04-06 02:00:00,0.0,299.69,9005.21,28.46,68.4,2.29,2,5,1
2024-04-06 03:00:00,0.0,473.53,8804.36,26.73,68.3,3.3,3,5,1
2024-04-06 04:00:00,0.0,168.38,8801.74,26.87,66.9,1.26,4,5,1
2024-04-06 05:00:00,0.0,197.37,8867.76,26.67,67.6,2.19,5,5,1
2024-04-06 06:00:00,0.0,150.36,8688.63,24.75,64.1,1.17,6,5,1
2024-04-06 07:00:00,0.0,105.96,9367.09,26.99,68.1,0.37,7,5,1
2024-04-06 08:00:00,0.0,141.32,9251.09,25.01,59.4,1.08,8,5,1
2024-04-06 09:00:00,0.0,159.75,9054.78,25.43,64.2,1.59,9,5,1
2024-04-06 10:00:00,1029.61,235.21,8719.88,25.93,64.4,2.16,10,5,1
2024-04-06 11:00:00,1906.37,251.46,8729.18,26.12,60.0,2.35,11,5,1
2024-04-06 12:00:00,2758.15,123.16,8924.41,27.24,61.1,1.1,12,5,1
2024-04-06 13:00:00,2189.17,156.29,8732.75,26.21,54.6,0.75,13,5,1
2024-04-06 14:00:00,1174.25,221.71,8824.08,27.06,53.9,1.53,14,5,1
2024-04-06 15:00:00,0.0,171.24,8651.1,27.19,58.2,1.1,15,5,1
2024-04-06 16:00:00,0.0,222.24,9119.59,29.76,59.8,2.13,16,5,1
2024-04-06 17:00:00,0.0,231.68,9241.51,30.79,49.8,2.27,17,5,1
2024-04-06 18:00:00,0.0,439.19,9616.17,30.88,59.9,3.33,18,5,1
2024-04-06 19:00:00,0.0,160.93,9862.19,32.64,56.4,1.14,19,5,1
2024-04-06 20:00:00,0.0,283.38,9715.57,30.72,58.8,2.42,20,5,1
2024-04-06 21:00:00,0.0,211.99,9721.02,31.43,55.5,2.46,21,5,1
2024-04-06 22:00:00,0.0,530.08,9519.98,29.02,58.7,3.96,22,5,1
2024-04-06 23:00:00,0.0,278.04,8872.3,29.39,67.3,2.02,23,5,1
2024-04-07 00:00:00,0.0,249.69,9145.68,30.16,64.6,2.92,0,6,1
2024-04-07 01:00:00,0.0,243.27,9061.89,29.62,64.0,2.43,1,6,1
2024-04-07 02:00:00,0.0,361.55,8998.24,27.48,65.8,3.13,2,6,1
2024-04-07 03:00:00,0.0,308.45,8857.64,26.97,68.7,2.51,3,6,1
2024-04-07 04:00:00,0.0,159.66,8842.32,24.51,68.7,1.87,4,6,1
2024-04-07 05:00:00,0.0,180.29,8787.14,25.28,66.5,1.09,5,6,1
2024-04-07 06:00:00,0.0,71.17,9032.95,26.3,70.7,0.2,6,6,1
2024-04-07 07:00:00,0.0,203.46,8856.26,25.62,69.4,1.37,7,6,1
2024-04-07 08:00:00,0.0,128.18,9200.34,25.43,66.1,1.49,8,6,1
2024-04-07 09:00:00,0.0,77.65,9136.55,24.99,63.5,0.2,9,6,1
2024-04-07 10:00:00,1260.64,114.76,8831.97,25.24,64.6,0.2,10,6,1
2024-04-07 11:00:00,1952.89,203.7,8814.48,24.92,61.9,1.37,11,6,1
2024-04-07 12:00:00,2078.29,239.45,8847.3,27.17,63.7,1.6,12,6,1
2024-04-07 13:00:00,2079.37,97.3,8911.43,27.56,62.0,0.74,13,6,1
2024-04-07 14:00:00,1150.22,166.86,8806.48,28.42,53.5,1.32,14,6,1
2024-04-07 15:00:00,0.0,86.83,8870.2,27.97,52.8,0.56,15,6,1
2024-04-07 16:00:00,0.0,318.29,8896.09,26.75,54.1,3.39,16,6,1
2024-04-07 17:00:00,0.0,143.51,9112.33,31.27,61.0,1.49,17,6,1
2024-04-07 18:00:00,0.0,272.71,9581.36,29.85,51.3,3.18,18,6,1
2024-04-07 19:00:00,0.0,398.13,9545.73,29.69,60.0,2.87,19,6,1
2024-04-07 20:00:00,0.0,396.7,9631.36,31.66,60.9,4.03,20,6,1
2024-04-07 21:00:00,0.0,285.44,9425.07,30.26,65.3,2.4,21,6,1
2024-04-07 22:00:00,0.0,373.92,9634.35,31.7,62.7,3.05,22,6,1
2024-04-07 23:00:00,0.0,149.37,9176.91,30.69,57.9,1.54,23,6,1
2024-04-08 00:00:00,0.0,199.3,10060.39,30.25,60.5,1.18,0,0,0
2024-04-08 01:00:00,0.0,311.78,9953.27,27.06,60.6,3.01,1,0,0
2024-04-08 02:00:00,0.0,164.63,9915.82,29.38,64.0,0.86,2,0,0
2024-04-08 03:00:00,0.0,263.61,9679.31,27.46,65.9,1.85,3,0,0
2024-04-08 04:00:00,0.0,362.06,9864.84,25.98,62.1,2.58,4,0,0
2024-04-08 05:00:00,0.0,271.09,9668.4,25.98,72.5,2.13,5,0,0
2024-04-08 06:00:00,0.0,110.05,9691.1,23.2,60.8,0.79,6,0,0
2024-04-08 07:00:00,0.0,75.76,10007.67,25.52,70.7,0.2,7,0,0
2024-04-08 08:00:00,0.0,183.13,9741.32,23.69,69.0,1.47,8,0,0
2024-04-08 09:00:00,0.0,213.74,10169.02,23.41,66.7,2.1,9,0,0
2024-04-08 10:00:00,1099.81,136.15,9898.8,23.5,59.0,0.53,10,0,0
2024-04-08 11:00:00,2063.44,129.77,9896.0,27.14,61.9,0.52,11,0,0
2024-04-08 12:00:00,2074.67,117.63,10012.25,25.67,54.2,0.9,12,0,0
2024-04-08 13:00:00,2401.51,158.88,10091.58,28.99,61.9,1.99,13,0,0
2024-04-08 14:00:00,1173.31,260.11,9745.92,27.28,57.2,2.75,14,0,0
2024-04-08 15:00:00,0.0,150.2,9919.11,26.66,55.3,1.04,15,0,0
2024-04-08 16:00:00,0.0,111.25,9785.62,28.09,51.9,1.09,16,0,0
2024-04-08 17:00:00,0.0,633.72,10179.66,31.53,47.0,4.4,17,0,0
2024-04-08 18:00:00,0.0,316.68,10494.17,30.34,53.3,2.59,18,0,0
2024-04-08 19:00:00,0.0,286.21,10531.31,30.17,62.7,3.1,19,0,0
2024-04-08 20:00:00,0.0,285.14,10722.6,31.12,57.7,2.44,20,0,0
2024-04-08 21:00:00,0.0,429.04,10911.92,31.43,59.8,3.42,21,0,0
2024-04-08 22:00:00,0.0,454.08,10865.06,31.87,64.4,3.76,22,0,0
2024-04-08 23:00:00,0.0,455.53,10170.98,31.79,70.3,3.13,23,0,0
2024-04-09 00:00:00,0.0,404.21,9798.04,29.09,69.4,4.12,0,1,0
2024-04-09 01:00:00,0.0,236.01,9854.23,27.21,61.3,2.26,1,1,0
2024-04-09 02:00:00,0.0,281.65,9894.28,27.53,58.2,2.07,2,1,0
2024-04-09 03:00:00,0.0,228.02,9933.3,27.56,75.9,2.21,3,1,0
2024-04-09 04:00:00,0.0,226.52,9753.75,25.37,75.7,2.14,4,1,0
2024-04-09 05:00:00,0.0,215.37,9842.34,24.76,67.2,1.71,5,1,0
2024-04-09 06:00:00,0.0,111.68,9888.7,25.84,60.9,0.29,6,1,0
2024-04-09 07:00:00,0.0,123.14,9938.87,25.07,69.0,1.41,7,1,0
2024-04-09 08:00:00,0.0,123.6,10134.33,25.06,63.7,0.76,8,1,0
2024-04-09 09:00:00,0.0,104.25,10209.52,24.22,62.5,0.56,9,1,0
2024-04-09 10:00:00,1325.02,158.24,9847.25,25.15,65.2,1.08,10,1,0
2024-04-09 11:00:00,2099.64,110.19,9776.32,24.79,61.7,0.39,11,1,0
2024-04-09 12:00:00,2597.81,117.26,10099.19,27.59,54.4,0.41,12,1,0
2024-04-09 13:00:00,2399.05,106.35,10079.4,28.49,56.8,0.2,13,1,0
2024-04-09 14:00:00,1173.29,311.53,9787.13,25.81,59.9,3.16,14,1,0
2024-04-09 15:00:00,0.0,232.57,9763.23,27.69,58.8,2.47,15,1,0
2024-04-09 16:00:00,0.0,223.76,9870.03,27.73,57.7,2.19,16,1,0
2024-04-09 17:00:00,0.0,188.24,9951.72,29.37,60.5,1.99,17,1,0
2024-04-09 18:00:00,0.0,120.41,10760.11,30.52,55.8,0.43,18,1,0
2024-04-09 19:00:00,0.0,270.62,10286.61,29.18,58.8,2.31,19,1,0
2024-04-09 20:00:00,0.0,355.13,10503.04,29.92,45.6,3.56,20,1,0
2024-04-09 21:00:00,0.0,568.25,10588.95,29.72,58.5,3.78,21,1,0
2024-04-09 22:00:00,0.0,406.81,10772.07,30.87,64.7,3.5,22,1,0
2024-04-09 23:00:00,0.0,268.48,9889.27,30.23,61.4,3.02,23,1,0
2024-04-10 00:00:00,0.0,383.81,9767.27,28.76,62.1,3.77,0,2,0
2024-04-10 01:00:00,0.0,254.47,9724.71,29.11,60.8,2.25,1,2,0
2024-04-10 02:00:00,0.0,326.77,9681.22,27.47,69.8,3.14,2,2,0
2024-04-10 03:00:00,0.0,236.46,9632.73,27.02,68.5,1.71,3,2,0
2024-04-10 04:00:00,0.0,144.72,9930.08,28.63,69.8,1.05,4,2,0
2024-04-10 05:00:00,0.0,154.26,9813.48,27.61,59.4,0.71,5,2,0
2024-04-10 06:00:00,0.0,84.44,9767.54,23.96,65.2,0.46,6,2,0
2024-04-10 07:00:00,0.0,212.53,10104.13,26.22,63.9,1.68,7,2,0
2024-04-10 08:00:00,0.0,135.29,10244.31,26.1,62.8,0.46,8,2,0
2024-04-10 09:00:00,0.0,85.65,9975.93,23.85,60.3,0.2,9,2,0
2024-04-10 10:00:00,1425.35,147.88,9554.38,26.51,60.1,1.62,10,2,0
2024-04-10 11:00:00,1969.86,166.81,9871.26,27.85,63.6,1.41,11,2,0
2024-04-10 12:00:00,2680.8,293.54,9739.08,25.28,51.3,2.08,12,2,0
2024-04-10 13:00:00,1819.39,233.1,9663.79,26.24,65.0,1.93,13,2,0
2024-04-10 14:00:00,1357.53,165.64,10021.32,29.34,59.1,1.16,14,2,0
2024-04-10 15:00:00,0.0,254.18,9703.6,29.22,56.5,2.08,15,2,0
2024-04-10 16:00:00,0.0,191.79,9970.37,30.28,60.1,2.38,16,2,0
2024-04-10 17:00:00,0.0,195.74,9833.26,30.65,50.8,1.78,17,2,0
2024-04-10 18:00:00,0.0,156.07,10723.03,31.19,54.5,1.84,18,2,0
2024-04-10 19:00:00,0.0,230.5,10659.02,29.43,57.4,2.34,19,2,0
2024-04-10 20:00:00,0.0,740.34,10773.1,32.38,64.4,4.61,20,2,0
2024-04-10 21:00:00,0.0,327.59,10751.93,32.42,60.0,2.69,21,2,0
2024-04-10 22:00:00,0.0,642.43,10811.59,30.44,63.3,3.97,22,2,0
2024-04-10 23:00:00,0.0,224.41,10137.23,30.19,60.4,2.51,23,2,0
2024-04-11 00:00:00,0.0,380.69,10071.65,27.88,65.8,3.43,0,3,0
2024-04-11 01:00:00,0.0,444.35,10008.16,29.61,71.5,3.24,1,3,0
2024-04-11 02:00:00,0.0,287.58,9926.6,28.9,69.6,3.03,2,3,0
2024-04-11 03:00:00,0.0,204.08,9959.38,27.37,65.8,2.32,3,3,0
2024-04-11 04:00:00,0.0,308.33,9776.98,28.07,69.0,2.86,4,3,0
2024-04-11 05:00:00,0.0,191.76,9815.66,25.7,68.4,1.82,5,3,0
2024-04-11 06:00:00,0.0,383.15,9495.44,26.3,67.7,2.68,6,3,0
2024-04-11 07:00:00,0.0,95.02,10309.52,24.1,69.3,0.2,7,3,0
2024-04-11 08:00:00,0.0,200.1,10147.9,25.19,68.2,1.33,8,3,0
2024-04-11 09:00:00,0.0,194.56,10088.11,25.11,62.1,1.24,9,3,0
2024-04-11 10:00:00,1351.33,81.68,9894.88,25.89,63.9,0.3,10,3,0
2024-04-11 11:00:00,1988.29,211.11,9644.22,25.65,58.5,1.61,11,3,0
2024-04-11 12:00:00,2575.03,84.77,9719.83,26.56,55.1,0.2,12,3,0
2024-04-11 13:00:00,1881.07,107.54,9906.58,28.43,56.7,0.99,13,3,0
2024-04-11 14:00:00,1075.36,119.02,9791.28,27.69,56.7,0.2,14,3,0
2024-04-11 15:00:00,0.0,332.64,9839.6,27.07,49.8,3.26,15,3,0
2024-04-11 16:00:00,0.0,210.8,10297.24,31.82,59.7,2.09,16,3,0
2024-04-11 17:00:00,0.0,493.22,10365.67,32.0,45.4,4.25,17,3,0
2024-04-11 18:00:00,0.0,324.73,10291.52,29.27,67.8,3.36,18,3,0
2024-04-11 19:00:00,0.0,361.4,10939.82,31.94,63.8,3.24,19,3,0
2024-04-11 20:00:00,0.0,266.3,10560.79,30.61,57.8,2.51,20,3,0
2024-04-11 21:00:00,0.0,228.25,10729.11,31.43,60.0,2.18,21,3,0
2024-04-11 22:00:00,0.0,498.56,10617.33,31.17,62.5,3.4,22,3,0
2024-04-11 23:00:00,0.0,286.89,10011.07,30.06,60.2,2.82,23,3,0
2024-04-12 00:00:00,0.0,138.07,9923.11,28.87,64.4,1.65,0,4,0
2024-04-12 01:00:00,0.0,132.02,9906.98,28.26,64.1,1.3,1,4,0
2024-04-12 02:00:00,0.0,201.54,9894.15,27.21,65.1,1.5,2,4,0
2024-04-12 03:00:00,0.0,433.61,9837.9,26.54,66.7,3.47,3,4,0
2024-04-12 04:00:00,0.0,531.22,9714.5,26.73,60.9,3.52,4,4,0
2024-04-12 05:00:00,0.0,214.51,9830.33,25.33,66.1,1.67,5,4,0
2024-04-12 06:00:00,0.0,141.03,9814.83,26.53,66.1,1.42,6,4,0
2024-04-12 07:00:00,0.0,103.76,10108.09,27.2,65.2,0.87,7,4,0
2024-04-12 08:00:00,0.0,103.5,10165.11,24.62,62.8,0.3,8,4,0
2024-04-12 09:00:00,0.0,256.68,9947.91,25.7,67.0,2.11,9,4,0
2024-04-12 10:00:00,1138.52,226.21,9542.77,26.32,59.7,2.54,10,4,0
2024-04-12 11:00:00,2205.71,115.23,9928.8,26.76,60.8,0.43,11,4,0
2024-04-12 12:00:00,2117.92,192.42,9770.24,26.91,63.8,1.24,12,4,0
2024-04-12 13:00:00,2481.24,172.35,9890.09,28.43,57.3,1.15,13,4,0
2024-04-12 14:00:00,1143.44,187.71,9794.03,28.89,57.7,1.41,14,4,0
2024-04-12 15:00:00,0.0,392.71,9937.47,27.61,55.9,2.96,15,4,0
2024-04-12 16:00:00,0.0,120.41,10188.37,30.86,61.1,1.22,16,4,0
2024-04-12 17:00:00,0.0,268.15,10205.46,31.5,55.3,2.88,17,4,0
2024-04-12 18:00:00,0.0,280.38,10576.3,30.0,61.9,3.3,18,4,0
2024-04-12 19:00:00,0.0,244.42,10491.76,31.26,57.2,2.76,19,4,0
2024-04-12 20:00:00,0.0,556.9,10855.16,32.13,55.2,3.69,20,4,0
2024-04-12 21:00:00,0.0,300.86,10841.38,30.96,62.6,3.13,21,4,0
2024-04-12 22:00:00,0.0,540.86,10857.03,32.2,59.9,3.95,22,4,0
2024-04-12 23:00:00,0.0,213.23,10472.36,33.27,64.9,1.66,23,4,0
2024-04-13 00:00:00,0.0,291.66,8926.54,28.97,52.6,2.43,0,5,1
2024-04-13 01:00:00,0.0,279.6,8983.93,27.53,64.5,2.45,1,5,1
2024-04-13 02:00:00,0.0,96.73,9089.5,28.77,63.5,0.2,2,5,1
2024-04-13 03:00:00,0.0,144.18,8859.17,28.5,61.6,1.14,3,5,1
2024-04-13 04:00:00,0.0,184.98,8897.04,26.63,63.8,1.1,4,5,1
2024-04-13 05:00:00,0.0,178.44,8885.29,28.03,63.5,2.27,5,5,1
2024-04-13 06:00:00,0.0,92.27,8902.21,24.2,65.1,0.73,6,5,1
2024-04-13 07:00:00,0.0,111.34,9046.27,26.34,59.1,0.49,7,5,1
2024-04-13 08:00:00,0.0,174.86,9276.13,24.68,64.8,1.69,8,5,1
2024-04-13 09:00:00,0.0,92.26,9206.83,27.57,67.7,0.2,9,5,1
2024-04-13 10:00:00,1346.37,126.09,9021.09,28.2,62.1,0.2,10,5,1
2024-04-13 11:00:00,2528.84,153.75,8720.16,25.37,62.9,0.85,11,5,1
2024-04-13 12:00:00,2277.81,119.18,8727.21,26.25,62.9,0.2,12,5,1
2024-04-13 13:00:00,2020.02,97.98,9176.37,28.66,62.4,0.38,13,5,1
2024-04-13 14:00:00,1174.5,206.93,8991.66,27.94,64.1,2.21,14,5,1
2024-04-13 15:00:00,0.0,350.23,8885.01,29.13,54.2,2.71,15,5,1
2024-04-13 16:00:00,0.0,386.65,9179.34,29.94,53.1,2.9,16,5,1
2024-04-13 17:00:00,0.0,410.63,8824.32,28.23,59.3,3.39,17,5,1
2024-04-13 18:00:00,0.0,556.56,9447.01,30.99,59.5,3.71,18,5,1
2024-04-13 19:00:00,0.0,195.58,9340.69,30.48,60.6,1.17,19,5,1
2024-04-13 20:00:00,0.0,382.94,9628.84,30.82,66.0,3.33,20,5,1
2024-04-13 21:00:00,0.0,239.69,10071.86,33.04,59.7,2.58,21,5,1
2024-04-13 22:00:00,0.0,264.5,9663.57,29.5,62.7,2.37,22,5,1
2024-04-13 23:00:00,0.0,499.79,9405.36,31.51,58.4,3.32,23,5,1
2024-04-14 00:00:00,0.0,144.95,9143.98,29.67,71.9,1.33,0,6,1
2024-04-14 01:00:00,0.0,158.83,8999.24,28.94,63.0,1.1,1,6,1
2024-04-14 02:00:00,0.0,345.62,9157.54,29.45,63.9,2.77,2,6,1
2024-04-14 03:00:00,0.0,219.68,8627.51,28.13,64.3,2.39,3,6,1
2024-04-14 04:00:00,0.0,219.45,8972.77,27.69,63.2,1.85,4,6,1
2024-04-14 05:00:00,0.0,115.18,8719.48,27.54,62.7,0.8,5,6,1
2024-04-14 06:00:00,0.0,256.58,8744.47,25.51,63.1,1.89,6,6,1
2024-04-14 07:00:00,0.0,217.79,9222.5,24.87,58.9,1.68,7,6,1
2024-04-14 08:00:00,0.0,177.88,9250.45,24.2,60.2,1.11,8,6,1
2024-04-14 09:00:00,0.0,80.3,9065.83,24.61,69.9,0.2,9,6,1
2024-04-14 10:00:00,1452.53,89.62,9095.7,29.44,63.8,0.7,10,6,1
2024-04-14 11:00:00,1890.08,247.17,8921.55,27.88,63.2,1.81,11,6,1
2024-04-14 12:00:00,2847.1,243.37,8816.72,25.38,63.0,2.36,12,6,1
2024-04-14 13:00:00,2035.3,128.56,8872.46,26.14,64.6,1.24,13,6,1
2024-04-14 14:00:00,1208.01,138.6,9226.83,29.08,49.4,1.55,14,6,1
2024-04-14 15:00:00,0.0,212.5,9041.37,29.94,51.1,1.87,15,6,1
2024-04-14 16:00:00,0.0,218.0,9127.59,30.66,52.6,2.48,16,6,1
2024-04-14 17:00:00,0.0,235.77,9136.48,30.32,54.1,2.04,17,6,1
2024-04-14 18:00:00,0.0,121.53,9624.35,30.95,55.3,0.4,18,6,1
2024-04-14 19:00:00,0.0,480.23,9836.92,31.79,55.5,3.82,19,6,1
2024-04-14 20:00:00,0.0,719.9,9897.85,31.61,59.2,4.41,20,6,1
2024-04-14 21:00:00,0.0,221.7,9364.76,28.74,59.7,2.51,21,6,1
2024-04-14 22:00:00,0.0,234.13,9529.81,30.83,57.9,2.12,22,6,1
2024-04-14 23:00:00,0.0,247.73,9273.39,29.6,53.4,2.76,23,6,1
2024-04-15 00:00:00,0.0,346.8,10091.44,30.31,59.2,2.56,0,0,0
2024-04-15 01:00:00,0.0,482.86,10206.42,32.96,62.0,3.3,1,0,0
2024-04-15 02:00:00,0.0,239.14,10140.51,29.04,64.0,2.3,2,0,0
2024-04-15 03:00:00,0.0,148.88,9921.14,27.44,61.0,1.37,3,0,0
2024-04-15 04:00:00,0.0,106.88,10003.36,28.2,63.7,0.69,4,0,0
2024-04-15 05:00:00,0.0,293.51,9958.11,27.05,61.0,2.19,5,0,0
2024-04-15 06:00:00,0.0,222.9,10103.4,26.5,64.5,1.77,6,0,0
2024-04-15 07:00:00,0.0,270.42,9976.57,26.43,59.9,1.98,7,0,0
2024-04-15 08:00:00,0.0,77.76,10013.08,28.06,59.8,0.26,8,0,0
2024-04-15 09:00:00,0.0,269.47,10041.93,24.34,56.7,2.47,9,0,0
2024-04-15 10:00:00,1250.99,107.63,9723.5,26.57,60.1,0.2,10,0,0
2024-04-15 11:00:00,1851.57,240.67,9800.75,25.36,55.9,1.7,11,0,0
2024-04-15 12:00:00,2182.71,90.76,9727.21,27.76,61.8,0.2,12,0,0
2024-04-15 13:00:00,2241.69,118.88,9643.25,26.72,58.8,0.87,13,0,0
2024-04-15 14:00:00,1127.66,422.27,9693.67,28.1,56.1,2.99,14,0,0
2024-04-15 15:00:00,0.0,218.32,9879.27,29.02,52.7,2.67,15,0,0
2024-04-15 16:00:00,0.0,203.37,10335.34,31.27,57.2,1.82,16,0,0
2024-04-15 17:00:00,0.0,226.25,10198.28,31.82,58.6,2.09,17,0,0
2024-04-15 18:00:00,0.0,247.69,10601.4,29.7,56.9,2.79,18,0,0
2024-04-15 19:00:00,0.0,358.33,10580.01,31.56,63.6,3.28,19,0,0
2024-04-15 20:00:00,0.0,562.56,10252.63,30.75,60.0,3.97,20,0,0
2024-04-15 21:00:00,0.0,270.76,10523.5,29.98,63.0,2.64,21,0,0
2024-04-15 22:00:00,0.0,171.71,10585.98,30.93,61.2,1.68,22,0,0
2024-04-15 23:00:00,0.0,396.08,9976.29,30.35,64.7,2.99,23,0,0
2024-04-16 00:00:00,0.0,332.82,10308.74,33.1,59.8,2.34,0,1,0
2024-04-16 01:00:00,0.0,203.88,9951.84,29.99,62.2,1.46,1,1,0
2024-04-16 02:00:00,0.0,333.25,9667.52,27.04,66.2,2.5,2,1,0
2024-04-16 03:00:00,0.0,260.21,9678.39,27.24,66.7,1.83,3,1,0
2024-04-16 04:00:00,0.0,261.33,9675.86,28.42,67.5,1.99,4,1,0
2024-04-16 05:00:00,0.0,165.05,9665.29,29.07,69.7,0.79,5,1,0
2024-04-16 06:00:00,0.0,221.49,9520.87,24.19,59.1,1.68,6,1,0
2024-04-16 07:00:00,0.0,106.79,10396.33,23.54,60.2,0.2,7,1,0
2024-04-16 08:00:00,0.0,117.71,10093.41,27.93,63.9,0.37,8,1,0
2024-04-16 09:00:00,0.0,160.46,10283.95,26.26,58.9,0.81,9,1,0
2024-04-16 10:00:00,1276.66,297.62,9764.69,25.05,74.0,2.43,10,1,0
2024-04-16 11:00:00,1856.36,231.2,9768.69,27.21,61.3,1.76,11,1,0
2024-04-16 12:00:00,2231.0,199.16,9822.8,24.03,57.7,2.16,12,1,0
2024-04-16 13:00:00,1956.97,363.54,9862.81,27.92,54.9,2.63,13,1,0
2024-04-16 14:00:00,1221.92,605.25,9772.48,29.08,54.3,4.62,14,1,0
2024-04-16 15:00:00,0.0,180.84,10064.25,30.57,55.8,2.03,15,1,0
2024-04-16 16:00:00,0.0,471.11,9944.79,28.97,56.0,3.4,16,1,0
2024-04-16 17:00:00,0.0,353.86,9920.64,30.91,53.9,3.31,17,1,0
2024-04-16 18:00:00,0.0,339.07,10720.36,30.18,55.1,3.5,18,1,0
2024-04-16 19:00:00,0.0,477.98,10907.67,31.89,62.4,4.29,19,1,0
2024-04-16 20:00:00,0.0,212.51,10366.65,30.61,63.6,2.63,20,1,0
2024-04-16 21:00:00,0.0,219.29,10575.12,31.1,60.2,2.6,21,1,0
2024-04-16 22:00:00,0.0,393.21,10565.92,30.09,55.2,3.22,22,1,0
2024-04-16 23:00:00,0.0,369.26,10339.36,31.59,64.0,2.72,23,1,0
2024-04-17 00:00:00,0.0,325.43,10386.2,31.31,69.1,2.96,0,2,0
2024-04-17 01:00:00,0.0,492.29,9870.8,29.28,69.4,3.75,1,2,0
2024-04-17 02:00:00,0.0,249.91,10171.16,28.83,67.6,1.88,2,2,0
2024-04-17 03:00:00,0.0,183.52,9780.15,26.27,70.9,1.76,3,2,0
2024-04-17 04:00:00,0.0,230.58,9759.1,26.92,65.6,1.88,4,2,0
2024-04-17 05:00:00,0.0,149.85,9853.41,26.6,67.7,1.32,5,2,0
2024-04-17 06:00:00,0.0,105.71,9990.87,29.33,62.0,0.2,6,2,0
2024-04-17 07:00:00,0.0,101.47,10131.59,24.55,65.1,0.67,7,2,0
2024-04-17 08:00:00,0.0,236.82,10340.54,27.54,68.2,1.58,8,2,0
2024-04-17 09:00:00,0.0,178.71,10130.68,27.08,59.3,2.15,9,2,0
2024-04-17 10:00:00,1332.3,97.83,9667.89,26.52,56.9,0.2,10,2,0
2024-04-17 11:00:00,1961.76,85.67,9782.25,28.77,59.5,0.21,11,2,0
2024-04-17 12:00:00,2559.13,174.05,9962.71,27.73,57.0,1.32,12,2,0
2024-04-17 13:00:00,1911.18,93.41,9927.28,28.47,59.4,0.2,13,2,0
2024-04-17 14:00:00,1347.16,150.34,9689.96,28.72,54.2,1.39,14,2,0
2024-04-17 15:00:00,0.0,100.92,9975.12,31.03,62.4,0.61,15,2,0
2024-04-17 16:00:00,0.0,319.34,10242.61,31.6,50.2,3.35,16,2,0
2024-04-17 17:00:00,0.0,246.57,10130.88,30.15,60.6,1.88,17,2,0
2024-04-17 18:00:00,0.0,425.37,10435.43,29.8,53.0,4.03,18,2,0
2024-04-17 19:00:00,0.0,534.06,10521.82,31.44,49.6,3.76,19,2,0
2024-04-17 20:00:00,0.0,268.62,10510.3,30.82,58.8,2.45,20,2,0
2024-04-17 21:00:00,0.0,177.38,10941.09,31.6,58.1,2.14,21,2,0
2024-04-17 22:00:00,0.0,253.36,10962.0,32.86,55.9,2.81,22,2,0
2024-04-17 23:00:00,0.0,383.52,10202.11,30.35,54.9,2.78,23,2,0
2024-04-18 00:00:00,0.0,358.82,10218.12,30.32,62.7,2.98,0,3,0
2024-04-18 01:00:00,0.0,172.14,9927.6,29.72,67.7,1.88,1,3,0
2024-04-18 02:00:00,0.0,360.65,9979.38,29.89,66.9,2.86,2,3,0
2024-04-18 03:00:00,0.0,290.83,9765.84,25.4,65.3,2.21,3,3,0
2024-04-18 04:00:00,0.0,158.38,9836.0,26.64,67.1,1.47,4,3,0
2024-04-18 05:00:00,0.0,141.91,9916.74,27.0,64.9,0.93,5,3,0
2024-04-18 06:00:00,0.0,133.54,10010.39,27.71,58.8,1.15,6,3,0
2024-04-18 07:00:00,0.0,83.81,10198.72,25.38,58.1,0.48,7,3,0
2024-04-18 08:00:00,0.0,138.49,10199.59,23.62,61.9,1.08,8,3,0
2024-04-18 09:00:00,0.0,168.18,10332.2,26.72,60.9,1.07,9,3,0
2024-04-18 10:00:00,1404.08,154.56,9761.39,25.51,63.6,1.24,10,3,0
2024-04-18 11:00:00,2500.17,267.04,9928.68,25.32,61.9,2.55,11,3,0
2024-04-18 12:00:00,2840.46,142.62,9855.39,26.62,60.1,1.19,12,3,0
2024-04-18 13:00:00,2478.39,247.94,9859.79,27.87,55.6,2.3,13,3,0
2024-04-18 14:00:00,1035.23,192.17,9779.16,28.15,50.4,1.92,14,3,0
2024-04-18 15:00:00,0.0,218.44,9618.69,27.0,57.0,1.81,15,3,0
2024-04-18 16:00:00,0.0,177.72,10262.08,31.45,57.3,2.16,16,3,0
2024-04-18 17:00:00,0.0,320.01,10397.41,32.52,45.8,2.45,17,3,0
2024-04-18 18:00:00,0.0,267.75,10756.45,32.25,52.5,2.93,18,3,0
2024-04-18 19:00:00,0.0,251.2,10580.79,30.4,53.9,2.1,19,3,0
2024-04-18 20:00:00,0.0,197.12,10641.55,31.63,58.2,1.79,20,3,0
2024-04-18 21:00:00,0.0,487.22,10658.95,31.76,55.7,3.52,21,3,0
2024-04-18 22:00:00,0.0,531.93,10760.22,32.19,60.1,3.68,22,3,0
2024-04-18 23:00:00,0.0,338.67,10105.39,31.8,60.7,3.46,23,3,0
2024-04-19 00:00:00,0.0,351.22,9915.06,29.58,61.9,2.83,0,4,0
2024-04-19 01:00:00,0.0,291.67,10103.49,29.84,60.7,3.11,1,4,0
2024-04-19 02:00:00,0.0,247.72,10150.99,29.51,61.8,2.83,2,4,0
2024-04-19 03:00:00,0.0,366.58,10278.23,29.93,60.6,2.63,3,4,0
2024-04-19 04:00:00,0.0,116.51,9777.04,28.31,66.6,1.05,4,4,0
2024-04-19 05:00:00,0.0,99.86,9930.01,27.79,67.2,0.62,5,4,0
2024-04-19 06:00:00,0.0,109.99,9826.34,26.47,61.3,0.98,6,4,0
2024-04-19 07:00:00,0.0,147.3,10072.52,27.76,69.7,1.12,7,4,0
2024-04-19 08:00:00,0.0,164.23,10149.26,26.45,61.3,0.84,8,4,0
2024-04-19 09:00:00,0.0,83.99,10233.26,25.03,67.5,0.2,9,4,0
2024-04-19 10:00:00,1429.23,272.96,9732.5,28.05,57.5,2.41,10,4,0
2024-04-19 11:00:00,2473.07,129.58,9723.44,27.68,50.7,0.92,11,4,0
2024-04-19 12:00:00,2934.94,156.07,9736.83,26.93,59.2,1.43,12,4,0
2024-04-19 13:00:00,2204.27,288.6,9710.79,27.61,57.5,2.5,13,4,0
2024-04-19 14:00:00,1181.47,100.91,10096.19,29.32,55.9,0.2,14,4,0
2024-04-19 15:00:00,0.0,170.33,9982.88,30.29,52.7,1.59,15,4,0
2024-04-19 16:00:00,0.0,263.01,10055.69,30.7,54.9,1.95,16,4,0
2024-04-19 17:00:00,0.0,181.71,10259.3,31.46,53.2,2.23,17,4,0
2024-04-19 18:00:00,0.0,215.62,11023.24,33.6,54.5,2.57,18,4,0
2024-04-19 19:00:00,0.0,652.86,10889.72,33.15,59.9,4.02,19,4,0
2024-04-19 20:00:00,0.0,478.98,11019.97,32.19,58.3,3.51,20,4,0
2024-04-19 21:00:00,0.0,544.34,10843.06,32.99,61.2,3.77,21,4,0
2024-04-19 22:00:00,0.0,361.74,10561.79,30.32,59.1,3.0,22,4,0
2024-04-19 23:00:00,0.0,190.11,10003.35,31.56,60.0,1.75,23,4,0
2024-04-20 00:00:00,0.0,155.48,9355.48,32.72,57.8,1.04,0,5,1
2024-04-20 01:00:00,0.0,122.67,8874.23,29.57,62.0,1.28,1,5,1
2024-04-20 02:00:00,0.0,325.68,8747.47,28.03,51.0,2.55,2,5,1
2024-04-20 03:00:00,0.0,231.28,8619.3,27.49,62.4,2.03,3,5,1
2024-04-20 04:00:00,0.0,233.47,8746.9,26.24,64.6,1.57,4,5,1
2024-04-20 05:00:00,0.0,168.88,8844.99,25.99,67.0,1.21,5,5,1
2024-04-20 06:00:00,0.0,260.33,8824.7,26.01,63.2,2.9,6,5,1
2024-04-20 07:00:00,0.0,109.84,9089.23,24.47,64.8,0.48,7,5,1
2024-04-20 08:00:00,0.0,149.61,9100.01,26.07,53.7,1.78,8,5,1
2024-04-20 09:00:00,0.0,162.33,9078.4,27.24,61.0,1.0,9,5,1
2024-04-20 10:00:00,1430.14,141.35,8849.85,25.36,53.2,0.99,10,5,1
2024-04-20 11:00:00,2001.39,213.18,8926.27,28.75,53.8,2.08,11,5,1
2024-04-20 12:00:00,2914.18,347.18,8905.24,28.16,56.7,2.46,12,5,1
2024-04-20 13:00:00,2261.86,205.95,9002.02,29.51,61.5,1.31,13,5,1
2024-04-20 14:00:00,1418.73,333.05,8831.6,28.26,57.1,2.38,14,5,1
2024-04-20 15:00:00,0.0,211.46,9272.29,30.85,55.2,2.29,15,5,1
2024-04-20 16:00:00,0.0,284.53,9067.7,29.24,54.8,2.27,16,5,1
2024-04-20 17:00:00,0.0,373.87,9333.47,32.24,52.2,2.66,17,5,1
2024-04-20 18:00:00,0.0,249.07,9893.45,31.86,53.4,2.16,18,5,1
2024-04-20 19:00:00,0.0,242.32,9845.46,32.61,58.1,2.62,19,5,1
2024-04-20 20:00:00,0.0,328.6,9591.62,30.64,51.9,2.5,20,5,1
2024-04-20 21:00:00,0.0,554.41,9630.09,30.88,61.0,3.72,21,5,1
2024-04-20 22:00:00,0.0,365.04,9827.99,32.37,58.4,2.89,22,5,1
2024-04-20 23:00:00,0.0,181.65,8976.5,30.04,64.5,1.83,23,5,1
2024-04-21 00:00:00,0.0,193.05,8993.96,31.2,66.1,2.13,0,6,1
2024-04-21 01:00:00,0.0,104.66,8919.7,28.28,56.6,0.2,1,6,1
2024-04-21 02:00:00,0.0,208.33,9200.32,30.16,61.8,1.87,2,6,1
2024-04-21 03:00:00,0.0,248.3,8733.88,26.89,61.2,2.03,3,6,1
2024-04-21 04:00:00,0.0,146.54,9016.97,28.3,57.5,1.64,4,6,1
2024-04-21 05:00:00,0.0,278.08,8656.43,27.77,60.5,3.09,5,6,1
2024-04-21 06:00:00,0.0,184.24,8786.95,25.71,73.9,1.76,6,6,1
2024-04-21 07:00:00,0.0,157.2,9343.72,26.94,65.7,1.56,7,6,1
2024-04-21 08:00:00,0.0,104.37,9181.71,26.45,69.9,0.2,8,6,1
2024-04-21 09:00:00,0.0,114.32,9102.7,25.6,64.4,0.71,9,6,1
2024-04-21 10:00:00,1157.14,133.59,8884.27,25.33,56.8,0.65,10,6,1
2024-04-21 11:00:00,2499.26,130.74,8997.56,24.66,56.9,0.51,11,6,1
2024-04-21 12:00:00,2871.0,98.83,8687.42,28.06,59.6,0.66,12,6,1
2024-04-21 13:00:00,2180.83,121.61,9012.14,26.49,58.0,0.2,13,6,1
2024-04-21 14:00:00,1146.46,145.6,8937.7,29.25,53.1,0.72,14,6,1
2024-04-21 15:00:00,0.0,323.74,9121.41,29.6,48.9,2.7,15,6,1
2024-04-21 16:00:00,0.0,295.32,9174.73,31.46,67.9,2.15,16,6,1
2024-04-21 17:00:00,0.0,200.84,9386.65,30.9,54.4,2.1,17,6,1
2024-04-21 18:00:00,0.0,288.61,9687.02,31.34,54.1,2.71,18,6,1
2024-04-21 19:00:00,0.0,353.22,9711.42,32.92,56.7,3.8,19,6,1
2024-04-21 20:00:00,0.0,328.29,9883.97,32.54,56.3,2.97,20,6,1
2024-04-21 21:00:00,0.0,408.35,9970.03,32.42,59.0,3.44,21,6,1
2024-04-21 22:00:00,0.0,270.26,9942.79,32.3,64.9,2.29,22,6,1
2024-04-21 23:00:00,0.0,194.71,9027.1,29.42,60.6,2.37,23,6,1
2024-04-22 00:00:00,0.0,247.32,10342.09,31.64,57.5,3.0,0,0,0
2024-04-22 01:00:00,0.0,482.73,10080.65,30.74,62.5,4.02,1,0,0
2024-04-22 02:00:00,0.0,328.54,9858.18,28.01,62.1,3.41,2,0,0
2024-04-22 03:00:00,0.0,314.94,9849.7,28.16,70.1,2.47,3,0,0
2024-04-22 04:00:00,0.0,231.35,9438.57,27.68,69.3,1.87,4,0,0
2024-04-22 05:00:00,0.0,262.56,9665.93,26.95,64.9,2.63,5,0,0
2024-04-22 06:00:00,0.0,158.38,9810.94,27.03,58.8,1.93,6,0,0
2024-04-22 07:00:00,0.0,79.31,10127.1,28.05,58.3,0.2,7,0,0
2024-04-22 08:00:00,0.0,108.52,10097.51,27.53,62.2,0.2,8,0,0
2024-04-22 09:00:00,0.0,207.85,10111.72,24.76,62.3,1.28,9,0,0
2024-04-22 10:00:00,1381.12,87.57,9930.92,27.38,58.1,0.2,10,0,0
2024-04-22 11:00:00,1878.59,127.43,9916.69,28.7,56.4,0.42,11,0,0
2024-04-22 12:00:00,2530.37,152.87,9530.02,28.19,54.8,0.74,12,0,0
2024-04-22 13:00:00,2526.29,119.54,10241.49,29.76,56.0,1.3,13,0,0
2024-04-22 14:00:00,1193.77,223.97,10015.85,31.64,45.8,1.52,14,0,0
2024-04-22 15:00:00,0.0,197.3,10307.96,31.23,50.4,1.77,15,0,0
2024-04-22 16:00:00,0.0,420.27,9980.06,31.03,52.1,2.92,16,0,0
2024-04-22 17:00:00,0.0,258.72,10536.41,32.6,59.6,2.29,17,0,0
2024-04-22 18:00:00,0.0,223.93,10760.64,32.0,52.0,2.4,18,0,0
2024-04-22 19:00:00,0.0,259.81,10859.01,32.15,56.8,1.79,19,0,0
2024-04-22 20:00:00,0.0,395.01,10531.72,31.81,58.0,3.79,20,0,0
2024-04-22 21:00:00,0.0,334.82,11133.55,34.0,63.5,2.47,21,0,0
2024-04-22 22:00:00,0.0,188.13,10697.8,30.84,64.7,2.1,22,0,0
2024-04-22 23:00:00,0.0,382.4,10514.02,33.19,60.7,3.04,23,0,0
2024-04-23 00:00:00,0.0,220.76,10329.61,31.41,60.1,2.1,0,1,0
2024-04-23 01:00:00,0.0,296.29,9859.08,28.41,60.4,2.09,1,1,0
2024-04-23 02:00:00,0.0,222.65,9982.48,29.76,62.8,2.47,2,1,0
2024-04-23 03:00:00,0.0,188.81,9688.69,26.02,62.6,1.75,3,1,0
2024-04-23 04:00:00,0.0,468.45,9804.65,28.57,66.7,3.6,4,1,0
2024-04-23 05:00:00,0.0,223.28,9963.54,28.26,66.0,1.45,5,1,0
2024-04-23 06:00:00,0.0,180.47,9685.47,26.01,66.2,1.8,6,1,0
2024-04-23 07:00:00,0.0,91.61,9879.83,26.57,68.0,0.2,7,1,0
2024-04-23 08:00:00,0.0,102.34,10065.66,28.66,69.4,0.35,8,1,0
2024-04-23 09:00:00,0.0,83.34,10173.73,25.81,61.3,0.2,9,1,0
2024-04-23 10:00:00,1128.9,120.2,9749.66,25.45,63.9,0.28,10,1,0
2024-04-23 11:00:00,1802.56,133.68,9980.76,28.97,56.8,1.47,11,1,0
2024-04-23 12:00:00,2388.86,264.42,9819.36,30.17,61.7,2.13,12,1,0
2024-04-23 13:00:00,2532.08,206.24,9496.13,28.54,60.2,1.78,13,1,0
2024-04-23 14:00:00,1341.21,156.09,10136.47,30.53,59.2,1.57,14,1,0
2024-04-23 15:00:00,0.0,177.55,10372.76,31.7,55.0,1.5,15,1,0
2024-04-23 16:00:00,0.0,434.67,9822.6,29.92,51.8,3.16,16,1,0
2024-04-23 17:00:00,0.0,517.62,10208.23,30.85,49.1,4.17,17,1,0
2024-04-23 18:00:00,0.0,246.3,11111.97,33.39,55.0,2.82,18,1,0
2024-04-23 19:00:00,0.0,319.59,11074.45,34.23,62.1,3.63,19,1,0
2024-04-23 20:00:00,0.0,439.06,11026.87,32.99,55.7,3.25,20,1,0
2024-04-23 21:00:00,0.0,391.18,10711.01,31.16,61.3,3.61,21,1,0
2024-04-23 22:00:00,0.0,284.42,11052.25,34.3,62.9,2.04,22,1,0
2024-04-23 23:00:00,0.0,293.41,10237.32,30.8,59.6,2.48,23,1,0
2024-04-24 00:00:00,0.0,333.75,10330.54,30.5,67.1,3.04,0,2,0
2024-04-24 01:00:00,0.0,428.89,10045.4,30.59,51.2,3.48,1,2,0
2024-04-24 02:00:00,0.0,183.47,10187.49,31.27,58.8,1.62,2,2,0
2024-04-24 03:00:00,0.0,131.54,9875.02,29.65,60.5,0.38,3,2,0
2024-04-24 04:00:00,0.0,162.45,9855.03,28.4,61.1,1.35,4,2,0
2024-04-24 05:00:00,0.0,196.6,9767.23,27.83,65.5,2.32,5,2,0
2024-04-24 06:00:00,0.0,103.1,9925.01,26.85,64.8,0.2,6,2,0
2024-04-24 07:00:00,0.0,104.58,10271.37,27.17,64.4,0.2,7,2,0
2024-04-24 08:00:00,0.0,177.35,10195.56,23.36,64.2,1.17,8,2,0
2024-04-24 09:00:00,0.0,171.54,10226.61,26.15,56.8,0.92,9,2,0
2024-04-24 10:00:00,1221.48,173.9,9701.42,27.09,54.5,1.52,10,2,0
2024-04-24 11:00:00,2499.02,89.04,9671.41,25.9,59.6,0.2,11,2,0
2024-04-24 12:00:00,2646.06,143.71,9883.78,28.36,54.3,1.04,12,2,0
2024-04-24 13:00:00,2230.13,337.67,9836.28,28.38,49.5,2.47,13,2,0
2024-04-24 14:00:00,1068.11,165.79,10468.16,31.51,58.9,0.8,14,2,0
2024-04-24 15:00:00,0.0,470.56,10066.96,32.06,60.1,3.19,15,2,0
2024-04-24 16:00:00,0.0,144.61,10155.19,30.34,60.6,1.42,16,2,0
2024-04-24 17:00:00,0.0,367.76,10279.21,31.34,55.3,3.19,17,2,0
2024-04-24 18:00:00,0.0,229.69,10691.23,31.91,57.5,2.42,18,2,0
2024-04-24 19:00:00,0.0,202.0,10647.65,31.76,61.3,1.96,19,2,0
2024-04-24 20:00:00,0.0,207.51,10832.67,32.63,54.3,2.58,20,2,0
2024-04-24 21:00:00,0.0,326.87,10520.16,31.39,62.5,3.45,21,2,0
2024-04-24 22:00:00,0.0,316.57,10797.52,30.64,60.4,2.97,22,2,0
2024-04-24 23:00:00,0.0,425.03,10648.11,32.27,64.3,3.77,23,2,0
2024-04-25 00:00:00,0.0,417.02,10216.29,31.74,62.4,3.87,0,3,0
2024-04-25 01:00:00,0.0,154.83,9873.08,29.3,67.9,1.57,1,3,0
2024-04-25 02:00:00,0.0,184.12,9951.26,30.56,64.4,1.27,2,3,0
2024-04-25 03:00:00,0.0,122.99,9654.46,27.95,58.1,0.97,3,3,0
2024-04-25 04:00:00,0.0,162.06,9751.81,28.29,70.0,1.04,4,3,0
2024-04-25 05:00:00,0.0,244.76,9975.15,28.35,60.2,2.4,5,3,0
2024-04-25 06:00:00,0.0,236.0,10169.16,26.85,68.5,1.76,6,3,0
2024-04-25 07:00:00,0.0,99.71,10014.26,27.13,62.4,0.71,7,3,0
2024-04-25 08:00:00,0.0,115.4,9992.75,25.87,66.4,1.04,8,3,0
2024-04-25 09:00:00,0.0,262.07,9960.84,26.35,65.0,2.14,9,3,0
2024-04-25 10:00:00,1057.68,356.32,9840.09,26.64,60.9,2.58,10,3,0
2024-04-25 11:00:00,2221.87,132.19,9827.31,26.47,59.9,1.36,11,3,0
2024-04-25 12:00:00,2910.04,73.07,9798.11,27.77,58.4,0.2,12,3,0
2024-04-25 13:00:00,2458.35,250.52,9732.68,26.85,47.6,1.75,13,3,0
2024-04-25 14:00:00,1197.08,214.53,10062.5,28.9,55.3,2.5,14,3,0
2024-04-25 15:00:00,0.0,207.58,10119.63,29.92,49.9,2.2,15,3,0
2024-04-25 16:00:00,0.0,403.41,10210.18,30.68,54.9,2.86,16,3,0
2024-04-25 17:00:00,0.0,370.1,10248.75,31.32,49.8,2.8,17,3,0
2024-04-25 18:00:00,0.0,179.45,10772.53,32.01,50.1,1.73,18,3,0
2024-04-25 19:00:00,0.0,304.35,10829.14,32.96,62.1,2.17,19,3,0
2024-04-25 20:00:00,0.0,315.97,11049.17,33.53,61.0,2.72,20,3,0
2024-04-25 21:00:00,0.0,358.76,10794.38,31.6,57.9,3.87,21,3,0
2024-04-25 22:00:00,0.0,293.15,10690.7,30.64,59.9,2.37,22,3,0
2024-04-25 23:00:00,0.0,385.67,9895.63,30.36,59.5,3.25,23,3,0
2024-04-26 00:00:00,0.0,351.36,10139.19,30.48,63.8,2.97,0,4,0
2024-04-26 01:00:00,0.0,600.49,9990.88,29.92,59.9,3.79,1,4,0
2024-04-26 02:00:00,0.0,197.82,9761.21,28.64,67.4,2.25,2,4,0
2024-04-26 03:00:00,0.0,129.83,9873.41,27.24,62.9,0.62,3,4,0
2024-04-26 04:00:00,0.0,245.78,9807.27,27.52,62.4,2.28,4,4,0
2024-04-26 05:00:00,0.0,324.15,10068.49,27.66,64.0,3.23,5,4,0
2024-04-26 06:00:00,0.0,235.46,9844.14,27.68,61.0,1.88,6,4,0
2024-04-26 07:00:00,0.0,124.65,10065.33,26.0,63.9,0.52,7,4,0
2024-04-26 08:00:00,0.0,117.98,10088.01,26.07,59.4,0.2,8,4,0
2024-04-26 09:00:00,0.0,122.7,9960.37,25.56,62.2,0.26,9,4,0
2024-04-26 10:00:00,1255.3,307.03,9933.7,26.93,63.9,2.66,10,4,0
2024-04-26 11:00:00,1963.39,120.98,9823.8,26.43,54.9,0.89,11,4,0
2024-04-26 12:00:00,2962.3,130.32,9921.62,28.76,56.0,0.78,12,4,0
2024-04-26 13:00:00,2470.71,155.58,9658.29,26.65,57.4,1.39,13,4,0
2024-04-26 14:00:00,1436.28,155.65,10023.12,29.14,53.0,1.51,14,4,0
2024-04-26 15:00:00,0.0,391.95,10015.21,30.71,56.1,3.27,15,4,0
2024-04-26 16:00:00,0.0,192.24,10134.07,31.29,56.3,1.47,16,4,0
2024-04-26 17:00:00,0.0,431.86,10672.97,34.92,58.6,3.46,17,4,0
2024-04-26 18:00:00,0.0,401.42,10798.63,32.59,52.3,2.82,18,4,0
2024-04-26 19:00:00,0.0,419.47,10605.68,31.26,51.7,3.85,19,4,0
2024-04-26 20:00:00,0.0,508.87,10844.68,32.45,55.3,4.25,20,4,0
2024-04-26 21:00:00,0.0,388.76,10704.78,30.33,53.9,3.09,21,4,0
2024-04-26 22:00:00,0.0,323.09,10910.23,32.07,61.3,2.73,22,4,0
2024-04-26 23:00:00,0.0,235.32,10209.83,30.69,55.7,2.94,23,4,0
2024-04-27 00:00:00,0.0,263.54,9396.85,32.25,70.7,2.66,0,5,1
2024-04-27 01:00:00,0.0,133.0,8998.71,29.77,67.6,1.2,1,5,1
2024-04-27 02:00:00,0.0,505.57,9160.64,29.51,63.3,3.53,2,5,1
2024-04-27 03:00:00,0.0,298.3,8658.23,28.11,67.2,2.22,3,5,1
2024-04-27 04:00:00,0.0,114.97,9161.41,30.24,57.4,0.84,4,5,1
2024-04-27 05:00:00,0.0,74.7,8954.96,27.14,73.8,0.2,5,5,1
2024-04-27 06:00:00,0.0,80.61,8985.67,29.25,60.9,0.2,6,5,1
2024-04-27 07:00:00,0.0,163.73,9052.32,27.73,62.0,1.78,7,5,1
2024-04-27 08:00:00,0.0,97.72,9134.55,27.23,54.0,0.56,8,5,1
2024-04-27 09:00:00,0.0,102.21,9048.09,27.2,62.2,0.66,9,5,1
2024-04-27 10:00:00,1276.67,172.24,8915.71,27.53,54.5,1.45,10,5,1
2024-04-27 11:00:00,2343.55,112.91,8967.49,25.22,58.0,0.75,11,5,1
2024-04-27 12:00:00,2810.95,207.46,8907.6,27.82,54.2,1.76,12,5,1
2024-04-27 13:00:00,2315.99,169.43,9115.92,29.89,51.1,1.6,13,5,1
2024-04-27 14:00:00,1479.23,231.21,9126.5,29.59,51.4,1.7,14,5,1
2024-04-27 15:00:00,0.0,161.3,9043.47,28.74,55.0,0.77,15,5,1
2024-04-27 16:00:00,0.0,178.38,9112.87,31.09,48.8,1.63,16,5,1
2024-04-27 17:00:00,0.0,251.76,9332.92,33.82,51.1,3.01,17,5,1
2024-04-27 18:00:00,0.0,205.14,9998.85,33.75,57.2,2.19,18,5,1
2024-04-27 19:00:00,0.0,365.75,9930.51,32.47,65.8,3.86,19,5,1
2024-04-27 20:00:00,0.0,615.79,9780.35,33.79,58.3,4.87,20,5,1
2024-04-27 21:00:00,0.0,460.84,9786.8,32.11,54.0,3.55,21,5,1
2024-04-27 22:00:00,0.0,544.6,9696.2,30.2,57.4,4.19,22,5,1
2024-04-27 23:00:00,0.0,349.36,9143.27,30.66,60.3,3.47,23,5,1
2024-04-28 00:00:00,0.0,295.3,9619.08,33.11,59.9,2.31,0,6,1
2024-04-28 01:00:00,0.0,234.98,9262.58,30.18,65.9,2.69,1,6,1
2024-04-28 02:00:00,0.0,407.25,8996.23,29.44,64.0,3.9,2,6,1
2024-04-28 03:00:00,0.0,206.78,8878.27,28.6,67.2,1.61,3,6,1
2024-04-28 04:00:00,0.0,113.4,9099.36,30.52,62.5,0.94,4,6,1
2024-04-28 05:00:00,0.0,131.37,9048.02,29.56,68.9,0.62,5,6,1
2024-04-28 06:00:00,0.0,194.65,8918.38,29.8,62.4,1.15,6,6,1
2024-04-28 07:00:00,0.0,125.7,8976.0,26.64,58.4,0.36,7,6,1
2024-04-28 08:00:00,0.0,212.21,8866.42,27.09,70.0,2.4,8,6,1
2024-04-28 09:00:00,0.0,157.41,9136.46,25.01,52.8,1.2,9,6,1
2024-04-28 10:00:00,1171.28,198.19,9202.41,28.91,55.8,1.84,10,6,1
2024-04-28 11:00:00,1999.71,177.05,8615.14,26.21,55.0,0.93,11,6,1
2024-04-28 12:00:00,2535.49,137.12,8887.76,28.49,66.3,0.41,12,6,1
2024-04-28 13:00:00,1864.56,86.9,8828.3,27.64,62.5,0.48,13,6,1
2024-04-28 14:00:00,1216.68,180.07,8953.17,29.03,60.4,1.05,14,6,1
2024-04-28 15:00:00,0.0,209.16,9175.82,29.5,52.6,2.31,15,6,1
2024-04-28 16:00:00,0.0,270.41,9032.39,30.5,63.5,2.71,16,6,1
2024-04-28 17:00:00,0.0,313.0,8986.39,31.21,55.4,3.01,17,6,1
2024-04-28 18:00:00,0.0,159.51,9664.27,31.67,58.4,1.55,18,6,1
2024-04-28 19:00:00,0.0,395.44,9871.68,33.63,56.0,2.9,19,6,1
2024-04-28 20:00:00,0.0,217.07,9431.03,31.41,56.1,2.18,20,6,1
2024-04-28 21:00:00,0.0,465.84,9896.92,32.89,56.5,3.35,21,6,1
2024-04-28 22:00:00,0.0,512.9,9827.74,33.79,57.9,3.38,22,6,1
2024-04-28 23:00:00,0.0,262.91,9213.39,31.24,62.5,1.96,23,6,1
2024-04-29 00:00:00,0.0,381.71,10051.16,30.45,62.6,3.52,0,0,0
2024-04-29 01:00:00,0.0,654.04,9948.18,30.31,62.1,4.41,1,0,0
2024-04-29 02:00:00,0.0,342.29,10299.86,31.23,69.0,2.96,2,0,0
2024-04-29 03:00:00,0.0,250.33,9912.24,29.27,51.6,1.91,3,0,0
2024-04-29 04:00:00,0.0,143.86,9792.51,27.68,65.7,1.53,4,0,0
2024-04-29 05:00:00,0.0,181.75,9890.39,28.27,66.3,1.37,5,0,0
2024-04-29 06:00:00,0.0,144.61,9820.62,25.89,67.6,0.72,6,0,0
2024-04-29 07:00:00,0.0,193.92,10118.4,27.73,61.9,1.37,7,0,0
2024-04-29 08:00:00,0.0,124.12,10002.1,27.3,62.0,0.2,8,0,0
2024-04-29 09:00:00,0.0,72.19,9967.53,26.55,63.9,0.2,9,0,0
2024-04-29 10:00:00,1481.16,144.7,9804.94,26.21,64.6,1.25,10,0,0
2024-04-29 11:00:00,2526.59,152.69,9670.57,26.63,56.2,1.19,11,0,0
2024-04-29 12:00:00,2207.29,118.62,10001.03,28.95,57.2,0.87,12,0,0
2024-04-29 13:00:00,1900.78,100.26,10086.72,30.51,61.8,0.51,13,0,0
2024-04-29 14:00:00,1288.72,181.24,9996.13,29.05,45.8,2.01,14,0,0
2024-04-29 15:00:00,0.0,188.43,10063.35,31.14,51.1,1.25,15,0,0
2024-04-29 16:00:00,0.0,300.4,9751.12,28.81,59.5,2.19,16,0,0
2024-04-29 17:00:00,0.0,372.46,10394.44,31.23,58.2,3.95,17,0,0
2024-04-29 18:00:00,0.0,303.19,10822.68,32.37,56.4,3.27,18,0,0
2024-04-29 19:00:00,0.0,172.19,10855.71,31.62,53.3,1.81,19,0,0
2024-04-29 20:00:00,0.0,222.12,10585.51,31.69,52.6,1.98,20,0,0
2024-04-29 21:00:00,0.0,426.37,10748.7,31.91,55.0,3.16,21,0,0
2024-04-29 22:00:00,0.0,159.51,11046.04,32.76,64.8,1.9,22,0,0
2024-04-29 23:00:00,0.0,175.92,10065.71,31.71,57.4,1.3,23,0,0
2024-04-30 00:00:00,0.0,291.26,10148.5,28.71,61.4,3.18,0,1,0
2024-04-30 01:00:00,0.0,401.24,9825.42,28.12,59.0,2.8,1,1,0
2024-04-30 02:00:00,0.0,365.75,9833.89,29.16,66.2,2.66,2,1,0
2024-04-30 03:00:00,0.0,314.4,10037.39,29.66,61.2,2.25,3,1,0
2024-04-30 04:00:00,0.0,151.93,9919.1,25.09,63.1,1.73,4,1,0
2024-04-30 05:00:00,0.0,141.51,9686.93,27.17,56.6,1.01,5,1,0
2024-04-30 06:00:00,0.0,160.22,9704.16,26.66,56.4,1.75,6,1,0
2024-04-30 07:00:00,0.0,280.92,10214.06,28.66,62.1,2.4,7,1,0
2024-04-30 08:00:00,0.0,103.03,10156.56,26.43,55.7,0.68,8,1,0
2024-04-30 09:00:00,0.0,114.67,10077.19,27.45,68.2,0.23,9,1,0
2024-04-30 10:00:00,1447.78,105.79,9834.28,27.46,50.3,0.2,10,1,0
2024-04-30 11:00:00,2539.78,116.0,9888.43,25.21,54.0,0.48,11,1,0
2024-04-30 12:00:00,2297.84,212.41,9971.86,29.31,56.1,1.5,12,1,0
2024-04-30 13:00:00,2376.08,97.54,9875.64,29.37,53.5,0.2,13,1,0
2024-04-30 14:00:00,1323.14,204.94,10098.49,30.5,49.8,2.14,14,1,0
2024-04-30 15:00:00,0.0,304.16,10926.63,35.38,49.9,2.56,15,1,0
2024-04-30 16:00:00,0.0,168.69,9938.11,28.89,49.6,0.86,16,1,0
2024-04-30 17:00:00,0.0,212.33,10700.91,34.08,52.5,1.76,17,1,0
2024-04-30 18:00:00,0.0,340.9,10749.92,32.14,62.0,2.82,18,1,0
2024-04-30 19:00:00,0.0,394.46,10967.9,33.13,55.3,2.8,19,1,0
2024-04-30 20:00:00,0.0,408.87,10995.16,32.84,60.7,3.43,20,1,0
2024-04-30 21:00:00,0.0,428.27,11009.01,32.28,59.3,2.93,21,1,0
2024-04-30 22:00:00,0.0,405.18,10917.37,31.81,63.0,4.02,22,1,0
2024-04-30 23:00:00,0.0,301.44,10207.35,32.41,48.6,2.65,23,1,0
2024-05-01 00:00:00,0.0,182.83,10132.12,29.65,59.7,1.97,0,2,0
2024-05-01 01:00:00,0.0,189.74,10448.22,31.65,67.2,1.7,1,2,0
2024-05-01 02:00:00,0.0,263.97,9902.23,29.47,60.4,2.9,2,2,0
2024-05-01 03:00:00,0.0,193.2,9678.66,27.84,70.3,2.08,3,2,0
2024-05-01 04:00:00,0.0,210.86,9783.07,27.93,69.3,2.3,4,2,0
2024-05-01 05:00:00,0.0,202.85,9978.9,29.36,61.3,2.04,5,2,0
2024-05-01 06:00:00,0.0,76.56,9743.99,26.73,60.7,0.2,6,2,0
2024-05-01 07:00:00,0.0,119.16,9958.59,27.5,57.9,0.27,7,2,0
2024-05-01 08:00:00,0.0,84.25,10277.69,26.09,58.4,0.27,8,2,0
2024-05-01 09:00:00,0.0,101.94,9997.8,27.98,54.8,0.4,9,2,0
2024-05-01 10:00:00,1156.59,90.35,9749.11,28.19,60.1,0.75,10,2,0
2024-05-01 11:00:00,2559.61,170.35,10059.92,30.07,51.3,1.99,11,2,0
2024-05-01 12:00:00,2520.19,313.31,9642.06,28.26,58.3,2.3,12,2,0
2024-05-01 13:00:00,2148.27,196.89,9852.13,30.0,57.4,1.32,13,2,0
2024-05-01 14:00:00,1057.55,222.94,9997.54,30.09,47.4,1.59,14,2,0
2024-05-01 15:00:00,0.0,168.24,10426.88,32.3,59.8,1.49,15,2,0
2024-05-01 16:00:00,0.0,207.54,10137.42,30.61,55.4,2.38,16,2,0
2024-05-01 17:00:00,0.0,232.76,10167.61,32.99,56.6,2.71,17,2,0
2024-05-01 18:00:00,0.0,425.37,11002.32,32.33,51.0,3.4,18,2,0
2024-05-01 19:00:00,0.0,508.53,10989.23,32.79,57.3,3.56,19,2,0
2024-05-01 20:00:00,0.0,190.39,10953.0,33.08,60.4,1.18,20,2,0
2024-05-01 21:00:00,0.0,290.29,10961.12,33.17,56.7,2.93,21,2,0
2024-05-01 22:00:00,0.0,471.67,10928.99,32.43,66.4,4.13,22,2,0
2024-05-01 23:00:00,0.0,218.25,10613.26,32.35,59.9,2.57,23,2,0
2024-05-02 00:00:00,0.0,518.35,10577.1,33.44,65.3,3.68,0,3,0
2024-05-02 01:00:00,0.0,221.51,10326.8,32.01,63.0,2.31,1,3,0
2024-05-02 02:00:00,0.0,269.11,10028.09,31.09,64.9,2.46,2,3,0
2024-05-02 03:00:00,0.0,190.35,9896.46,28.72,56.4,1.15,3,3,0
2024-05-02 04:00:00,0.0,156.98,9878.8,27.48,64.7,0.92,4,3,0
2024-05-02 05:00:00,0.0,174.66,9907.0,29.07,60.2,2.14,5,3,0
2024-05-02 06:00:00,0.0,162.65,9786.27,28.5,59.2,2.06,6,3,0
2024-05-02 07:00:00,0.0,182.66,10283.36,28.92,68.8,1.21,7,3,0
2024-05-02 08:00:00,0.0,100.54,9982.43,26.32,59.9,0.2,8,3,0
2024-05-02 09:00:00,0.0,167.03,10205.16,26.87,55.5,1.09,9,3,0
2024-05-02 10:00:00,1137.72,185.9,9733.73,25.48,56.8,2.1,10,3,0
2024-05-02 11:00:00,2369.83,350.58,9531.3,27.45,51.8,2.59,11,3,0
2024-05-02 12:00:00,2980.13,172.43,9950.67,29.74,61.5,1.1,12,3,0
2024-05-02 13:00:00,1919.47,121.67,9868.61,28.71,51.9,0.23,13,3,0
2024-05-02 14:00:00,1234.56,247.78,10207.62,30.82,56.0,2.47,14,3,0
2024-05-02 15:00:00,0.0,180.27,10164.79,30.59,58.9,1.84,15,3,0
2024-05-02 16:00:00,0.0,279.1,10127.59,31.94,51.3,3.07,16,3,0
2024-05-02 17:00:00,0.0,390.33,10152.19,30.79,55.6,2.78,17,3,0
2024-05-02 18:00:00,0.0,185.36,10824.42,32.75,49.8,2.06,18,3,0
2024-05-02 19:00:00,0.0,261.51,10418.13,29.36,64.5,2.97,19,3,0
2024-05-02 20:00:00,0.0,422.63,10777.53,32.82,59.5,4.07,20,3,0
2024-05-02 21:00:00,0.0,385.98,10660.63,30.99,56.2,2.94,21,3,0
2024-05-02 22:00:00,0.0,299.05,11433.23,34.09,55.2,2.2,22,3,0
2024-05-02 23:00:00,0.0,225.66,10651.37,33.1,59.1,1.65,23,3,0
2024-05-03 00:00:00,0.0,248.0,10192.84,32.18,59.3,2.16,0,4,0
2024-05-03 01:00:00,0.0,319.49,10388.63,32.72,69.5,2.24,1,4,0
2024-05-03 02:00:00,0.0,252.54,9871.8,28.98,57.6,2.98,2,4,0
2024-05-03 03:00:00,0.0,186.54,10236.48,31.44,63.5,1.17,3,4,0
2024-05-03 04:00:00,0.0,333.36,10115.2,29.74,63.1,3.05,4,4,0
2024-05-03 05:00:00,0.0,109.4,9770.48,27.72,62.5,0.5,5,4,0
2024-05-03 06:00:00,0.0,292.37,9812.67,28.89,62.0,3.23,6,4,0
2024-05-03 07:00:00,0.0,207.81,10239.78,25.9,61.2,2.58,7,4,0
2024-05-03 08:00:00,0.0,140.03,9952.92,26.13,64.1,1.22,8,4,0
2024-05-03 09:00:00,0.0,78.87,10123.72,26.49,61.9,0.2,9,4,0
2024-05-03 10:00:00,1106.72,144.41,9607.67,26.89,59.8,1.06,10,4,0
2024-05-03 11:00:00,2607.26,106.84,9662.87,26.73,44.7,0.89,11,4,0
2024-05-03 12:00:00,2707.66,82.01,10138.71,30.09,56.8,0.34,12,4,0
2024-05-03 13:00:00,2601.13,249.25,9835.51,29.04,48.0,1.8,13,4,0
2024-05-03 14:00:00,1275.95,189.67,9882.11,30.55,56.4,1.15,14,4,0
2024-05-03 15:00:00,0.0,226.99,9977.74,30.21,59.2,1.5,15,4,0
2024-05-03 16:00:00,0.0,264.49,9867.87,29.44,49.4,2.16,16,4,0
2024-05-03 17:00:00,0.0,271.23,10210.34,32.57,52.3,2.11,17,4,0
2024-05-03 18:00:00,0.0,703.88,10662.19,30.43,51.4,4.44,18,4,0
2024-05-03 19:00:00,0.0,304.02,10726.82,32.94,59.5,2.51,19,4,0
2024-05-03 20:00:00,0.0,359.08,10657.93,31.48,56.0,3.39,20,4,0
2024-05-03 21:00:00,0.0,292.79,11238.41,35.4,63.8,3.18,21,4,0
2024-05-03 22:00:00,0.0,328.07,10980.93,33.81,59.8,3.32,22,4,0
2024-05-03 23:00:00,0.0,458.41,10288.12,32.37,60.4,3.28,23,4,0
2024-05-04 00:00:00,0.0,462.68,9361.22,33.21,60.8,3.49,0,5,1
2024-05-04 01:00:00,0.0,304.69,8931.19,29.96,64.8,2.79,1,5,1
2024-05-04 02:00:00,0.0,201.92,9102.49,30.85,55.4,2.52,2,5,1
2024-05-04 03:00:00,0.0,202.65,9122.15,29.66,63.2,2.12,3,5,1
2024-05-04 04:00:00,0.0,222.36,8917.05,29.01,62.7,1.71,4,5,1
2024-05-04 05:00:00,0.0,133.29,9056.43,29.6,65.7,0.85,5,5,1
2024-05-04 06:00:00,0.0,158.07,9042.77,28.48,61.6,1.32,6,5,1
2024-05-04 07:00:00,0.0,151.72,9210.98,27.65,57.4,1.4,7,5,1
2024-05-04 08:00:00,0.0,183.6,8985.85,25.21,60.5,1.43,8,5,1
2024-05-04 09:00:00,0.0,200.03,9192.76,26.15,55.0,1.22,9,5,1
2024-05-04 10:00:00,1157.25,169.74,8979.72,27.45,50.3,0.93,10,5,1
2024-05-04 11:00:00,2048.52,111.04,8805.8,28.19,59.6,1.17,11,5,1
2024-05-04 12:00:00,2683.65,135.8,8663.73,27.34,57.8,0.93,12,5,1
2024-05-04 13:00:00,2417.34,186.01,9292.46,32.31,56.3,1.83,13,5,1
2024-05-04 14:00:00,1395.56,191.1,9334.85,32.02,58.9,1.64,14,5,1
2024-05-04 15:00:00,0.0,260.76,9346.89,31.7,50.5,2.22,15,5,1
2024-05-04 16:00:00,0.0,297.38,9222.43,31.78,47.3,3.14,16,5,1
2024-05-04 17:00:00,0.0,260.98,9072.58,32.06,52.9,2.01,17,5,1
2024-05-04 18:00:00,0.0,373.34,9572.93,31.65,52.3,3.26,18,5,1
2024-05-04 19:00:00,0.0,434.5,9944.85,33.19,51.1,2.97,19,5,1
2024-05-04 20:00:00,0.0,456.17,10177.02,33.51,55.2,4.66,20,5,1
2024-05-04 21:00:00,0.0,267.65,9717.77,31.6,54.3,2.9,21,5,1
2024-05-04 22:00:00,0.0,481.14,10060.35,33.2,50.7,3.6,22,5,1
2024-05-04 23:00:00,0.0,374.12,9197.99,32.13,57.5,2.96,23,5,1
2024-05-05 00:00:00,0.0,202.71,8945.0,29.48,55.8,1.68,0,6,1
2024-05-05 01:00:00,0.0,306.82,8802.31,30.01,62.4,2.17,1,6,1
2024-05-05 02:00:00,0.0,330.82,9100.14,29.77,59.6,3.05,2,6,1
2024-05-05 03:00:00,0.0,188.93,9175.41,31.76,67.2,1.74,3,6,1
2024-05-05 04:00:00,0.0,121.08,9090.05,29.44,69.3,0.2,4,6,1
2024-05-05 05:00:00,0.0,187.34,8793.72,26.55,65.4,1.56,5,6,1
2024-05-05 06:00:00,0.0,103.18,9126.26,28.26,56.0,0.51,6,6,1
2024-05-05 07:00:00,0.0,186.31,9354.18,25.52,67.4,1.33,7,6,1
2024-05-05 08:00:00,0.0,279.1,8927.58,28.57,66.7,2.36,8,6,1
2024-05-05 09:00:00,0.0,172.88,9209.95,26.81,59.3,1.7,9,6,1
2024-05-05 10:00:00,1350.74,228.76,8764.8,27.56,63.2,2.35,10,6,1
2024-05-05 11:00:00,2519.53,119.67,9129.99,29.74,54.4,0.77,11,6,1
2024-05-05 12:00:00,2666.2,120.13,8692.75,27.23,47.9,1.27,12,6,1
2024-05-05 13:00:00,2131.22,159.2,9026.95,27.82,51.3,0.75,13,6,1
2024-05-05 14:00:00,1141.56,131.25,9156.66,29.57,60.5,1.28,14,6,1
2024-05-05 15:00:00,0.0,136.57,9173.41,32.29,47.1,1.35,15,6,1
2024-05-05 16:00:00,0.0,176.9,9054.54,29.95,52.9,1.3,16,6,1
2024-05-05 17:00:00,0.0,505.18,8986.35,28.99,53.2,3.68,17,6,1
2024-05-05 18:00:00,0.0,170.81,9889.94,32.33,51.5,1.12,18,6,1
2024-05-05 19:00:00,0.0,474.53,9973.19,33.83,52.6,4.05,19,6,1
2024-05-05 20:00:00,0.0,624.64,10169.3,34.71,55.7,4.05,20,6,1
2024-05-05 21:00:00,0.0,425.57,9827.05,32.61,54.3,3.49,21,6,1
2024-05-05 22:00:00,0.0,230.46,9881.59,32.37,52.2,2.16,22,6,1
2024-05-05 23:00:00,0.0,229.69,9348.78,33.78,60.0,1.69,23,6,1
2024-05-06 00:00:00,0.0,222.36,9984.48,29.6,64.6,2.37,0,0,0
2024-05-06 01:00:00,0.0,430.58,10257.91,30.65,64.8,3.1,1,0,0
2024-05-06 02:00:00,0.0,266.7,10279.15,30.57,58.9,2.36,2,0,0
2024-05-06 03:00:00,0.0,197.49,10071.36,30.1,57.6,1.26,3,0,0
2024-05-06 04:00:00,0.0,254.71,9803.08,28.23,61.6,2.76,4,0,0
2024-05-06 05:00:00,0.0,419.95,9982.92,28.26,68.9,2.95,5,0,0
2024-05-06 06:00:00,0.0,173.52,9773.89,24.76,64.7,1.21,6,0,0
2024-05-06 07:00:00,0.0,175.74,10238.34,26.65,64.1,1.32,7,0,0
2024-05-06 08:00:00,0.0,93.06,10088.2,27.89,63.8,0.2,8,0,0
2024-05-06 09:00:00,0.0,161.72,10105.8,26.27,60.7,0.77,9,0,0
2024-05-06 10:00:00,1298.74,175.57,9653.43,27.81,58.3,1.54,10,0,0
2024-05-06 11:00:00,2384.14,179.77,9731.85,28.76,59.1,1.52,11,0,0
2024-05-06 12:00:00,2551.08,163.82,9957.56,28.43,53.1,0.98,12,0,0
2024-05-06 13:00:00,1910.33,147.49,10215.76,29.77,48.6,1.38,13,0,0
2024-05-06 14:00:00,1073.73,155.03,9948.63,29.19,56.3,1.48,14,0,0
2024-05-06 15:00:00,0.0,245.63,10127.68,30.87,57.9,1.88,15,0,0
2024-05-06 16:00:00,0.0,235.45,10484.54,32.57,48.3,2.7,16,0,0
2024-05-06 17:00:00,0.0,170.37,10412.38,32.65,56.2,1.02,17,0,0
2024-05-06 18:00:00,0.0,330.3,10536.44,32.24,60.2,2.75,18,0,0
2024-05-06 19:00:00,0.0,384.53,11103.5,33.51,54.2,3.24,19,0,0
2024-05-06 20:00:00,0.0,243.85,10910.77,34.2,52.0,2.61,20,0,0
2024-05-06 21:00:00,0.0,353.5,10638.87,30.78,57.0,2.71,21,0,0
2024-05-06 22:00:00,0.0,355.32,11034.6,34.33,55.6,2.7,22,0,0
2024-05-06 23:00:00,0.0,283.54,10220.68,32.06,56.6,2.58,23,0,0
2024-05-07 00:00:00,0.0,296.1,10348.55,32.42,61.9,2.82,0,1,0
2024-05-07 01:00:00,0.0,257.37,10476.62,32.63,54.8,2.71,1,1,0
2024-05-07 02:00:00,0.0,141.19,9886.78,28.77,56.2,0.69,2,1,0
2024-05-07 03:00:00,0.0,316.53,10053.47,28.78,62.6,2.63,3,1,0
2024-05-07 04:00:00,0.0,155.74,10041.9,28.57,62.6,1.62,4,1,0
2024-05-07 05:00:00,0.0,427.07,9968.98,27.35,63.9,3.16,5,1,0
2024-05-07 06:00:00,0.0,134.43,10018.7,29.9,69.5,0.45,6,1,0
2024-05-07 07:00:00,0.0,85.21,10043.61,26.49,61.6,0.55,7,1,0
2024-05-07 08:00:00,0.0,163.07,10096.96,26.75,62.5,0.98,8,1,0
2024-05-07 09:00:00,0.0,209.53,10236.04,27.76,55.0,1.44,9,1,0
2024-05-07 10:00:00,1231.38,125.72,9913.84,26.37,60.7,0.2,10,1,0
2024-05-07 11:00:00,1966.78,98.65,9474.58,27.82,54.3,0.58,11,1,0
2024-05-07 12:00:00,3020.08,194.49,9985.24,29.29,55.4,1.87,12,1,0
2024-05-07 13:00:00,1861.98,168.62,9658.08,29.24,53.7,0.85,13,1,0
2024-05-07 14:00:00,1380.67,254.4,10073.51,30.3,57.5,2.95,14,1,0
2024-05-07 15:00:00,0.0,202.29,10043.82,30.55,47.6,1.75,15,1,0
2024-05-07 16:00:00,0.0,191.53,9950.17,30.1,43.5,1.65,16,1,0
2024-05-07 17:00:00,0.0,377.57,10507.83,32.92,52.0,3.1,17,1,0
2024-05-07 18:00:00,0.0,469.61,11109.45,35.12,55.2,4.1,18,1,0
2024-05-07 19:00:00,0.0,483.34,10960.44,33.33,54.7,3.31,19,1,0
2024-05-07 20:00:00,0.0,447.73,10893.8,33.68,60.1,4.08,20,1,0
2024-05-07 21:00:00,0.0,641.73,11072.49,34.14,58.1,4.45,21,1,0
2024-05-07 22:00:00,0.0,257.89,10844.91,31.49,55.4,2.34,22,1,0
2024-05-07 23:00:00,0.0,392.43,10509.73,34.58,49.6,3.73,23,1,0
2024-05-08 00:00:00,0.0,153.08,10394.51,32.22,59.1,1.61,0,2,0
2024-05-08 01:00:00,0.0,425.72,10450.5,33.22,65.2,2.96,1,2,0
2024-05-08 02:00:00,0.0,265.53,9993.28,29.6,60.3,2.32,2,2,0
2024-05-08 03:00:00,0.0,378.61,10234.09,31.89,62.5,3.11,3,2,0
2024-05-08 04:00:00,0.0,366.4,10119.47,29.91,64.2,2.8,4,2,0
2024-05-08 05:00:00,0.0,174.01,9995.03,29.02,58.3,2.08,5,2,0
2024-05-08 06:00:00,0.0,214.76,9790.15,28.16,64.4,1.65,6,2,0
2024-05-08 07:00:00,0.0,153.89,10125.32,27.29,67.6,1.66,7,2,0
2024-05-08 08:00:00,0.0,177.53,10306.08,28.92,59.3,1.2,8,2,0
2024-05-08 09:00:00,0.0,115.6,10165.98,27.75,54.3,1.07,9,2,0
2024-05-08 10:00:00,1335.09,305.09,9749.2,25.52,57.3,2.31,10,2,0
2024-05-08 11:00:00,2245.49,306.33,9925.88,27.02,47.3,2.5,11,2,0
2024-05-08 12:00:00,2378.67,151.88,9985.46,28.76,56.4,1.3,12,2,0
2024-05-08 13:00:00,2234.29,187.91,10301.43,30.08,55.8,1.81,13,2,0
2024-05-08 14:00:00,1366.35,171.5,9901.31,30.41,59.9,1.93,14,2,0
2024-05-08 15:00:00,0.0,162.27,10464.96,32.72,51.9,0.83,15,2,0
2024-05-08 16:00:00,0.0,181.44,10130.89,29.64,54.2,2.11,16,2,0
2024-05-08 17:00:00,0.0,476.79,10508.9,32.78,49.3,3.9,17,2,0
2024-05-08 18:00:00,0.0,208.29,10625.07,30.9,51.8,2.23,18,2,0
2024-05-08 19:00:00,0.0,823.21,10918.96,34.29,47.9,4.68,19,2,0
2024-05-08 20:00:00,0.0,532.19,11151.38,33.37,54.3,4.02,20,2,0
2024-05-08 21:00:00,0.0,322.96,10973.07,33.88,55.0,3.44,21,2,0
2024-05-08 22:00:00,0.0,462.85,10763.59,32.04,58.7,3.53,22,2,0
2024-05-08 23:00:00,0.0,320.55,10807.63,34.14,56.3,2.25,23,2,0
2024-05-09 00:00:00,0.0,310.61,10301.03,33.3,60.3,2.63,0,3,0
2024-05-09 01:00:00,0.0,453.6,10392.05,32.03,59.6,3.79,1,3,0
2024-05-09 02:00:00,0.0,187.34,9996.69,30.39,60.4,1.9,2,3,0
2024-05-09 03:00:00,0.0,257.17,10004.13,30.47,62.6,2.98,3,3,0
2024-05-09 04:00:00,0.0,107.11,9831.32,28.2,62.6,0.77,4,3,0
2024-05-09 05:00:00,0.0,125.52,10051.12,29.46,65.3,0.67,5,3,0
2024-05-09 06:00:00,0.0,384.11,10143.2,29.93,61.3,2.95,6,3,0
2024-05-09 07:00:00,0.0,195.4,10349.22,28.94,59.6,1.26,7,3,0
2024-05-09 08:00:00,0.0,147.45,10016.21,26.67,59.2,0.74,8,3,0
2024-05-09 09:00:00,0.0,191.36,9975.12,28.09,55.9,2.22,9,3,0
2024-05-09 10:00:00,1225.82,277.56,9744.88,26.4,56.0,2.16,10,3,0
2024-05-09 11:00:00,2105.64,233.61,9968.82,29.12,64.3,2.0,11,3,0
2024-05-09 12:00:00,2927.99,137.36,9961.66,29.59,51.3,0.97,12,3,0
2024-05-09 13:00:00,2360.05,177.69,9350.22,27.53,52.8,1.4,13,3,0
2024-05-09 14:00:00,1210.3,166.97,9712.9,29.16,51.5,2.12,14,3,0
2024-05-09 15:00:00,0.0,223.73,10133.88,30.99,51.6,2.69,15,3,0
2024-05-09 16:00:00,0.0,224.31,10353.56,31.69,51.1,1.98,16,3,0
2024-05-09 17:00:00,0.0,250.67,10083.16,31.22,53.7,2.77,17,3,0
2024-05-09 18:00:00,0.0,357.49,11084.83,33.61,46.3,3.05,18,3,0
2024-05-09 19:00:00,0.0,464.85,10834.97,33.75,58.0,4.03,19,3,0
2024-05-09 20:00:00,0.0,557.49,10990.99,33.32,57.5,3.7,20,3,0
2024-05-09 21:00:00,0.0,273.3,10893.58,32.54,51.2,1.93,21,3,0
2024-05-09 22:00:00,0.0,425.04,11153.91,34.41,48.4,2.93,22,3,0
2024-05-09 23:00:00,0.0,308.33,10504.17,34.66,54.8,2.26,23,3,0
2024-05-10 00:00:00,0.0,496.98,10046.32,31.54,58.8,3.31,0,4,0
2024-05-10 01:00:00,0.0,445.53,10208.29,30.66,71.2,3.38,1,4,0
2024-05-10 02:00:00,0.0,348.86,10007.32,31.21,63.8,2.48,2,4,0
2024-05-10 03:00:00,0.0,234.16,9871.15,29.41,54.9,1.93,3,4,0
2024-05-10 04:00:00,0.0,256.57,10072.7,28.95,59.6,1.94,4,4,0
2024-05-10 05:00:00,0.0,160.55,9980.27,29.38,61.9,1.81,5,4,0
2024-05-10 06:00:00,0.0,152.09,9830.25,25.73,62.7,0.93,6,4,0
2024-05-10 07:00:00,0.0,128.18,10339.77,29.3,55.6,0.3,7,4,0
2024-05-10 08:00:00,0.0,99.82,10171.69,27.7,59.3,0.2,8,4,0
2024-05-10 09:00:00,0.0,195.05,10098.45,27.22,55.7,2.16,9,4,0
2024-05-10 10:00:00,1337.53,187.78,9677.83,27.91,52.9,1.58,10,4,0
2024-05-10 11:00:00,2050.85,206.43,10164.79,28.45,57.1,1.57,11,4,0
2024-05-10 12:00:00,2538.05,314.01,9750.88,27.04,57.9,2.45,12,4,0
2024-05-10 13:00:00,2137.64,121.66,10283.11,31.63,57.1,0.64,13,4,0
2024-05-10 14:00:00,1381.49,93.68,10175.24,30.67,55.3,0.5,14,4,0
2024-05-10 15:00:00,0.0,339.02,10215.97,31.92,50.5,2.45,15,4,0
2024-05-10 16:00:00,0.0,341.05,10397.68,33.26,55.2,2.64,16,4,0
2024-05-10 17:00:00,0.0,138.3,10406.85,31.51,53.7,1.26,17,4,0
2024-05-10 18:00:00,0.0,427.33,10929.6,33.78,53.5,3.14,18,4,0
2024-05-10 19:00:00,0.0,273.16,10993.43,33.19,51.3,2.69,19,4,0
2024-05-10 20:00:00,0.0,243.17,11232.88,34.63,52.8,2.47,20,4,0
2024-05-10 21:00:00,0.0,394.07,10637.26,30.96,56.3,2.88,21,4,0
2024-05-10 22:00:00,0.0,186.23,10921.33,33.1,67.1,1.16,22,4,0
2024-05-10 23:00:00,0.0,264.78,10406.09,32.01,59.8,2.54,23,4,0
2024-05-11 00:00:00,0.0,180.69,9373.32,32.7,57.3,2.3,0,5,1
2024-05-11 01:00:00,0.0,289.79,9063.02,32.02,57.4,3.1,1,5,1
2024-05-11 02:00:00,0.0,313.9,9243.09,29.83,59.6,2.29,2,5,1
2024-05-11 03:00:00,0.0,367.28,8856.64,29.05,70.8,2.67,3,5,1
2024-05-11 04:00:00,0.0,94.85,8999.56,29.05,60.6,0.2,4,5,1
2024-05-11 05:00:00,0.0,124.93,8695.87,27.48,65.7,0.99,5,5,1
2024-05-11 06:00:00,0.0,188.53,8916.95,29.09,60.0,1.9,6,5,1
2024-05-11 07:00:00,0.0,178.26,9086.62,27.34,61.8,1.04,7,5,1
2024-05-11 08:00:00,0.0,188.76,9159.9,24.19,62.9,1.87,8,5,1
2024-05-11 09:00:00,0.0,98.19,9033.74,27.33,56.2,0.2,9,5,1
2024-05-11 10:00:00,1176.63,229.68,9091.94,26.84,54.6,1.78,10,5,1
2024-05-11 11:00:00,1969.81,106.2,8856.94,26.6,62.6,0.78,11,5,1
2024-05-11 12:00:00,2957.46,113.7,8959.73,27.7,58.7,0.86,12,5,1
2024-05-11 13:00:00,1899.85,248.38,9085.5,30.04,56.8,2.45,13,5,1
2024-05-11 14:00:00,1529.2,346.92,9461.59,32.28,56.0,2.83,14,5,1
2024-05-11 15:00:00,0.0,403.19,9038.54,31.83,54.2,2.99,15,5,1
2024-05-11 16:00:00,0.0,526.24,9162.73,31.45,60.3,4.05,16,5,1
2024-05-11 17:00:00,0.0,348.61,9401.28,33.35,52.6,3.67,17,5,1
2024-05-11 18:00:00,0.0,238.7,9785.63,32.73,55.2,2.23,18,5,1
2024-05-11 19:00:00,0.0,282.01,9913.74,32.75,47.9,3.14,19,5,1
2024-05-11 20:00:00,0.0,242.04,9870.66,32.3,51.4,2.84,20,5,1
2024-05-11 21:00:00,0.0,693.06,9697.83,31.48,51.1,4.78,21,5,1
2024-05-11 22:00:00,0.0,640.22,9852.42,32.81,62.3,4.01,22,5,1
2024-05-11 23:00:00,0.0,387.6,9715.72,32.99,48.3,2.87,23,5,1
2024-05-12 00:00:00,0.0,498.89,9363.77,32.13,58.0,3.58,0,6,1
2024-05-12 01:00:00,0.0,220.17,8931.26,31.02,48.7,1.69,1,6,1
2024-05-12 02:00:00,0.0,360.87,9129.95,29.61,58.1,2.63,2,6,1
2024-05-12 03:00:00,0.0,197.53,9228.94,30.7,60.0,1.42,3,6,1
2024-05-12 04:00:00,0.0,124.2,8993.12,27.67,67.6,0.56,4,6,1
2024-05-12 05:00:00,0.0,233.86,9103.65,29.56,63.5,2.3,5,6,1
2024-05-12 06:00:00,0.0,185.38,8745.43,26.94,58.1,2.19,6,6,1
2024-05-12 07:00:00,0.0,188.08,9245.8,26.94,64.9,1.67,7,6,1
2024-05-12 08:00:00,0.0,182.28,9150.92,25.99,59.7,1.06,8,6,1
2024-05-12 09:00:00,0.0,102.29,9264.54,27.25,58.6,0.2,9,6,1
2024-05-12 10:00:00,1438.87,82.49,9190.23,29.32,52.3,0.28,10,6,1
2024-05-12 11:00:00,1994.22,123.95,8980.74,29.24,51.9,0.53,11,6,1
2024-05-12 12:00:00,2200.02,158.06,9234.98,30.42,51.3,1.28,12,6,1
2024-05-12 13:00:00,2432.53,351.56,9274.44,30.6,53.8,2.53,13,6,1
2024-05-12 14:00:00,1483.51,247.32,9034.93,29.42,53.1,2.76,14,6,1
2024-05-12 15:00:00,0.0,148.83,9445.79,31.13,58.5,0.85,15,6,1
2024-05-12 16:00:00,0.0,233.98,9356.81,31.31,53.6,1.88,16,6,1
2024-05-12 17:00:00,0.0,299.16,9520.19,34.46,41.4,2.1,17,6,1
2024-05-12 18:00:00,0.0,137.38,9786.95,31.91,53.8,0.85,18,6,1
2024-05-12 19:00:00,0.0,505.5,10179.3,34.72,47.8,3.49,19,6,1
2024-05-12 20:00:00,0.0,239.79,10317.89,34.82,50.7,2.94,20,6,1
2024-05-12 21:00:00,0.0,274.25,10278.26,35.84,52.6,3.08,21,6,1
2024-05-12 22:00:00,0.0,493.29,9897.64,32.85,54.5,4.21,22,6,1
2024-05-12 23:00:00,0.0,381.78,9657.74,33.72,52.9,3.11,23,6,1
2024-05-13 00:00:00,0.0,274.33,10647.97,35.05,60.3,2.55,0,0,0
2024-05-13 01:00:00,0.0,297.94,10025.04,30.84,54.9,3.14,1,0,0
2024-05-13 02:00:00,0.0,403.57,9992.67,28.97,62.8,3.29,2,0,0
2024-05-13 03:00:00,0.0,278.04,9740.62,27.78,70.8,2.42,3,0,0
2024-05-13 04:00:00,0.0,278.45,10384.05,30.16,56.7,2.48,4,0,0
2024-05-13 05:00:00,0.0,139.71,9816.36,26.43,60.7,1.57,5,0,0
2024-05-13 06:00:00,0.0,214.17,9871.18,27.76,51.2,1.41,6,0,0
2024-05-13 07:00:00,0.0,180.47,10081.04,28.44,59.3,1.41,7,0,0
2024-05-13 08:00:00,0.0,102.37,10256.53,28.03,62.1,0.62,8,0,0
2024-05-13 09:00:00,0.0,138.94,10150.69,28.42,61.2,0.73,9,0,0
2024-05-13 10:00:00,1096.45,228.83,9831.54,28.48,57.3,2.32,10,0,0
2024-05-13 11:00:00,2607.85,332.62,10053.66,30.22,59.3,2.93,11,0,0
2024-05-13 12:00:00,3038.25,278.9,9652.45,28.17,64.7,2.75,12,0,0
2024-05-13 13:00:00,2479.45,146.15,9909.66,29.22,60.3,0.63,13,0,0
2024-05-13 14:00:00,1307.09,166.08,10088.42,29.88,50.6,0.79,14,0,0
2024-05-13 15:00:00,0.0,126.26,10177.63,32.58,46.4,1.23,15,0,0
2024-05-13 16:00:00,0.0,203.54,10587.74,33.39,50.4,2.55,16,0,0
2024-05-13 17:00:00,0.0,91.2,10443.02,33.47,48.4,0.44,17,0,0
2024-05-13 18:00:00,0.0,281.7,11179.95,34.83,54.5,2.42,18,0,0
2024-05-13 19:00:00,0.0,433.76,10562.46,32.29,48.7,4.18,19,0,0
2024-05-13 20:00:00,0.0,582.11,11301.06,35.81,54.2,3.94,20,0,0
2024-05-13 21:00:00,0.0,294.78,11113.6,35.53,59.1,2.78,21,0,0
2024-05-13 22:00:00,0.0,335.94,11040.36,34.29,56.6,2.81,22,0,0
2024-05-13 23:00:00,0.0,407.16,10488.72,35.07,54.5,3.51,23,0,0
2024-05-14 00:00:00,0.0,548.0,9980.05,30.38,64.1,3.66,0,1,0
2024-05-14 01:00:00,0.0,182.22,10146.89,31.02,52.9,2.27,1,1,0
2024-05-14 02:00:00,0.0,284.64,10004.13,29.99,59.9,2.27,2,1,0
2024-05-14 03:00:00,0.0,217.37,10265.1,30.96,61.6,1.75,3,1,0
2024-05-14 04:00:00,0.0,145.99,9575.69,28.11,62.0,0.88,4,1,0
2024-05-14 05:00:00,0.0,170.82,9989.0,29.66,62.5,1.52,5,1,0
2024-05-14 06:00:00,0.0,114.32,10016.03,29.92,63.7,1.26,6,1,0
2024-05-14 07:00:00,0.0,115.26,10148.12,28.81,60.3,0.33,7,1,0
2024-05-14 08:00:00,0.0,238.18,10017.88,28.21,57.9,1.75,8,1,0
2024-05-14 09:00:00,0.0,140.39,10233.26,26.79,56.6,1.59,9,1,0
2024-05-14 10:00:00,1301.25,196.13,10031.73,27.25,54.5,1.79,10,1,0
2024-05-14 11:00:00,2143.68,99.84,9863.81,30.25,58.8,0.72,11,1,0
2024-05-14 12:00:00,2592.07,103.89,9964.9,30.3,51.8,0.2,12,1,0
2024-05-14 13:00:00,2096.55,268.49,9923.78,30.05,56.8,2.07,13,1,0
2024-05-14 14:00:00,1545.3,187.96,10050.84,30.37,52.7,1.41,14,1,0
2024-05-14 15:00:00,0.0,158.5,10089.16,29.21,50.0,1.49,15,1,0
2024-05-14 16:00:00,0.0,137.37,10237.4,31.08,54.4,1.45,16,1,0
2024-05-14 17:00:00,0.0,322.01,10684.82,35.28,49.2,2.48,17,1,0
2024-05-14 18:00:00,0.0,479.39,10787.14,31.93,55.1,4.17,18,1,0
2024-05-14 19:00:00,0.0,212.98,11006.46,33.99,54.2,2.66,19,1,0
2024-05-14 20:00:00,0.0,263.62,11270.72,35.08,52.0,2.29,20,1,0
2024-05-14 21:00:00,0.0,385.62,10930.0,32.26,57.7,3.72,21,1,0
2024-05-14 22:00:00,0.0,462.25,11077.9,33.69,59.1,3.3,22,1,0
2024-05-14 23:00:00,0.0,132.82,10293.54,34.12,62.8,1.37,23,1,0
2024-05-15 00:00:00,0.0,392.75,10347.02,32.44,63.2,3.45,0,2,0
2024-05-15 01:00:00,0.0,498.98,10664.52,35.15,62.3,4.42,1,2,0
2024-05-15 02:00:00,0.0,118.59,10022.14,28.93,56.6,0.39,2,2,0
2024-05-15 03:00:00,0.0,162.19,10245.61,31.42,71.4,1.23,3,2,0
2024-05-15 04:00:00,0.0,114.22,10006.53,29.22,56.2,0.2,4,2,0
2024-05-15 05:00:00,0.0,186.97,9944.54,29.73,65.4,1.66,5,2,0
2024-05-15 06:00:00,0.0,180.07,10007.09,28.86,62.9,2.3,6,2,0
2024-05-15 07:00:00,0.0,143.8,10249.06,27.15,55.6,1.43,7,2,0
2024-05-15 08:00:00,0.0,337.3,9930.96,28.2,58.8,2.36,8,2,0
2024-05-15 09:00:00,0.0,199.63,9945.46,25.8,57.8,1.88,9,2,0
2024-05-15 10:00:00,1406.59,310.59,10009.79,29.05,62.0,2.61,10,2,0
2024-05-15 11:00:00,2344.11,311.89,9912.73,29.17,52.7,2.28,11,2,0
2024-05-15 12:00:00,3121.1,111.15,10186.65,30.2,53.3,1.19,12,2,0
2024-05-15 13:00:00,2623.96,220.2,10245.94,31.42,43.9,1.77,13,2,0
2024-05-15 14:00:00,1415.75,139.96,10293.76,31.37,59.4,1.26,14,2,0
2024-05-15 15:00:00,0.0,196.54,10185.21,31.88,47.7,2.03,15,2,0
2024-05-15 16:00:00,0.0,234.02,10251.4,31.37,53.1,2.52,16,2,0
2024-05-15 17:00:00,0.0,351.01,10356.32,32.2,51.6,2.65,17,2,0
2024-05-15 18:00:00,0.0,465.33,11083.03,34.95,52.1,4.0,18,2,0
2024-05-15 19:00:00,0.0,236.09,11361.5,35.55,56.5,2.82,19,2,0
2024-05-15 20:00:00,0.0,205.85,10773.2,33.64,61.0,2.44,20,2,0
2024-05-15 21:00:00,0.0,221.5,11055.8,33.88,56.5,2.52,21,2,0
2024-05-15 22:00:00,0.0,557.36,10694.15,32.44,59.4,3.71,22,2,0
2024-05-15 23:00:00,0.0,209.66,10477.28,34.46,59.4,1.96,23,2,0
2024-05-16 00:00:00,0.0,387.76,10570.86,33.29,63.3,2.78,0,3,0
2024-05-16 01:00:00,0.0,552.15,10421.35,34.09,58.4,3.79,1,3,0
2024-05-16 02:00:00,0.0,364.19,9892.12,29.93,65.3,2.72,2,3,0
2024-05-16 03:00:00,0.0,210.03,10077.4,29.76,66.0,2.17,3,3,0
2024-05-16 04:00:00,0.0,187.88,9874.47,29.76,66.0,1.94,4,3,0
2024-05-16 05:00:00,0.0,140.87,10114.83,29.64,58.9,0.91,5,3,0
2024-05-16 06:00:00,0.0,125.36,9879.73,28.13,60.4,0.84,6,3,0
2024-05-16 07:00:00,0.0,157.08,10007.68,27.04,61.2,1.21,7,3,0
2024-05-16 08:00:00,0.0,130.26,10349.69,29.04,53.7,1.48,8,3,0
2024-05-16 09:00:00,0.0,283.49,9988.07,28.95,64.4,1.99,9,3,0
2024-05-16 10:00:00,1504.56,122.72,9842.7,27.29,56.7,1.34,10,3,0
2024-05-16 11:00:00,2546.81,219.8,9950.19,30.49,56.6,2.45,11,3,0
2024-05-16 12:00:00,2972.16,348.5,10087.34,30.89,51.9,2.81,12,3,0
2024-05-16 13:00:00,2715.82,208.8,10029.57,30.37,47.9,2.37,13,3,0
2024-05-16 14:00:00,1454.25,256.93,10327.85,31.08,50.0,2.95,14,3,0
2024-05-16 15:00:00,0.0,138.17,10284.03,32.43,52.8,1.44,15,3,0
2024-05-16 16:00:00,0.0,136.61,10211.27,31.45,54.4,1.57,16,3,0
2024-05-16 17:00:00,0.0,309.52,10381.06,33.14,52.5,3.15,17,3,0
2024-05-16 18:00:00,0.0,182.12,10550.08,31.0,53.8,1.87,18,3,0
2024-05-16 19:00:00,0.0,323.12,11040.8,34.94,51.8,2.87,19,3,0
2024-05-16 20:00:00,0.0,451.87,10844.91,32.11,56.2,3.81,20,3,0
2024-05-16 21:00:00,0.0,562.94,11255.77,35.69,61.4,4.36,21,3,0
2024-05-16 22:00:00,0.0,362.93,11035.44,33.19,59.5,2.99,22,3,0
2024-05-16 23:00:00,0.0,241.09,10368.05,32.85,61.2,2.58,23,3,0
2024-05-17 00:00:00,0.0,291.6,10238.38,31.79,60.3,3.21,0,4,0
2024-05-17 01:00:00,0.0,259.66,10315.11,31.47,54.1,1.89,1,4,0
2024-05-17 02:00:00,0.0,282.5,10339.85,32.75,56.8,2.37,2,4,0
2024-05-17 03:00:00,0.0,183.59,9613.25,27.28,63.3,2.24,3,4,0
2024-05-17 04:00:00,0.0,279.64,10275.79,31.08,61.6,1.97,4,4,0
2024-05-17 05:00:00,0.0,229.21,9872.32,29.33,63.2,1.82,5,4,0
2024-05-17 06:00:00,0.0,106.2,9794.03,27.0,67.7,0.87,6,4,0
2024-05-17 07:00:00,0.0,164.97,10025.82,26.86,63.1,0.8,7,4,0
2024-05-17 08:00:00,0.0,112.57,10243.86,30.06,64.2,0.68,8,4,0
2024-05-17 09:00:00,0.0,125.32,9873.15,27.01,58.3,0.2,9,4,0
2024-05-17 10:00:00,1471.08,140.45,9826.7,27.06,53.4,1.56,10,4,0
2024-05-17 11:00:00,2381.08,186.33,9667.27,30.29,55.1,2.1,11,4,0
2024-05-17 12:00:00,2466.58,263.53,10187.5,29.95,50.9,2.18,12,4,0
2024-05-17 13:00:00,2246.25,130.52,10053.48,29.14,59.3,1.54,13,4,0
2024-05-17 14:00:00,1150.51,118.87,10092.66,31.3,55.5,1.34,14,4,0
2024-05-17 15:00:00,0.0,374.24,10302.93,30.59,53.9,2.84,15,4,0
2024-05-17 16:00:00,0.0,276.72,10771.66,33.86,56.6,3.02,16,4,0
2024-05-17 17:00:00,0.0,411.45,10564.64,34.44,43.7,2.92,17,4,0
2024-05-17 18:00:00,0.0,544.96,11130.6,34.28,54.6,4.35,18,4,0
2024-05-17 19:00:00,0.0,431.64,11110.23,34.38,47.8,3.09,19,4,0
2024-05-17 20:00:00,0.0,325.96,11499.79,36.16,54.1,3.01,20,4,0
2024-05-17 21:00:00,0.0,337.38,10871.32,33.94,54.1,2.93,21,4,0
2024-05-17 22:00:00,0.0,196.24,10794.44,32.22,59.3,1.97,22,4,0
2024-05-17 23:00:00,0.0,480.42,10614.53,33.7,58.8,3.64,23,4,0
2024-05-18 00:00:00,0.0,291.19,9761.02,35.1,64.4,2.89,0,5,1
2024-05-18 01:00:00,0.0,305.97,9152.1,30.66,57.7,3.17,1,5,1
2024-05-18 02:00:00,0.0,378.98,9325.46,30.67,63.7,4.0,2,5,1
2024-05-18 03:00:00,0.0,161.31,9203.5,30.82,62.0,1.95,3,5,1
2024-05-18 04:00:00,0.0,86.4,9042.06,29.53,55.0,0.2,4,5,1
2024-05-18 05:00:00,0.0,271.18,8937.65,27.8,57.7,2.15,5,5,1
2024-05-18 06:00:00,0.0,160.59,9057.59,29.85,60.3,1.69,6,5,1
2024-05-18 07:00:00,0.0,114.55,9485.89,30.99,64.5,0.81,7,5,1
2024-05-18 08:00:00,0.0,233.08,9082.14,28.33,60.9,1.62,8,5,1
2024-05-18 09:00:00,0.0,229.72,9491.01,27.12,53.2,1.89,9,5,1
2024-05-18 10:00:00,1385.15,142.76,8797.19,26.64,56.0,0.54,10,5,1
2024-05-18 11:00:00,2518.59,189.64,9088.57,29.29,63.3,1.16,11,5,1
2024-05-18 12:00:00,2488.31,227.68,9415.93,30.92,54.5,2.74,12,5,1
2024-05-18 13:00:00,2526.49,196.26,9022.32,30.89,51.7,1.19,13,5,1
2024-05-18 14:00:00,1196.25,168.44,9280.74,31.1,54.2,2.06,14,5,1
2024-05-18 15:00:00,0.0,121.94,9218.16,31.17,54.8,0.2,15,5,1
2024-05-18 16:00:00,0.0,170.37,9444.43,31.29,49.7,1.34,16,5,1
2024-05-18 17:00:00,0.0,332.43,9453.97,34.22,53.7,2.89,17,5,1
2024-05-18 18:00:00,0.0,555.73,9993.79,34.79,50.9,3.95,18,5,1
2024-05-18 19:00:00,0.0,277.47,9775.97,32.14,55.9,2.04,19,5,1
2024-05-18 20:00:00,0.0,409.84,10163.92,36.01,54.7,3.29,20,5,1
2024-05-18 21:00:00,0.0,320.87,10017.55,34.69,57.2,2.96,21,5,1
2024-05-18 22:00:00,0.0,386.69,10394.73,35.38,53.5,3.99,22,5,1
2024-05-18 23:00:00,0.0,279.78,9280.79,31.61,54.5,2.16,23,5,1
2024-05-19 00:00:00,0.0,304.4,9102.98,31.01,62.7,3.33,0,6,1
2024-05-19 01:00:00,0.0,282.98,9234.7,31.75,59.7,2.26,1,6,1
2024-05-19 02:00:00,0.0,308.8,9331.23,31.76,61.9,2.72,2,6,1
2024-05-19 03:00:00,0.0,241.15,9410.9,32.53,60.1,2.34,3,6,1
2024-05-19 04:00:00,0.0,219.52,9069.73,30.5,65.0,1.82,4,6,1
2024-05-19 05:00:00,0.0,277.41,8743.0,28.74,58.8,2.16,5,6,1
2024-05-19 06:00:00,0.0,236.0,8847.94,27.32,60.2,1.61,6,6,1
2024-05-19 07:00:00,0.0,140.92,9326.91,29.73,63.1,1.31,7,6,1
2024-05-19 08:00:00,0.0,181.66,9061.46,26.99,63.6,1.03,8,6,1
2024-05-19 09:00:00,0.0,210.77,9544.51,30.21,55.7,1.34,9,6,1
2024-05-19 10:00:00,1476.78,210.25,8946.89,28.21,64.3,1.49,10,6,1
2024-05-19 11:00:00,2543.5,146.22,9205.34,30.94,56.4,0.63,11,6,1
2024-05-19 12:00:00,2622.98,181.24,9092.29,30.47,49.8,1.3,12,6,1
2024-05-19 13:00:00,2026.66,100.56,9313.9,30.21,54.4,0.94,13,6,1
2024-05-19 14:00:00,1247.41,231.73,9003.88,30.53,50.6,1.99,14,6,1
2024-05-19 15:00:00,0.0,234.72,9195.69,31.52,53.4,1.81,15,6,1
2024-05-19 16:00:00,0.0,458.6,9389.1,33.17,51.3,3.16,16,6,1
2024-05-19 17:00:00,0.0,404.13,9502.06,33.37,51.9,3.32,17,6,1
2024-05-19 18:00:00,0.0,291.67,9963.87,33.04,48.5,2.25,18,6,1
2024-05-19 19:00:00,0.0,406.28,9816.51,33.85,56.9,3.15,19,6,1
2024-05-19 20:00:00,0.0,400.72,9940.35,34.25,49.3,3.76,20,6,1
2024-05-19 21:00:00,0.0,287.76,9762.72,31.5,50.7,3.14,21,6,1
2024-05-19 22:00:00,0.0,341.41,9948.38,34.3,57.9,2.67,22,6,1
2024-05-19 23:00:00,0.0,211.53,9273.19,32.1,64.2,2.27,23,6,1
2024-05-20 00:00:00,0.0,380.73,10225.04,31.32,57.5,3.69,0,0,0
2024-05-20 01:00:00,0.0,455.23,9915.37,29.96,62.7,3.52,1,0,0
2024-05-20 02:00:00,0.0,309.04,9951.61,29.05,65.0,2.39,2,0,0
2024-05-20 03:00:00,0.0,344.69,9960.31,28.8,64.5,2.91,3,0,0
2024-05-20 04:00:00,0.0,119.61,9897.71,28.85,60.1,0.2,4,0,0
2024-05-20 05:00:00,0.0,267.38,10389.23,31.43,56.8,2.86,5,0,0
2024-05-20 06:00:00,0.0,150.28,9873.05,27.98,51.9,1.47,6,0,0
2024-05-20 07:00:00,0.0,197.07,10161.61,28.52,58.9,1.55,7,0,0
2024-05-20 08:00:00,0.0,175.71,10149.37,28.69,63.6,1.08,8,0,0
2024-05-20 09:00:00,0.0,273.74,10369.53,28.46,53.2,2.42,9,0,0
2024-05-20 10:00:00,1503.24,79.63,9770.89,28.51,59.2,0.49,10,0,0
2024-05-20 11:00:00,2157.13,320.27,9753.34,27.65,51.3,2.61,11,0,0
2024-05-20 12:00:00,2302.1,253.74,10171.52,31.45,54.3,1.91,12,0,0
2024-05-20 13:00:00,2196.46,220.68,10413.34,32.6,55.7,2.3,13,0,0
2024-05-20 14:00:00,1589.18,149.18,10206.56,29.19,49.4,1.78,14,0,0
2024-05-20 15:00:00,0.0,160.82,10162.1,30.75,52.2,1.25,15,0,0
2024-05-20 16:00:00,0.0,281.3,10297.97,32.37,49.7,3.3,16,0,0
2024-05-20 17:00:00,0.0,330.96,10334.06,32.17,54.4,3.05,17,0,0
2024-05-20 18:00:00,0.0,373.59,10940.12,34.41,53.0,4.1,18,0,0
2024-05-20 19:00:00,0.0,287.12,10926.45,33.23,53.1,3.01,19,0,0
2024-05-20 20:00:00,0.0,309.8,11603.29,36.8,60.1,2.93,20,0,0
2024-05-20 21:00:00,0.0,448.87,11318.22,35.53,57.7,4.41,21,0,0
2024-05-20 22:00:00,0.0,512.23,11201.28,34.06,53.6,4.8,22,0,0
2024-05-20 23:00:00,0.0,435.8,10734.16,34.56,57.3,3.17,23,0,0
2024-05-21 00:00:00,0.0,195.38,10467.02,34.08,58.5,2.42,0,1,0
2024-05-21 01:00:00,0.0,457.37,10438.8,31.36,60.1,3.47,1,1,0
2024-05-21 02:00:00,0.0,310.31,9860.15,30.28,70.7,2.37,2,1,0
2024-05-21 03:00:00,0.0,245.89,10149.72,30.57,62.6,2.8,3,1,0
2024-05-21 04:00:00,0.0,171.22,9890.38,30.79,53.1,1.85,4,1,0
2024-05-21 05:00:00,0.0,380.22,9744.2,29.3,58.9,3.07,5,1,0
2024-05-21 06:00:00,0.0,129.42,9898.27,26.76,52.9,1.05,6,1,0
2024-05-21 07:00:00,0.0,204.79,10018.04,27.39,58.5,1.84,7,1,0
2024-05-21 08:00:00,0.0,166.78,10271.81,28.17,50.8,0.96,8,1,0
2024-05-21 09:00:00,0.0,116.38,9874.1,28.27,54.1,1.09,9,1,0
2024-05-21 10:00:00,1236.58,153.25,10155.9,31.02,50.2,1.02,10,1,0
2024-05-21 11:00:00,2000.72,285.9,9640.09,27.47,56.5,2.04,11,1,0
2024-05-21 12:00:00,2663.06,192.04,10043.94,30.36,53.8,2.35,12,1,0
2024-05-21 13:00:00,2269.91,185.09,10509.82,32.27,54.0,2.26,13,1,0
2024-05-21 14:00:00,1207.68,227.06,10754.5,33.98,51.5,1.97,14,1,0
2024-05-21 15:00:00,0.0,341.41,10294.85,31.55,45.9,2.43,15,1,0
2024-05-21 16:00:00,0.0,321.68,10268.75,33.35,53.3,3.3,16,1,0
2024-05-21 17:00:00,0.0,383.82,10404.76,34.06,59.1,3.56,17,1,0
2024-05-21 18:00:00,0.0,102.03,11076.55,34.09,53.6,0.87,18,1,0
2024-05-21 19:00:00,0.0,309.67,10953.07,34.03,51.1,2.97,19,1,0
2024-05-21 20:00:00,0.0,261.12,11223.24,34.78,48.1,3.11,20,1,0
2024-05-21 21:00:00,0.0,444.79,10882.97,31.11,51.4,3.85,21,1,0
2024-05-21 22:00:00,0.0,386.61,11012.5,34.67,58.1,3.23,22,1,0
2024-05-21 23:00:00,0.0,588.58,10375.37,33.53,61.9,3.76,23,1,0
2024-05-22 00:00:00,0.0,286.37,10216.39,32.54,59.8,2.18,0,2,0
2024-05-22 01:00:00,0.0,414.12,10579.53,34.54,62.9,3.05,1,2,0
2024-05-22 02:00:00,0.0,325.99,10106.01,30.49,63.4,3.32,2,2,0
2024-05-22 03:00:00,0.0,115.63,10045.63,30.04,63.1,1.16,3,2,0
2024-05-22 04:00:00,0.0,551.14,10421.66,32.19,58.6,4.09,4,2,0
2024-05-22 05:00:00,0.0,316.71,9855.84,28.18,61.7,2.79,5,2,0
2024-05-22 06:00:00,0.0,190.9,9785.25,28.05,57.1,1.63,6,2,0
2024-05-22 07:00:00,0.0,100.02,10134.89,28.23,59.8,0.81,7,2,0
2024-05-22 08:00:00,0.0,157.12,10276.32,29.31,60.0,1.23,8,2,0
2024-05-22 09:00:00,0.0,135.35,10177.22,28.66,64.2,1.4,9,2,0
2024-05-22 10:00:00,1422.75,187.83,9704.75,27.16,51.0,1.72,10,2,0
2024-05-22 11:00:00,2086.92,220.88,9709.67,28.54,56.8,2.67,11,2,0
2024-05-22 12:00:00,2327.46,192.54,9939.15,29.08,59.6,1.25,12,2,0
2024-05-22 13:00:00,2114.54,180.54,10033.52,30.44,55.7,2.29,13,2,0
2024-05-22 14:00:00,1329.89,181.84,10330.33,31.82,55.2,1.04,14,2,0
2024-05-22 15:00:00,0.0,271.69,10371.72,32.58,53.7,2.01,15,2,0
2024-05-22 16:00:00,0.0,376.06,10124.21,30.67,56.4,2.9,16,2,0
2024-05-22 17:00:00,0.0,512.15,10748.34,34.7,47.0,3.39,17,2,0
2024-05-22 18:00:00,0.0,199.02,10903.91,34.21,46.3,2.44,18,2,0
2024-05-22 19:00:00,0.0,347.43,11492.67,35.86,52.7,2.85,19,2,0
2024-05-22 20:00:00,0.0,715.86,10889.64,34.84,45.1,4.47,20,2,0
2024-05-22 21:00:00,0.0,432.38,11411.62,35.52,59.8,4.27,21,2,0
2024-05-22 22:00:00,0.0,432.14,11128.06,34.46,61.1,3.47,22,2,0
2024-05-22 23:00:00,0.0,160.49,10610.15,35.04,55.8,1.41,23,2,0
2024-05-23 00:00:00,0.0,694.21,10299.88,33.48,57.2,5.07,0,3,0
2024-05-23 01:00:00,0.0,396.89,10219.32,32.01,59.4,2.84,1,3,0
2024-05-23 02:00:00,0.0,267.82,10532.44,34.08,60.7,2.37,2,3,0
2024-05-23 03:00:00,0.0,165.15,10268.03,31.64,61.5,1.94,3,3,0
2024-05-23 04:00:00,0.0,333.48,10279.51,30.54,63.4,2.4,4,3,0
2024-05-23 05:00:00,0.0,195.68,9794.81,27.7,60.3,2.17,5,3,0
2024-05-23 06:00:00,0.0,327.93,9824.36,27.21,64.2,2.41,6,3,0
2024-05-23 07:00:00,0.0,161.3,10245.07,28.81,61.5,0.75,7,3,0
2024-05-23 08:00:00,0.0,184.94,10128.48,28.53,56.2,1.14,8,3,0
2024-05-23 09:00:00,0.0,373.61,10077.94,27.72,62.8,2.98,9,3,0
2024-05-23 10:00:00,1174.46,210.39,9889.09,28.92,50.7,1.57,10,3,0
2024-05-23 11:00:00,2497.49,186.15,10256.81,31.14,54.5,1.35,11,3,0
2024-05-23 12:00:00,3006.76,132.29,10015.39,30.69,57.5,0.9,12,3,0
2024-05-23 13:00:00,2200.3,216.59,9877.67,29.21,49.7,2.26,13,3,0
2024-05-23 14:00:00,1464.75,288.37,10234.48,31.22,53.0,2.92,14,3,0
2024-05-23 15:00:00,0.0,397.12,10054.98,31.16,53.5,3.06,15,3,0
2024-05-23 16:00:00,0.0,286.15,10352.78,32.39,47.7,2.41,16,3,0
2024-05-23 17:00:00,0.0,380.66,10348.0,32.98,51.0,3.15,17,3,0
2024-05-23 18:00:00,0.0,631.79,11028.51,33.38,51.2,4.4,18,3,0
2024-05-23 19:00:00,0.0,601.45,11052.1,32.74,50.4,4.08,19,3,0
2024-05-23 20:00:00,0.0,345.28,11005.84,34.2,62.8,2.7,20,3,0
2024-05-23 21:00:00,0.0,126.17,11084.0,33.58,51.8,1.32,21,3,0
2024-05-23 22:00:00,0.0,391.9,10620.25,30.43,60.2,3.56,22,3,0
2024-05-23 23:00:00,0.0,411.29,10740.38,35.94,55.9,3.86,23,3,0
2024-05-24 00:00:00,0.0,249.86,10568.0,34.2,54.2,2.21,0,4,0
2024-05-24 01:00:00,0.0,239.95,10410.47,31.72,60.0,2.87,1,4,0
2024-05-24 02:00:00,0.0,308.85,10196.3,31.42,63.0,2.42,2,4,0
2024-05-24 03:00:00,0.0,209.17,10096.81,29.22,64.6,2.46,3,4,0
2024-05-24 04:00:00,0.0,167.36,10266.78,31.93,67.3,1.68,4,4,0
2024-05-24 05:00:00,0.0,383.44,10063.81,31.55,72.7,2.91,5,4,0
2024-05-24 06:00:00,0.0,149.53,9893.13,28.99,61.4,1.79,6,4,0
2024-05-24 07:00:00,0.0,142.13,10140.14,29.73,57.0,0.81,7,4,0
2024-05-24 08:00:00,0.0,296.21,10139.73,28.61,60.4,2.14,8,4,0
2024-05-24 09:00:00,0.0,113.0,10058.27,26.9,56.3,0.37,9,4,0
2024-05-24 10:00:00,1461.21,303.6,10043.08,28.31,59.8,2.44,10,4,0
2024-05-24 11:00:00,2158.8,297.76,10159.3,29.43,49.6,2.3,11,4,0
2024-05-24 12:00:00,2430.99,260.62,9966.35,29.35,63.0,2.78,12,4,0
2024-05-24 13:00:00,2629.16,209.01,10228.72,30.36,56.0,1.75,13,4,0
2024-05-24 14:00:00,1601.69,174.74,10152.81,31.29,45.0,1.72,14,4,0
2024-05-24 15:00:00,0.0,230.08,10128.81,32.08,48.4,2.44,15,4,0
2024-05-24 16:00:00,0.0,233.61,10474.3,32.96,54.3,2.57,16,4,0
2024-05-24 17:00:00,0.0,272.67,10364.87,32.25,55.9,2.35,17,4,0
2024-05-24 18:00:00,0.0,344.67,10825.14,33.14,46.7,2.64,18,4,0
2024-05-24 19:00:00,0.0,408.12,10781.3,32.75,55.4,2.95,19,4,0
2024-05-24 20:00:00,0.0,255.21,11356.57,35.57,45.8,2.41,20,4,0
2024-05-24 21:00:00,0.0,451.84,10563.0,31.77,54.4,3.92,21,4,0
2024-05-24 22:00:00,0.0,427.39,11286.86,35.38,60.5,3.3,22,4,0
2024-05-24 23:00:00,0.0,397.39,10652.94,35.18,55.2,3.0,23,4,0
2024-05-25 00:00:00,0.0,209.81,9443.27,32.58,52.5,2.22,0,5,1
2024-05-25 01:00:00,0.0,193.75,9096.86,29.09,60.1,1.97,1,5,1
2024-05-25 02:00:00,0.0,551.14,9092.22,31.01,57.9,4.2,2,5,1
2024-05-25 03:00:00,0.0,206.3,9012.44,30.59,63.4,1.9,3,5,1
2024-05-25 04:00:00,0.0,327.94,9113.17,28.73,57.5,2.63,4,5,1
2024-05-25 05:00:00,0.0,226.47,8926.94,28.7,57.7,2.03,5,5,1
2024-05-25 06:00:00,0.0,75.25,9198.85,30.68,52.2,0.2,6,5,1
2024-05-25 07:00:00,0.0,270.76,9401.05,29.34,60.2,2.97,7,5,1
2024-05-25 08:00:00,0.0,273.19,9023.65,27.33,57.9,1.98,8,5,1
2024-05-25 09:00:00,0.0,107.55,9247.24,26.63,52.5,0.78,9,5,1
2024-05-25 10:00:00,1230.79,125.87,8982.12,28.45,56.8,1.41,10,5,1
2024-05-25 11:00:00,2412.37,134.42,9151.24,29.06,58.8,0.61,11,5,1
2024-05-25 12:00:00,2874.44,401.8,9317.87,30.54,52.6,3.15,12,5,1
2024-05-25 13:00:00,2376.15,162.44,9091.89,30.02,53.5,1.17,13,5,1
2024-05-25 14:00:00,1330.23,197.12,9407.21,32.06,52.8,1.72,14,5,1
2024-05-25 15:00:00,0.0,261.53,9604.91,34.54,46.4,1.81,15,5,1
2024-05-25 16:00:00,0.0,235.87,9546.31,33.92,59.2,2.72,16,5,1
2024-05-25 17:00:00,0.0,504.08,9346.68,33.51,49.3,3.99,17,5,1
2024-05-25 18:00:00,0.0,631.02,9946.54,33.82,54.3,4.54,18,5,1
2024-05-25 19:00:00,0.0,239.36,9768.37,33.91,55.5,2.94,19,5,1
2024-05-25 20:00:00,0.0,421.59,10189.54,35.86,52.9,3.67,20,5,1
2024-05-25 21:00:00,0.0,478.22,10105.67,33.59,57.1,3.46,21,5,1
2024-05-25 22:00:00,0.0,281.55,10097.61,34.09,57.0,2.58,22,5,1
2024-05-25 23:00:00,0.0,916.12,9508.15,33.62,51.6,5.2,23,5,1
2024-05-26 00:00:00,0.0,590.74,9329.07,32.38,57.1,4.22,0,6,1
2024-05-26 01:00:00,0.0,405.95,9086.7,30.61,57.0,3.07,1,6,1
2024-05-26 02:00:00,0.0,580.08,9184.96,31.87,58.4,3.94,2,6,1
2024-05-26 03:00:00,0.0,443.38,9253.2,30.64,55.6,3.39,3,6,1
2024-05-26 04:00:00,0.0,281.43,8965.06,30.59,65.4,2.22,4,6,1
2024-05-26 05:00:00,0.0,268.9,8749.12,28.72,67.2,2.18,5,6,1
2024-05-26 06:00:00,0.0,339.92,9230.42,30.35,64.2,2.92,6,6,1
2024-05-26 07:00:00,0.0,134.35,9163.94,27.53,64.6,0.8,7,6,1
2024-05-26 08:00:00,0.0,255.76,9433.94,30.54,57.1,2.79,8,6,1
2024-05-26 09:00:00,0.0,188.92,9163.85,26.49,54.7,1.24,9,6,1
2024-05-26 10:00:00,1537.72,264.63,9255.95,29.41,52.8,2.67,10,6,1
2024-05-26 11:00:00,2776.36,186.21,9080.74,29.93,57.2,1.55,11,6,1
2024-05-26 12:00:00,2295.74,188.4,9006.61,29.03,54.3,1.98,12,6,1
2024-05-26 13:00:00,2182.58,236.8,9468.05,31.22,52.1,1.89,13,6,1
2024-05-26 14:00:00,1361.58,253.01,9418.65,33.02,56.8,1.73,14,6,1
2024-05-26 15:00:00,0.0,286.52,9243.56,29.6,52.7,2.2,15,6,1
2024-05-26 16:00:00,0.0,495.99,9238.42,33.59,47.6,3.78,16,6,1
2024-05-26 17:00:00,0.0,152.33,9012.11,30.61,48.4,1.07,17,6,1
2024-05-26 18:00:00,0.0,234.57,9790.72,32.92,54.3,2.13,18,6,1
2024-05-26 19:00:00,0.0,248.99,10330.84,36.34,56.6,2.7,19,6,1
2024-05-26 20:00:00,0.0,254.25,10182.94,33.79,55.6,2.52,20,6,1
2024-05-26 21:00:00,0.0,592.21,9805.68,32.97,62.2,4.63,21,6,1
2024-05-26 22:00:00,0.0,728.84,10094.29,33.85,62.5,4.39,22,6,1
2024-05-26 23:00:00,0.0,439.9,10044.73,36.09,59.0,3.76,23,6,1
2024-05-27 00:00:00,0.0,308.66,10330.35,30.83,55.0,2.64,0,0,0
2024-05-27 01:00:00,0.0,630.19,10120.58,31.04,54.2,4.01,1,0,0
2024-05-27 02:00:00,0.0,174.61,10560.55,33.32,58.7,1.43,2,0,0
2024-05-27 03:00:00,0.0,453.34,10454.21,32.98,63.7,4.15,3,0,0
2024-05-27 04:00:00,0.0,175.83,9946.27,29.9,68.2,1.63,4,0,0
2024-05-27 05:00:00,0.0,183.26,9837.28,27.92,62.4,1.73,5,0,0
2024-05-27 06:00:00,0.0,191.05,10162.58,31.44,64.9,1.39,6,0,0
2024-05-27 07:00:00,0.0,109.11,10435.96,30.54,58.4,0.71,7,0,0
2024-05-27 08:00:00,0.0,388.93,10104.43,29.34,60.9,3.01,8,0,0
2024-05-27 09:00:00,0.0,282.51,9889.45,27.65,60.5,2.07,9,0,0
2024-05-27 10:00:00,1229.62,244.87,9861.24,28.87,48.0,2.45,10,0,0
2024-05-27 11:00:00,2699.03,92.07,9976.64,29.21,52.9,0.59,11,0,0
2024-05-27 12:00:00,3260.7,228.62,9955.58,30.42,57.2,1.88,12,0,0
2024-05-27 13:00:00,2537.34,239.4,10414.9,32.49,53.4,2.36,13,0,0
2024-05-27 14:00:00,1289.66,270.56,10368.21,32.58,46.8,2.4,14,0,0
2024-05-27 15:00:00,0.0,193.25,10243.29,31.01,41.3,1.51,15,0,0
2024-05-27 16:00:00,0.0,403.11,10741.16,34.68,49.4,3.56,16,0,0
2024-05-27 17:00:00,0.0,433.37,10705.75,34.02,50.8,3.04,17,0,0
2024-05-27 18:00:00,0.0,247.46,11238.09,34.95,48.0,2.38,18,0,0
2024-05-27 19:00:00,0.0,182.51,11285.25,36.18,52.9,1.82,19,0,0
2024-05-27 20:00:00,0.0,592.53,10966.6,33.19,55.4,3.89,20,0,0
2024-05-27 21:00:00,0.0,625.54,11373.38,34.38,57.3,5.4,21,0,0
2024-05-27 22:00:00,0.0,224.05,11100.0,33.49,46.5,2.59,22,0,0
2024-05-27 23:00:00,0.0,511.08,10269.6,31.77,51.9,3.44,23,0,0
2024-05-28 00:00:00,0.0,426.03,10458.42,33.48,57.1,4.06,0,1,0
2024-05-28 01:00:00,0.0,172.95,10641.57,35.36,61.6,1.95,1,1,0
2024-05-28 02:00:00,0.0,263.85,9814.9,29.36,62.1,2.34,2,1,0
2024-05-28 03:00:00,0.0,147.63,10337.47,30.75,62.5,1.77,3,1,0
2024-05-28 04:00:00,0.0,363.73,10200.0,30.83,59.3,2.99,4,1,0
2024-05-28 05:00:00,0.0,334.41,9834.08,29.59,59.3,3.02,5,1,0
2024-05-28 06:00:00,0.0,228.86,9875.54,28.83,57.2,1.88,6,1,0
2024-05-28 07:00:00,0.0,119.33,10253.46,27.11,62.4,0.92,7,1,0
2024-05-28 08:00:00,0.0,187.4,10153.21,28.84,54.6,1.14,8,1,0
2024-05-28 09:00:00,0.0,120.46,10003.26,27.76,60.5,0.96,9,1,0
2024-05-28 10:00:00,1636.49,134.01,9828.81,26.34,56.7,0.71,10,1,0
2024-05-28 11:00:00,2425.42,226.01,10227.86,30.88,54.4,1.51,11,1,0
2024-05-28 12:00:00,2962.71,230.11,10138.24,31.22,50.7,2.21,12,1,0
2024-05-28 13:00:00,2014.92,207.92,10073.16,30.85,46.9,2.35,13,1,0
2024-05-28 14:00:00,1305.03,181.53,10325.11,31.84,48.9,2.2,14,1,0
2024-05-28 15:00:00,0.0,353.75,10360.4,33.63,49.7,2.51,15,1,0
2024-05-28 16:00:00,0.0,340.77,10393.0,33.33,41.3,2.65,16,1,0
2024-05-28 17:00:00,0.0,268.2,10624.58,34.77,50.2,1.92,17,1,0
2024-05-28 18:00:00,0.0,430.0,11110.74,33.81,55.2,3.3,18,1,0
2024-05-28 19:00:00,0.0,292.2,11251.72,36.04,54.6,2.86,19,1,0
2024-05-28 20:00:00,0.0,202.05,11233.29,34.95,51.3,2.35,20,1,0
2024-05-28 21:00:00,0.0,576.22,11274.12,34.7,54.7,3.76,21,1,0
2024-05-28 22:00:00,0.0,330.82,10813.87,32.64,53.6,2.94,22,1,0
2024-05-28 23:00:00,0.0,392.62,10932.53,34.03,57.7,3.51,23,1,0
2024-05-29 00:00:00,0.0,501.32,10472.95,32.1,64.4,3.87,0,2,0
2024-05-29 01:00:00,0.0,188.63,10273.55,31.61,63.2,2.22,1,2,0
2024-05-29 02:00:00,0.0,281.2,10094.31,30.62,62.2,2.82,2,2,0
2024-05-29 03:00:00,0.0,156.22,9914.66,29.55,58.6,1.04,3,2,0
2024-05-29 04:00:00,0.0,312.35,10571.25,32.65,63.8,3.45,4,2,0
2024-05-29 05:00:00,0.0,106.38,10199.34,31.08,53.9,0.9,5,2,0
2024-05-29 06:00:00,0.0,168.37,10030.4,31.31,59.1,1.36,6,2,0
2024-05-29 07:00:00,0.0,321.8,9895.55,27.24,61.6,2.69,7,2,0
2024-05-29 08:00:00,0.0,134.67,10201.43,28.69,61.2,1.33,8,2,0
2024-05-29 09:00:00,0.0,82.66,10117.13,27.15,59.7,0.53,9,2,0
2024-05-29 10:00:00,1534.44,294.42,9697.38,28.17,57.0,2.09,10,2,0
2024-05-29 11:00:00,2851.56,173.4,9652.15,28.38,53.7,2.17,11,2,0
2024-05-29 12:00:00,2937.88,113.56,10002.77,31.59,55.4,1.27,12,2,0
2024-05-29 13:00:00,2106.8,164.16,9990.98,30.35,48.4,1.56,13,2,0
2024-05-29 14:00:00,1204.85,176.88,10358.61,32.89,48.1,1.88,14,2,0
2024-05-29 15:00:00,0.0,267.38,10511.61,33.1,51.2,2.32,15,2,0
2024-05-29 16:00:00,0.0,194.25,10761.98,35.87,51.5,1.23,16,2,0
2024-05-29 17:00:00,0.0,315.84,10411.38,31.95,43.6,2.84,17,2,0
2024-05-29 18:00:00,0.0,725.06,11334.07,35.71,53.3,4.62,18,2,0
2024-05-29 19:00:00,0.0,362.95,11344.47,35.88,55.3,2.63,19,2,0
2024-05-29 20:00:00,0.0,276.54,11091.69,33.43,53.0,2.98,20,2,0
2024-05-29 21:00:00,0.0,279.66,11095.06,35.71,64.0,2.54,21,2,0
2024-05-29 22:00:00,0.0,533.08,11057.25,34.6,53.0,3.94,22,2,0
2024-05-29 23:00:00,0.0,506.33,10760.87,33.45,55.6,4.31,23,2,0
2024-05-30 00:00:00,0.0,608.02,10080.15,32.15,56.6,4.16,0,3,0
2024-05-30 01:00:00,0.0,250.93,10197.56,31.55,59.0,2.01,1,3,0
2024-05-30 02:00:00,0.0,347.12,10611.74,34.1,58.7,3.16,2,3,0
2024-05-30 03:00:00,0.0,334.29,9921.13,30.86,54.9,3.65,3,3,0
2024-05-30 04:00:00,0.0,210.25,10083.76,31.08,58.5,2.65,4,3,0
2024-05-30 05:00:00,0.0,243.83,10097.34,28.57,60.2,2.39,5,3,0
2024-05-30 06:00:00,0.0,129.68,9820.31,28.11,65.0,1.42,6,3,0
2024-05-30 07:00:00,0.0,239.93,10289.11,30.04,68.1,1.82,7,3,0
2024-05-30 08:00:00,0.0,253.08,10126.26,27.02,63.6,2.53,8,3,0
2024-05-30 09:00:00,0.0,220.97,10062.08,28.24,53.9,1.77,9,3,0
2024-05-30 10:00:00,1660.76,104.15,10127.58,29.08,52.9,0.54,10,3,0
2024-05-30 11:00:00,2872.11,189.42,9874.98,29.65,53.8,1.28,11,3,0
2024-05-30 12:00:00,2917.96,381.1,9965.18,29.92,60.4,2.77,12,3,0
2024-05-30 13:00:00,2048.95,300.6,10027.77,31.34,51.5,2.27,13,3,0
2024-05-30 14:00:00,1363.95,256.14,10313.77,32.47,46.1,2.34,14,3,0
2024-05-30 15:00:00,0.0,172.86,10432.85,33.3,48.9,2.06,15,3,0
2024-05-30 16:00:00,0.0,418.94,10428.44,31.96,53.8,3.72,16,3,0
2024-05-30 17:00:00,0.0,542.58,10346.91,33.42,53.7,4.34,17,3,0
2024-05-30 18:00:00,0.0,691.76,11314.46,35.67,50.6,4.22,18,3,0
2024-05-30 19:00:00,0.0,629.41,11259.27,35.61,54.9,4.53,19,3,0
2024-05-30 20:00:00,0.0,398.96,10691.64,32.99,44.1,3.19,20,3,0
2024-05-30 21:00:00,0.0,415.92,11079.92,34.96,54.8,3.11,21,3,0
2024-05-30 22:00:00,0.0,408.43,10684.55,31.86,59.2,3.35,22,3,0
2024-05-30 23:00:00,0.0,423.69,10721.28,33.82,53.7,3.4,23,3,0
2024-05-31 00:00:00,0.0,489.5,10790.19,35.45,54.8,4.38,0,4,0
2024-05-31 01:00:00,0.0,367.0,10220.42,31.31,51.7,3.96,1,4,0
2024-05-31 02:00:00,0.0,421.45,9606.97,30.67,66.4,3.22,2,4,0
2024-05-31 03:00:00,0.0,203.49,10037.07,31.81,57.6,1.38,3,4,0
2024-05-31 04:00:00,0.0,129.62,9913.65,28.32,61.6,0.92,4,4,0
2024-05-31 05:00:00,0.0,252.49,9979.39,28.79,62.9,2.22,5,4,0
2024-05-31 06:00:00,0.0,248.62,9922.47,29.79,66.1,2.53,6,4,0
2024-05-31 07:00:00,0.0,181.07,10105.58,28.01,58.6,1.6,7,4,0
2024-05-31 08:00:00,0.0,294.46,10144.95,28.39,56.0,3.1,8,4,0
2024-05-31 09:00:00,0.0,139.63,10331.75,29.67,57.7,0.66,9,4,0
2024-05-31 10:00:00,1672.79,117.2,9940.44,29.58,60.8,0.6,10,4,0
2024-05-31 11:00:00,2110.67,154.79,10119.46,29.87,53.7,1.13,11,4,0
2024-05-31 12:00:00,2556.33,116.33,10141.75,29.77,49.4,1.26,12,4,0
2024-05-31 13:00:00,2264.81,290.52,10091.69,31.34,46.0,2.45,13,4,0
2024-05-31 14:00:00,1482.02,178.33,10087.46,31.53,46.5,1.93,14,4,0
2024-05-31 15:00:00,0.0,150.95,10320.47,33.0,54.3,1.29,15,4,0
2024-05-31 16:00:00,0.0,395.07,10368.93,32.58,49.4,3.5,16,4,0
2024-05-31 17:00:00,0.0,182.54,10531.76,33.58,48.4,1.62,17,4,0
2024-05-31 18:00:00,0.0,220.83,11024.69,33.08,48.5,2.38,18,4,0
2024-05-31 19:00:00,0.0,280.88,11229.35,34.53,52.5,2.1,19,4,0
2024-05-31 20:00:00,0.0,424.12,11051.69,33.7,52.2,3.66,20,4,0
2024-05-31 21:00:00,0.0,475.75,10976.53,33.23,53.3,3.68,21,4,0
2024-05-31 22:00:00,0.0,760.37,11316.95,34.58,61.1,5.03,22,4,0
2024-05-31 23:00:00,0.0,560.35,10548.9,34.05,63.1,4.13,23,4,0
2024-06-01 00:00:00,0.0,602.05,9625.91,34.15,51.7,4.41,0,5,1
2024-06-01 01:00:00,0.0,454.41,9345.01,31.97,60.5,3.28,1,5,1
2024-06-01 02:00:00,0.0,267.41,9312.02,32.2,56.9,2.03,2,5,1
2024-06-01 03:00:00,0.0,281.81,9243.27,31.59,59.5,2.66,3,5,1
2024-06-01 04:00:00,0.0,335.01,9324.99,30.74,61.9,2.77,4,5,1
2024-06-01 05:00:00,0.0,223.24,8910.43,28.59,59.6,2.62,5,5,1
2024-06-01 06:00:00,0.0,133.56,8958.74,29.29,60.9,1.47,6,5,1
2024-06-01 07:00:00,0.0,228.16,9193.05,29.25,61.9,2.08,7,5,1
2024-06-01 08:00:00,0.0,162.72,9270.64,28.71,59.3,0.84,8,5,1
2024-06-01 09:00:00,0.0,135.55,9077.54,26.3,54.3,0.72,9,5,1
2024-06-01 10:00:00,1361.66,135.05,9042.02,29.3,53.1,0.69,10,5,1
2024-06-01 11:00:00,2565.53,156.51,9358.69,32.24,48.6,1.71,11,5,1
2024-06-01 12:00:00,3089.18,131.72,9004.49,29.77,49.7,0.9,12,5,1
2024-06-01 13:00:00,2252.26,184.54,8921.37,30.06,60.0,1.71,13,5,1
2024-06-01 14:00:00,1361.26,401.18,9203.59,32.15,48.1,3.02,14,5,1
2024-06-01 15:00:00,0.0,155.61,9303.42,32.86,46.0,1.73,15,5,1
2024-06-01 16:00:00,0.0,272.54,9490.48,34.64,51.9,2.41,16,5,1
2024-06-01 17:00:00,0.0,443.07,9401.11,32.32,50.4,3.11,17,5,1
2024-06-01 18:00:00,0.0,504.67,10384.02,35.18,50.5,3.46,18,5,1
2024-06-01 19:00:00,0.0,415.22,10082.02,35.31,57.7,3.02,19,5,1
2024-06-01 20:00:00,0.0,491.92,10009.45,34.54,55.3,4.15,20,5,1
2024-06-01 21:00:00,0.0,640.38,10038.99,35.01,52.2,4.03,21,5,1
2024-06-01 22:00:00,0.0,690.96,10272.48,35.54,53.9,4.43,22,5,1
2024-06-01 23:00:00,0.0,473.79,9688.34,34.87,54.9,3.35,23,5,1
2024-06-02 00:00:00,0.0,405.62,9293.18,31.87,61.6,2.87,0,6,1
2024-06-02 01:00:00,0.0,352.49,9335.43,33.5,57.9,2.53,1,6,1
2024-06-02 02:00:00,0.0,298.55,9155.11,31.66,52.8,3.08,2,6,1
2024-06-02 03:00:00,0.0,195.88,9222.74,31.05,60.2,2.27,3,6,1
2024-06-02 04:00:00,0.0,233.05,9146.41,30.33,54.5,1.86,4,6,1
2024-06-02 05:00:00,0.0,204.17,9016.23,29.44,69.2,1.72,5,6,1
2024-06-02 06:00:00,0.0,147.63,9226.77,30.57,56.1,1.32,6,6,1
2024-06-02 07:00:00,0.0,233.29,9076.65,28.74,58.5,1.87,7,6,1
2024-06-02 08:00:00,0.0,82.63,9175.43,27.39,59.1,0.48,8,6,1
2024-06-02 09:00:00,0.0,151.01,9210.94,28.37,55.7,1.82,9,6,1
2024-06-02 10:00:00,1341.64,217.66,8892.95,29.35,54.4,2.15,10,6,1
2024-06-02 11:00:00,2143.01,130.48,9133.67,31.09,56.0,1.25,11,6,1
2024-06-02 12:00:00,3103.08,453.75,9274.62,30.96,59.2,3.41,12,6,1
2024-06-02 13:00:00,2166.7,293.01,8938.53,29.94,55.1,2.09,13,6,1
2024-06-02 14:00:00,1208.57,160.44,9915.73,34.72,57.2,1.07,14,6,1
2024-06-02 15:00:00,0.0,283.26,9471.31,32.83,46.6,2.35,15,6,1
2024-06-02 16:00:00,0.0,231.43,9618.9,34.77,51.9,2.89,16,6,1
2024-06-02 17:00:00,0.0,409.76,9471.26,33.68,51.4,3.44,17,6,1
2024-06-02 18:00:00,0.0,418.17,10200.3,34.98,52.7,3.08,18,6,1
2024-06-02 19:00:00,0.0,319.05,10131.6,35.64,57.6,2.63,19,6,1
2024-06-02 20:00:00,0.0,249.86,10200.36,36.2,52.2,2.67,20,6,1
2024-06-02 21:00:00,0.0,419.53,10384.91,35.9,52.7,3.05,21,6,1
2024-06-02 22:00:00,0.0,452.36,10094.73,35.38,57.7,3.1,22,6,1
2024-06-02 23:00:00,0.0,243.95,9495.05,33.48,49.8,2.53,23,6,1
2024-06-03 00:00:00,0.0,251.46,10271.85,32.58,57.1,2.72,0,0,0
2024-06-03 01:00:00,0.0,396.28,10439.52,32.94,58.6,3.63,1,0,0
2024-06-03 02:00:00,0.0,398.78,10471.81,32.89,56.2,4.18,2,0,0
2024-06-03 03:00:00,0.0,452.99,10330.67,30.72,64.6,3.21,3,0,0
2024-06-03 04:00:00,0.0,499.66,10119.56,31.54,56.3,3.39,4,0,0
2024-06-03 05:00:00,0.0,350.18,10039.4,31.39,59.9,2.88,5,0,0
2024-06-03 06:00:00,0.0,328.16,9762.81,28.07,61.1,2.56,6,0,0
2024-06-03 07:00:00,0.0,192.47,10026.95,27.86,64.5,1.46,7,0,0
2024-06-03 08:00:00,0.0,185.12,10174.75,28.6,58.0,1.75,8,0,0
2024-06-03 09:00:00,0.0,172.28,10319.88,29.24,60.6,1.26,9,0,0
2024-06-03 10:00:00,1321.72,209.75,10125.84,28.54,58.4,1.46,10,0,0
2024-06-03 11:00:00,2692.24,240.13,10143.84,31.27,54.8,1.79,11,0,0
2024-06-03 12:00:00,2859.1,205.09,9871.03,30.78,48.7,2.46,12,0,0
2024-06-03 13:00:00,2724.74,263.91,10140.48,31.04,46.3,2.44,13,0,0
2024-06-03 14:00:00,1435.03,229.6,10085.1,30.04,51.7,2.21,14,0,0
2024-06-03 15:00:00,0.0,338.74,10042.6,30.96,48.6,2.65,15,0,0
2024-06-03 16:00:00,0.0,371.7,10519.64,33.6,54.2,3.21,16,0,0
2024-06-03 17:00:00,0.0,399.16,10222.08,31.33,53.7,3.63,17,0,0
2024-06-03 18:00:00,0.0,260.05,11276.26,35.58,50.5,2.09,18,0,0
2024-06-03 19:00:00,0.0,285.56,11200.18,34.47,47.4,2.61,19,0,0
2024-06-03 20:00:00,0.0,505.36,11623.24,38.66,55.1,4.45,20,0,0
2024-06-03 21:00:00,0.0,522.11,11543.88,37.43,50.2,3.55,21,0,0
2024-06-03 22:00:00,0.0,289.17,10849.02,34.15,52.5,3.23,22,0,0
2024-06-03 23:00:00,0.0,271.49,10396.27,33.76,52.9,3.26,23,0,0
2024-06-04 00:00:00,0.0,283.16,10562.76,34.49,57.5,3.12,0,1,0
2024-06-04 01:00:00,0.0,343.23,10498.24,34.61,63.8,3.57,1,1,0
2024-06-04 02:00:00,0.0,227.9,10017.37,29.83,59.9,2.0,2,1,0
2024-06-04 03:00:00,0.0,316.68,9854.37,28.87,58.6,2.65,3,1,0
2024-06-04 04:00:00,0.0,275.41,9926.68,29.55,54.4,2.56,4,1,0
2024-06-04 05:00:00,0.0,222.89,10190.68,30.37,62.6,2.44,5,1,0
2024-06-04 06:00:00,0.0,182.52,10021.6,29.79,56.7,2.1,6,1,0
2024-06-04 07:00:00,0.0,239.04,10245.63,30.18,59.5,2.17,7,1,0
2024-06-04 08:00:00,0.0,161.52,10028.6,27.35,56.6,1.2,8,1,0
2024-06-04 09:00:00,0.0,118.16,10191.39,26.12,60.2,0.87,9,1,0
2024-06-04 10:00:00,1496.7,365.86,10090.95,30.23,54.9,3.63,10,1,0
2024-06-04 11:00:00,2649.95,135.53,10015.19,28.68,54.0,1.52,11,1,0
2024-06-04 12:00:00,3048.75,145.2,9887.59,27.87,55.0,1.77,12,1,0
2024-06-04 13:00:00,2297.28,228.51,10141.25,31.19,60.4,2.67,13,1,0
2024-06-04 14:00:00,1606.91,502.14,10556.76,32.75,54.8,3.64,14,1,0
2024-06-04 15:00:00,0.0,220.02,10525.06,32.42,50.4,2.19,15,1,0
2024-06-04 16:00:00,0.0,167.43,10170.25,32.75,50.6,2.09,16,1,0
2024-06-04 17:00:00,0.0,237.12,10510.53,33.72,48.6,2.13,17,1,0
2024-06-04 18:00:00,0.0,635.77,10973.72,33.95,47.4,4.61,18,1,0
2024-06-04 19:00:00,0.0,283.83,10897.56,33.07,49.8,2.66,19,1,0
2024-06-04 20:00:00,0.0,329.9,10940.5,33.94,50.0,3.57,20,1,0
2024-06-04 21:00:00,0.0,367.29,11099.35,35.32,56.9,2.84,21,1,0
2024-06-04 22:00:00,0.0,298.58,11252.42,34.78,51.3,2.43,22,1,0
2024-06-04 23:00:00,0.0,355.44,10416.95,34.12,62.2,3.26,23,1,0
2024-06-05 00:00:00,0.0,269.74,10317.58,32.13,61.0,2.61,0,2,0
2024-06-05 01:00:00,0.0,230.39,10175.98,32.38,59.1,2.6,1,2,0
2024-06-05 02:00:00,0.0,691.76,10090.79,29.21,59.8,4.51,2,2,0
2024-06-05 03:00:00,0.0,359.64,10200.36,31.26,58.1,2.99,3,2,0
2024-06-05 04:00:00,0.0,273.11,10384.48,32.04,61.6,3.14,4,2,0
2024-06-05 05:00:00,0.0,292.81,9809.41,27.93,64.7,2.81,5,2,0
2024-06-05 06:00:00,0.0,259.27,9821.13,28.52,57.0,1.86,6,2,0
2024-06-05 07:00:00,0.0,167.9,10275.52,29.32,52.9,1.43,7,2,0
2024-06-05 08:00:00,0.0,189.63,10574.2,30.32,60.8,1.88,8,2,0
2024-06-05 09:00:00,0.0,220.28,10041.19,28.38,58.1,1.79,9,2,0
2024-06-05 10:00:00,1248.63,130.13,9529.22,28.39,51.0,1.23,10,2,0
2024-06-05 11:00:00,2363.73,215.31,9691.58,27.34,51.3,1.89,11,2,0
2024-06-05 12:00:00,3049.84,185.7,9948.35,30.44,49.6,1.38,12,2,0
2024-06-05 13:00:00,2708.34,270.63,10593.9,33.49,49.1,2.01,13,2,0
2024-06-05 14:00:00,1651.24,261.57,10287.81,32.15,49.9,2.12,14,2,0
2024-06-05 15:00:00,0.0,177.01,10461.11,32.57,49.6,1.64,15,2,0
2024-06-05 16:00:00,0.0,166.49,10509.29,33.71,47.9,1.03,16,2,0
2024-06-05 17:00:00,0.0,327.43,10534.22,33.93,47.7,2.4,17,2,0
2024-06-05 18:00:00,0.0,653.96,10995.11,33.44,50.3,4.8,18,2,0
2024-06-05 19:00:00,0.0,269.53,11439.06,35.71,52.7,3.27,19,2,0
2024-06-05 20:00:00,0.0,671.09,11205.72,35.09,51.8,4.24,20,2,0
2024-06-05 21:00:00,0.0,175.14,11272.34,34.74,58.9,1.95,21,2,0
2024-06-05 22:00:00,0.0,246.1,11076.92,33.25,57.5,2.81,22,2,0
2024-06-05 23:00:00,0.0,238.3,10712.67,35.51,50.4,2.43,23,2,0
2024-06-06 00:00:00,0.0,346.57,10550.77,34.14,60.1,3.22,0,3,0
2024-06-06 01:00:00,0.0,858.94,10239.62,31.96,61.5,5.11,1,3,0
2024-06-06 02:00:00,0.0,359.88,10576.28,33.05,58.1,3.3,2,3,0
2024-06-06 03:00:00,0.0,373.51,9984.29,30.47,54.3,4.03,3,3,0
2024-06-06 04:00:00,0.0,263.91,9876.9,29.41,60.5,2.21,4,3,0
2024-06-06 05:00:00,0.0,418.73,9854.91,28.81,60.3,3.27,5,3,0
2024-06-06 06:00:00,0.0,518.8,9648.22,27.12,55.3,3.63,6,3,0
2024-06-06 07:00:00,0.0,185.14,10220.3,29.51,53.2,1.72,7,3,0
2024-06-06 08:00:00,0.0,122.05,10237.33,26.65,57.6,1.28,8,3,0
2024-06-06 09:00:00,0.0,122.58,10179.17,27.47,55.9,0.62,9,3,0
2024-06-06 10:00:00,1446.53,136.07,9735.51,26.76,53.8,1.46,10,3,0
2024-06-06 11:00:00,2887.6,151.34,10086.46,29.62,53.9,1.88,11,3,0
2024-06-06 12:00:00,2944.82,501.86,10307.99,30.16,48.6,3.59,12,3,0
2024-06-06 13:00:00,2928.7,142.71,10161.25,30.68,50.2,1.14,13,3,0
2024-06-06 14:00:00,1386.55,277.35,10282.78,30.59,53.3,2.47,14,3,0
2024-06-06 15:00:00,0.0,172.79,10292.65,31.21,49.3,1.23,15,3,0
2024-06-06 16:00:00,0.0,270.89,10494.07,33.9,43.8,2.59,16,3,0
2024-06-06 17:00:00,0.0,298.23,10478.74,33.31,48.8,3.43,17,3,0
2024-06-06 18:00:00,0.0,397.59,11212.47,34.82,46.9,3.79,18,3,0
2024-06-06 19:00:00,0.0,414.01,10916.28,33.68,53.0,4.01,19,3,0
2024-06-06 20:00:00,0.0,634.78,10866.45,35.06,54.3,3.96,20,3,0
2024-06-06 21:00:00,0.0,603.61,11236.97,36.31,47.6,4.14,21,3,0
2024-06-06 22:00:00,0.0,433.59,10931.92,35.15,58.5,3.68,22,3,0
2024-06-06 23:00:00,0.0,223.89,10385.05,33.47,52.3,2.7,23,3,0
2024-06-07 00:00:00,0.0,167.29,10296.79,33.68,64.2,1.93,0,4,0
2024-06-07 01:00:00,0.0,367.32,10439.71,32.35,58.8,2.77,1,4,0
2024-06-07 02:00:00,0.0,404.75,10132.97,31.88,54.8,2.85,2,4,0
2024-06-07 03:00:00,0.0,326.98,10191.49,30.7,55.7,3.71,3,4,0
2024-06-07 04:00:00,0.0,323.69,10151.41,30.17,61.9,2.36,4,4,0
2024-06-07 05:00:00,0.0,211.86,10122.18,30.0,58.7,2.05,5,4,0
2024-06-07 06:00:00,0.0,211.28,9571.88,28.08,59.4,2.3,6,4,0
2024-06-07 07:00:00,0.0,144.18,10235.72,27.75,65.5,1.62,7,4,0
2024-06-07 08:00:00,0.0,306.35,10151.44,27.2,55.2,2.39,8,4,0
2024-06-07 09:00:00,0.0,376.44,10197.51,27.05,57.0,3.29,9,4,0
2024-06-07 10:00:00,1726.77,495.95,10005.59,27.81,61.2,3.49,10,4,0
2024-06-07 11:00:00,2409.2,179.72,10125.76,29.94,55.3,1.91,11,4,0
2024-06-07 12:00:00,3416.85,277.15,9807.88,29.3,46.6,2.27,12,4,0
2024-06-07 13:00:00,2186.74,319.15,10331.85,31.71,54.0,3.47,13,4,0
2024-06-07 14:00:00,1299.72,194.44,10098.23,31.91,46.5,2.32,14,4,0
2024-06-07 15:00:00,0.0,296.01,10065.72,30.28,56.3,3.25,15,4,0
2024-06-07 16:00:00,0.0,269.27,10500.51,34.15,47.2,2.05,16,4,0
2024-06-07 17:00:00,0.0,364.81,10664.18,34.96,62.5,2.95,17,4,0
2024-06-07 18:00:00,0.0,454.66,10772.87,33.27,57.0,4.33,18,4,0
2024-06-07 19:00:00,0.0,316.72,11038.69,35.27,48.8,2.99,19,4,0
2024-06-07 20:00:00,0.0,494.26,10971.92,33.84,53.1,3.57,20,4,0
2024-06-07 21:00:00,0.0,235.83,11130.18,34.88,57.2,2.44,21,4,0
2024-06-07 22:00:00,0.0,956.11,10862.6,32.95,58.6,5.27,22,4,0
2024-06-07 23:00:00,0.0,766.67,10443.89,31.84,58.5,4.58,23,4,0
2024-06-08 00:00:00,0.0,444.62,9466.86,32.93,63.0,3.59,0,5,1
2024-06-08 01:00:00,0.0,473.67,9416.82,32.52,58.5,3.64,1,5,1
2024-06-08 02:00:00,0.0,419.68,9196.86,31.41,58.3,3.3,2,5,1
2024-06-08 03:00:00,0.0,406.7,8879.64,29.69,58.9,3.84,3,5,1
2024-06-08 04:00:00,0.0,210.74,9071.25,29.91,63.9,2.06,4,5,1
2024-06-08 05:00:00,0.0,247.88,9309.13,30.09,61.8,2.81,5,5,1
2024-06-08 06:00:00,0.0,405.87,9022.29,29.24,61.0,2.88,6,5,1
2024-06-08 07:00:00,0.0,361.44,9410.52,29.21,62.2,2.84,7,5,1
2024-06-08 08:00:00,0.0,71.5,9296.85,28.08,49.8,0.2,8,5,1
2024-06-08 09:00:00,0.0,163.76,9479.74,30.4,58.0,1.25,9,5,1
2024-06-08 10:00:00,1239.93,125.82,8880.43,27.88,56.3,0.95,10,5,1
2024-06-08 11:00:00,2259.7,261.93,9003.37,30.35,60.9,1.98,11,5,1
2024-06-08 12:00:00,2856.71,97.81,9263.33,31.81,46.9,0.41,12,5,1
2024-06-08 13:00:00,2426.66,127.15,9231.35,31.69,58.2,0.59,13,5,1
2024-06-08 14:00:00,1396.64,435.79,9308.56,31.64,51.4,4.21,14,5,1
2024-06-08 15:00:00,0.0,385.78,9143.73,32.03,52.6,3.22,15,5,1
2024-06-08 16:00:00,0.0,309.7,9545.35,34.63,57.2,3.08,16,5,1
2024-06-08 17:00:00,0.0,336.96,9392.68,32.3,52.9,3.52,17,5,1
2024-06-08 18:00:00,0.0,454.38,9832.23,33.32,52.7,3.55,18,5,1
2024-06-08 19:00:00,0.0,624.87,9919.47,34.31,52.9,4.39,19,5,1
2024-06-08 20:00:00,0.0,473.19,10169.21,36.37,51.0,3.19,20,5,1
2024-06-08 21:00:00,0.0,529.03,10102.67,35.24,54.1,3.88,21,5,1
2024-06-08 22:00:00,0.0,485.62,9630.8,33.32,52.6,3.88,22,5,1
2024-06-08 23:00:00,0.0,383.92,9407.42,33.64,56.6,2.76,23,5,1
2024-06-09 00:00:00,0.0,710.93,9500.71,32.67,48.6,4.48,0,6,1
2024-06-09 01:00:00,0.0,336.8,9329.49,31.83,60.7,2.9,1,6,1
2024-06-09 02:00:00,0.0,475.44,9483.52,33.08,59.3,3.83,2,6,1
2024-06-09 03:00:00,0.0,404.09,8803.4,29.48,59.0,2.85,3,6,1
2024-06-09 04:00:00,0.0,499.19,9299.06,32.34,61.3,3.8,4,6,1
2024-06-09 05:00:00,0.0,193.58,9157.01,30.78,54.6,1.42,5,6,1
2024-06-09 06:00:00,0.0,116.64,9208.4,30.62,67.5,1.18,6,6,1
2024-06-09 07:00:00,0.0,173.11,9323.6,28.45,58.6,1.17,7,6,1
2024-06-09 08:00:00,0.0,183.76,9336.79,28.73,57.4,1.9,8,6,1
2024-06-09 09:00:00,0.0,262.91,9068.76,27.29,52.9,2.99,9,6,1
2024-06-09 10:00:00,1435.94,421.49,8864.02,28.68,55.6,3.06,10,6,1
2024-06-09 11:00:00,2735.92,108.5,9294.76,30.38,59.7,0.2,11,6,1
2024-06-09 12:00:00,2616.61,235.12,9262.23,31.96,57.1,2.25,12,6,1
2024-06-09 13:00:00,2604.24,93.59,8929.29,29.8,55.3,0.2,13,6,1
2024-06-09 14:00:00,1287.89,295.56,9224.72,31.47,53.3,3.13,14,6,1
2024-06-09 15:00:00,0.0,313.94,9528.92,32.5,49.2,3.65,15,6,1
2024-06-09 16:00:00,0.0,308.37,9170.64,31.73,44.7,2.98,16,6,1
2024-06-09 17:00:00,0.0,307.79,9570.89,34.74,49.8,3.32,17,6,1
2024-06-09 18:00:00,0.0,400.37,9849.34,33.64,50.2,3.52,18,6,1
2024-06-09 19:00:00,0.0,406.46,10173.75,34.57,56.1,2.99,19,6,1
2024-06-09 20:00:00,0.0,398.98,10069.58,34.36,54.2,4.07,20,6,1
2024-06-09 21:00:00,0.0,325.13,10089.15,33.86,60.6,3.57,21,6,1
2024-06-09 22:00:00,0.0,734.3,10238.8,34.5,60.3,4.47,22,6,1
2024-06-09 23:00:00,0.0,482.08,9330.33,33.77,54.9,3.53,23,6,1
2024-06-10 00:00:00,0.0,231.54,10322.38,32.98,50.8,2.8,0,0,0
2024-06-10 01:00:00,0.0,171.51,10216.56,31.83,64.5,2.05,1,0,0
2024-06-10 02:00:00,0.0,202.22,10337.32,32.31,65.2,1.55,2,0,0
2024-06-10 03:00:00,0.0,436.27,10493.09,33.13,54.8,3.83,3,0,0
2024-06-10 04:00:00,0.0,270.63,10053.37,30.59,66.5,2.16,4,0,0
2024-06-10 05:00:00,0.0,266.9,10080.97,31.0,61.8,2.55,5,0,0
2024-06-10 06:00:00,0.0,531.04,9900.8,27.66,60.4,3.5,6,0,0
2024-06-10 07:00:00,0.0,196.01,10320.25,29.22,65.5,1.47,7,0,0
2024-06-10 08:00:00,0.0,120.49,10138.91,27.61,63.3,1.32,8,0,0
2024-06-10 09:00:00,0.0,174.08,9843.51,27.25,59.4,1.68,9,0,0
2024-06-10 10:00:00,1748.3,215.44,9986.24,28.44,57.4,1.84,10,0,0
2024-06-10 11:00:00,2380.31,319.86,10215.06,31.23,56.6,3.43,11,0,0
2024-06-10 12:00:00,3418.65,275.58,10215.12,31.56,51.4,3.33,12,0,0
2024-06-10 13:00:00,2240.35,234.43,10121.12,31.44,51.7,2.78,13,0,0
2024-06-10 14:00:00,1728.45,452.68,9972.13,30.08,47.5,3.68,14,0,0
2024-06-10 15:00:00,0.0,316.62,10242.31,32.47,49.3,2.64,15,0,0
2024-06-10 16:00:00,0.0,290.47,10275.83,33.79,49.0,3.28,16,0,0
2024-06-10 17:00:00,0.0,380.44,10476.66,34.26,48.1,3.04,17,0,0
2024-06-10 18:00:00,0.0,290.92,10641.18,32.31,51.7,2.46,18,0,0
2024-06-10 19:00:00,0.0,783.66,11007.24,33.75,50.6,4.61,19,0,0
2024-06-10 20:00:00,0.0,641.95,11015.01,34.85,55.0,4.17,20,0,0
2024-06-10 21:00:00,0.0,588.78,11318.81,35.47,47.7,3.8,21,0,0
2024-06-10 22:00:00,0.0,583.97,10580.42,31.89,55.0,3.75,22,0,0
2024-06-10 23:00:00,0.0,260.45,10666.47,33.85,57.3,2.44,23,0,0
2024-06-11 00:00:00,0.0,304.18,10593.25,33.61,56.7,2.74,0,1,0
2024-06-11 01:00:00,0.0,374.36,10381.29,33.74,58.3,3.58,1,1,0
2024-06-11 02:00:00,0.0,296.47,10375.71,32.77,53.5,2.65,2,1,0
2024-06-11 03:00:00,0.0,233.41,10169.83,31.86,61.7,2.64,3,1,0
2024-06-11 04:00:00,0.0,300.89,10041.91,29.48,63.1,2.47,4,1,0
2024-06-11 05:00:00,0.0,144.4,10001.98,27.53,62.3,1.76,5,1,0
2024-06-11 06:00:00,0.0,139.39,10037.35,28.87,64.0,1.33,6,1,0
2024-06-11 07:00:00,0.0,99.85,10300.71,30.24,59.8,0.65,7,1,0
2024-06-11 08:00:00,0.0,248.67,10443.62,30.61,59.9,1.73,8,1,0
2024-06-11 09:00:00,0.0,201.88,10521.81,29.89,57.4,2.31,9,1,0
2024-06-11 10:00:00,1401.81,140.15,10083.27,29.86,58.2,0.53,10,1,0
2024-06-11 11:00:00,2560.15,168.37,10193.23,30.27,47.9,1.93,11,1,0
2024-06-11 12:00:00,2679.13,280.21,10087.17,29.77,49.4,2.33,12,1,0
2024-06-11 13:00:00,2366.92,160.86,10174.41,31.01,58.3,1.52,13,1,0
2024-06-11 14:00:00,1582.6,399.52,10526.1,33.94,41.3,3.69,14,1,0
2024-06-11 15:00:00,0.0,357.99,10091.77,31.58,50.1,2.5,15,1,0
2024-06-11 16:00:00,0.0,284.99,10623.98,35.38,55.2,2.99,16,1,0
2024-06-11 17:00:00,0.0,302.75,10392.2,33.67,50.3,3.18,17,1,0
2024-06-11 18:00:00,0.0,245.15,11272.22,36.13,49.5,2.1,18,1,0
2024-06-11 19:00:00,0.0,680.25,10950.85,33.15,52.5,4.48,19,1,0
2024-06-11 20:00:00,0.0,439.75,11239.69,35.64,51.6,3.01,20,1,0
2024-06-11 21:00:00,0.0,487.87,11065.6,33.95,54.3,3.62,21,1,0
2024-06-11 22:00:00,0.0,570.21,10979.55,32.84,52.7,4.25,22,1,0
2024-06-11 23:00:00,0.0,637.36,10532.45,34.32,61.2,4.85,23,1,0
2024-06-12 00:00:00,0.0,315.47,10713.72,34.66,63.7,2.68,0,2,0
2024-06-12 01:00:00,0.0,358.43,10391.3,31.72,58.5,2.98,1,2,0
2024-06-12 02:00:00,0.0,450.77,10106.72,30.15,54.3,4.2,2,2,0
2024-06-12 03:00:00,0.0,408.81,10107.48,31.07,58.2,3.21,3,2,0
2024-06-12 04:00:00,0.0,295.91,10195.7,30.35,59.7,3.12,4,2,0
2024-06-12 05:00:00,0.0,177.25,10157.66,30.49,62.3,1.5,5,2,0
2024-06-12 06:00:00,0.0,177.55,10174.0,30.49,55.8,1.83,6,2,0
2024-06-12 07:00:00,0.0,184.81,10408.7,28.98,55.9,1.84,7,2,0
2024-06-12 08:00:00,0.0,165.19,10586.81,31.18,60.0,1.19,8,2,0
2024-06-12 09:00:00,0.0,83.58,10456.23,29.32,60.5,0.5,9,2,0
2024-06-12 10:00:00,1712.7,124.84,9886.62,28.94,53.0,1.46,10,2,0
2024-06-12 11:00:00,2760.62,273.62,9734.23,27.9,48.9,3.06,11,2,0
2024-06-12 12:00:00,3389.2,194.19,10193.51,30.14,66.1,2.18,12,2,0
2024-06-12 13:00:00,2225.27,334.52,10016.73,30.77,55.1,3.44,13,2,0
2024-06-12 14:00:00,1439.83,352.76,10656.47,33.11,50.1,2.72,14,2,0
2024-06-12 15:00:00,0.0,238.79,10607.51,33.28,54.1,2.23,15,2,0
2024-06-12 16:00:00,0.0,515.99,10305.55,32.04,50.0,4.12,16,2,0
2024-06-12 17:00:00,0.0,453.57,10721.43,34.28,54.1,3.51,17,2,0
2024-06-12 18:00:00,0.0,637.63,11296.84,35.36,51.8,4.31,18,2,0
2024-06-12 19:00:00,0.0,227.05,11228.88,36.68,52.3,2.85,19,2,0
2024-06-12 20:00:00,0.0,760.76,11202.57,36.02,52.5,4.64,20,2,0
2024-06-12 21:00:00,0.0,822.96,11302.05,35.76,48.4,4.69,21,2,0
2024-06-12 22:00:00,0.0,396.78,11143.27,34.62,63.2,4.04,22,2,0
2024-06-12 23:00:00,0.0,380.65,10767.02,34.54,53.0,3.06,23,2,0
2024-06-13 00:00:00,0.0,299.16,10699.21,34.96,52.6,3.54,0,3,0
2024-06-13 01:00:00,0.0,350.91,10029.39,31.14,58.2,3.86,1,3,0
2024-06-13 02:00:00,0.0,337.63,10167.86,31.55,56.0,3.31,2,3,0
2024-06-13 03:00:00,0.0,472.69,10159.93,30.26,60.1,3.35,3,3,0
2024-06-13 04:00:00,0.0,439.85,9935.21,30.92,63.2,3.42,4,3,0
2024-06-13 05:00:00,0.0,201.95,10034.96,31.32,64.3,1.85,5,3,0
2024-06-13 06:00:00,0.0,152.69,9823.18,28.65,63.1,1.24,6,3,0
2024-06-13 07:00:00,0.0,215.59,10212.21,26.2,57.8,1.97,7,3,0
2024-06-13 08:00:00,0.0,168.81,10134.21,28.47,58.2,1.64,8,3,0
2024-06-13 09:00:00,0.0,338.36,10428.47,30.16,58.4,2.5,9,3,0
2024-06-13 10:00:00,1730.73,150.27,10039.84,30.01,48.5,1.04,10,3,0
2024-06-13 11:00:00,2741.78,313.76,10066.46,30.36,56.5,2.82,11,3,0
2024-06-13 12:00:00,2826.96,368.16,9975.93,30.13,47.2,3.24,12,3,0
2024-06-13 13:00:00,2881.55,329.0,10094.68,29.65,60.1,2.37,13,3,0
2024-06-13 14:00:00,1510.87,335.23,10212.57,32.58,49.5,2.66,14,3,0
2024-06-13 15:00:00,0.0,196.69,10229.2,31.74,49.9,2.25,15,3,0
2024-06-13 16:00:00,0.0,288.89,10942.88,36.09,47.4,2.69,16,3,0
2024-06-13 17:00:00,0.0,303.58,10547.31,34.77,48.1,3.04,17,3,0
2024-06-13 18:00:00,0.0,833.23,10842.86,33.87,60.3,4.73,18,3,0
2024-06-13 19:00:00,0.0,424.1,10808.36,34.13,55.7,3.68,19,3,0
2024-06-13 20:00:00,0.0,231.37,11233.05,34.85,46.8,2.77,20,3,0
2024-06-13 21:00:00,0.0,488.95,11207.11,34.58,60.2,4.07,21,3,0
2024-06-13 22:00:00,0.0,535.07,11244.09,35.9,60.3,4.49,22,3,0
2024-06-13 23:00:00,0.0,477.87,10428.54,34.31,55.7,3.71,23,3,0
2024-06-14 00:00:00,0.0,552.27,10348.07,32.6,59.2,4.78,0,4,0
2024-06-14 01:00:00,0.0,368.32,10811.89,35.02,59.0,4.02,1,4,0
2024-06-14 02:00:00,0.0,194.52,10141.46,32.03,67.7,2.31,2,4,0
2024-06-14 03:00:00,0.0,236.43,10432.1,32.12,57.2,2.45,3,4,0
2024-06-14 04:00:00,0.0,288.49,9803.07,29.75,61.1,2.82,4,4,0
2024-06-14 05:00:00,0.0,174.53,9938.1,30.29,58.6,1.06,5,4,0
2024-06-14 06:00:00,0.0,235.35,10019.61,29.75,54.1,2.46,6,4,0
2024-06-14 07:00:00,0.0,86.11,10214.72,26.81,67.8,0.62,7,4,0
2024-06-14 08:00:00,0.0,358.45,10704.74,31.39,53.3,2.75,8,4,0
2024-06-14 09:00:00,0.0,354.52,10551.39,30.63,57.7,2.62,9,4,0
2024-06-14 10:00:00,1551.78,256.23,10085.67,28.9,48.6,2.33,10,4,0
2024-06-14 11:00:00,2509.55,155.04,9874.63,28.53,52.6,1.49,11,4,0
2024-06-14 12:00:00,2628.68,297.31,10075.55,30.89,54.7,2.32,12,4,0
2024-06-14 13:00:00,2369.55,157.12,10343.89,31.3,48.7,1.98,13,4,0
2024-06-14 14:00:00,1664.12,256.03,10504.02,32.4,53.5,1.81,14,4,0
2024-06-14 15:00:00,0.0,353.94,10525.18,32.98,49.6,2.62,15,4,0
2024-06-14 16:00:00,0.0,463.33,10625.59,34.08,55.2,3.71,16,4,0
2024-06-14 17:00:00,0.0,352.21,10939.62,35.83,56.1,3.43,17,4,0
2024-06-14 18:00:00,0.0,474.35,11245.8,35.26,48.8,4.76,18,4,0
2024-06-14 19:00:00,0.0,742.46,10994.4,33.61,52.3,4.37,19,4,0
2024-06-14 20:00:00,0.0,666.82,11461.92,36.61,53.8,4.39,20,4,0
2024-06-14 21:00:00,0.0,262.55,11461.15,36.84,56.7,2.61,21,4,0
2024-06-14 22:00:00,0.0,314.05,11701.59,38.36,55.6,3.63,22,4,0
2024-06-14 23:00:00,0.0,355.7,10368.67,32.75,57.6,2.91,23,4,0
2024-06-15 00:00:00,0.0,531.57,9622.03,33.78,57.1,3.48,0,5,1
2024-06-15 01:00:00,0.0,362.77,9214.55,30.26,59.5,2.87,1,5,1
2024-06-15 02:00:00,0.0,245.2,9409.7,32.65,65.1,2.88,2,5,1
2024-06-15 03:00:00,0.0,435.23,9054.66,30.55,63.0,3.77,3,5,1
2024-06-15 04:00:00,0.0,268.12,9548.93,32.79,63.3,3.05,4,5,1
2024-06-15 05:00:00,0.0,465.16,8814.86,28.93,63.3,3.23,5,5,1
2024-06-15 06:00:00,0.0,124.21,8739.08,27.36,59.3,0.94,6,5,1
2024-06-15 07:00:00,0.0,264.89,9218.44,28.52,60.4,2.1,7,5,1
2024-06-15 08:00:00,0.0,230.55,8838.05,26.61,53.7,2.73,8,5,1
2024-06-15 09:00:00,0.0,281.03,9551.02,29.99,61.9,3.13,9,5,1
2024-06-15 10:00:00,1259.68,137.71,8855.76,26.91,44.4,0.72,10,5,1
2024-06-15 11:00:00,2892.5,243.05,9255.34,29.9,53.9,1.78,11,5,1
2024-06-15 12:00:00,2814.38,285.85,9070.48,27.99,57.6,3.04,12,5,1
2024-06-15 13:00:00,2486.51,238.76,9156.9,30.82,46.6,2.27,13,5,1
2024-06-15 14:00:00,1712.57,232.34,9695.29,33.96,52.8,1.94,14,5,1
2024-06-15 15:00:00,0.0,227.06,9318.45,33.19,48.0,1.68,15,5,1
2024-06-15 16:00:00,0.0,287.72,9413.3,32.45,49.1,2.42,16,5,1
2024-06-15 17:00:00,0.0,175.17,9489.17,34.07,54.5,2.07,17,5,1
2024-06-15 18:00:00,0.0,457.55,10145.98,34.6,52.0,3.68,18,5,1
2024-06-15 19:00:00,0.0,738.17,10265.21,35.45,43.9,4.51,19,5,1
2024-06-15 20:00:00,0.0,395.02,9899.57,33.34,49.1,2.88,20,5,1
2024-06-15 21:00:00,0.0,553.54,10240.64,35.59,58.2,4.13,21,5,1
2024-06-15 22:00:00,0.0,793.4,9804.12,31.34,57.3,4.57,22,5,1
2024-06-15 23:00:00,0.0,357.19,9486.44,33.35,63.8,3.79,23,5,1
2024-06-16 00:00:00,0.0,258.57,9717.28,32.9,64.8,2.37,0,6,1
2024-06-16 01:00:00,0.0,534.49,9467.96,33.53,57.7,3.76,1,6,1
2024-06-16 02:00:00,0.0,288.31,9510.98,32.02,69.9,3.17,2,6,1
2024-06-16 03:00:00,0.0,406.52,9165.87,29.53,60.5,2.83,3,6,1
2024-06-16 04:00:00,0.0,228.28,8780.15,29.31,56.7,2.26,4,6,1
2024-06-16 05:00:00,0.0,254.6,9273.7,30.11,57.9,2.52,5,6,1
2024-06-16 06:00:00,0.0,245.24,9131.07,29.3,50.9,2.65,6,6,1
2024-06-16 07:00:00,0.0,440.21,9198.3,28.4,65.5,4.0,7,6,1
2024-06-16 08:00:00,0.0,241.42,9230.0,28.41,64.5,2.08,8,6,1
2024-06-16 09:00:00,0.0,348.89,9418.15,29.93,52.8,3.16,9,6,1
2024-06-16 10:00:00,1505.32,205.57,9106.82,28.77,54.7,2.27,10,6,1
2024-06-16 11:00:00,2782.71,264.61,9005.07,29.76,54.7,2.01,11,6,1
2024-06-16 12:00:00,3218.75,193.6,9624.58,33.09,49.2,2.36,12,6,1
2024-06-16 13:00:00,2737.24,211.48,8896.05,29.51,45.0,1.48,13,6,1
2024-06-16 14:00:00,1422.83,288.78,8844.56,29.77,50.4,2.94,14,6,1
2024-06-16 15:00:00,0.0,166.92,9576.16,33.71,49.5,1.36,15,6,1
2024-06-16 16:00:00,0.0,259.68,9538.6,32.68,49.0,2.52,16,6,1
2024-06-16 17:00:00,0.0,440.53,9485.67,33.73,51.6,3.54,17,6,1
2024-06-16 18:00:00,0.0,733.4,9682.39,33.65,57.0,4.62,18,6,1
2024-06-16 19:00:00,0.0,897.92,9881.21,34.58,50.8,4.96,19,6,1
2024-06-16 20:00:00,0.0,402.97,10378.09,36.91,53.8,3.73,20,6,1
2024-06-16 21:00:00,0.0,534.15,10203.69,35.85,57.2,4.08,21,6,1
2024-06-16 22:00:00,0.0,630.63,10332.79,35.62,57.8,4.71,22,6,1
2024-06-16 23:00:00,0.0,399.6,9365.49,32.41,54.4,2.76,23,6,1
2024-06-17 00:00:00,0.0,596.48,10214.99,32.11,58.5,4.01,0,0,0
2024-06-17 01:00:00,0.0,297.57,9995.71,29.37,61.3,2.82,1,0,0
2024-06-17 02:00:00,0.0,350.47,10288.39,31.02,55.4,3.1,2,0,0
2024-06-17 03:00:00,0.0,247.77,10498.77,32.37,65.5,2.62,3,0,0
2024-06-17 04:00:00,0.0,403.71,10165.8,31.12,66.3,3.07,4,0,0
2024-06-17 05:00:00,0.0,397.16,9996.95,29.61,57.6,2.92,5,0,0
2024-06-17 06:00:00,0.0,432.67,10052.13,29.37,60.7,2.99,6,0,0
2024-06-17 07:00:00,0.0,275.53,10045.19,28.27,61.7,2.4,7,0,0
2024-06-17 08:00:00,0.0,261.96,10345.65,29.24,55.9,2.15,8,0,0
2024-06-17 09:00:00,0.0,398.55,10327.68,30.02,58.8,3.47,9,0,0
2024-06-17 10:00:00,1791.29,137.59,9776.93,27.46,56.3,0.8,10,0,0
2024-06-17 11:00:00,2950.07,374.99,10067.3,30.23,48.4,3.47,11,0,0
2024-06-17 12:00:00,2917.01,258.59,10256.41,31.61,55.0,2.04,12,0,0
2024-06-17 13:00:00,2330.64,239.4,10358.37,30.72,47.7,2.94,13,0,0
2024-06-17 14:00:00,1523.55,196.67,10339.56,32.84,55.0,2.46,14,0,0
2024-06-17 15:00:00,0.0,301.56,10762.8,36.15,48.1,2.42,15,0,0
2024-06-17 16:00:00,0.0,548.8,10636.23,33.37,50.0,3.63,16,0,0
2024-06-17 17:00:00,0.0,607.74,10669.7,34.59,56.3,4.32,17,0,0
2024-06-17 18:00:00,0.0,584.64,11101.57,33.71,53.3,4.07,18,0,0
2024-06-17 19:00:00,0.0,478.68,11062.23,35.11,47.8,3.41,19,0,0
2024-06-17 20:00:00,0.0,1036.69,11270.87,35.55,49.1,6.84,20,0,0
2024-06-17 21:00:00,0.0,533.15,11285.63,35.13,51.9,4.94,21,0,0
2024-06-17 22:00:00,0.0,804.79,10885.7,33.37,57.2,4.7,22,0,0
2024-06-17 23:00:00,0.0,538.28,10662.78,34.36,58.3,3.57,23,0,0
2024-06-18 00:00:00,0.0,360.14,10674.97,35.25,54.8,3.22,0,1,0
2024-06-18 01:00:00,0.0,319.66,10377.61,33.31,54.5,3.29,1,1,0
2024-06-18 02:00:00,0.0,651.18,10556.48,33.15,61.1,4.14,2,1,0
2024-06-18 03:00:00,0.0,275.52,10292.99,30.94,59.8,2.22,3,1,0
2024-06-18 04:00:00,0.0,151.58,10229.85,31.4,69.3,1.9,4,1,0
2024-06-18 05:00:00,0.0,256.04,10118.54,30.21,60.6,2.94,5,1,0
2024-06-18 06:00:00,0.0,364.72,9977.71,28.26,67.2,2.56,6,1,0
2024-06-18 07:00:00,0.0,131.63,10240.02,29.48,54.5,1.53,7,1,0
2024-06-18 08:00:00,0.0,133.79,10142.83,27.81,51.9,1.17,8,1,0
2024-06-18 09:00:00,0.0,374.4,10097.48,28.34,52.5,3.16,9,1,0
2024-06-18 10:00:00,1410.43,209.6,9869.17,29.63,60.4,2.33,10,1,0
2024-06-18 11:00:00,2809.46,122.85,10019.62,30.23,61.4,1.06,11,1,0
2024-06-18 12:00:00,2860.99,146.71,9785.83,29.07,50.0,1.27,12,1,0
2024-06-18 13:00:00,2294.65,212.16,10402.81,32.49,50.3,2.22,13,1,0
2024-06-18 14:00:00,1552.99,460.92,10284.28,32.69,46.7,3.34,14,1,0
2024-06-18 15:00:00,0.0,414.9,10113.53,31.93,43.6,3.49,15,1,0
2024-06-18 16:00:00,0.0,466.8,10335.02,31.65,53.5,4.18,16,1,0
2024-06-18 17:00:00,0.0,228.11,10617.02,33.95,51.7,2.32,17,1,0
2024-06-18 18:00:00,0.0,353.54,11013.93,34.06,51.4,3.9,18,1,0
2024-06-18 19:00:00,0.0,522.1,11260.16,35.03,46.5,5.02,19,1,0
2024-06-18 20:00:00,0.0,806.44,11019.83,34.56,59.7,5.04,20,1,0
2024-06-18 21:00:00,0.0,432.44,10811.06,32.49,52.4,4.3,21,1,0
2024-06-18 22:00:00,0.0,889.44,11111.26,34.13,57.8,5.86,22,1,0
2024-06-18 23:00:00,0.0,689.32,10634.56,33.75,51.1,4.37,23,1,0
2024-06-19 00:00:00,0.0,568.66,10528.87,34.26,57.4,4.58,0,2,0
2024-06-19 01:00:00,0.0,390.57,10210.93,31.94,60.4,3.58,1,2,0
2024-06-19 02:00:00,0.0,364.31,10661.16,34.01,61.3,2.68,2,2,0
2024-06-19 03:00:00,0.0,313.99,9976.7,28.93,61.2,2.34,3,2,0
2024-06-19 04:00:00,0.0,405.61,10316.67,32.07,62.7,2.93,4,2,0
2024-06-19 05:00:00,0.0,272.94,10130.59,29.61,56.0,2.37,5,2,0
2024-06-19 06:00:00,0.0,173.07,10325.82,30.43,60.8,0.92,6,2,0
2024-06-19 07:00:00,0.0,198.72,10296.11,29.2,59.7,1.36,7,2,0
2024-06-19 08:00:00,0.0,195.62,10328.84,30.37,59.1,1.82,8,2,0
2024-06-19 09:00:00,0.0,313.5,10241.32,28.64,57.3,2.62,9,2,0
2024-06-19 10:00:00,1699.82,177.95,9697.69,28.08,50.6,2.06,10,2,0
2024-06-19 11:00:00,3026.51,242.06,10386.14,31.58,49.1,2.12,11,2,0
2024-06-19 12:00:00,2946.14,156.97,9999.16,30.36,44.4,1.55,12,2,0
2024-06-19 13:00:00,2549.22,247.84,10202.56,31.49,55.4,2.56,13,2,0
2024-06-19 14:00:00,1802.24,369.69,10375.96,33.48,54.7,3.84,14,2,0
2024-06-19 15:00:00,0.0,335.0,10253.9,31.54,54.3,3.17,15,2,0
2024-06-19 16:00:00,0.0,230.37,10594.55,34.21,51.9,2.1,16,2,0
2024-06-19 17:00:00,0.0,298.22,10556.78,33.41,42.3,2.54,17,2,0
2024-06-19 18:00:00,0.0,481.89,11115.8,34.44,47.3,4.22,18,2,0
2024-06-19 19:00:00,0.0,533.05,11175.03,34.98,52.9,3.73,19,2,0
2024-06-19 20:00:00,0.0,499.87,10876.33,33.2,53.8,3.95,20,2,0
2024-06-19 21:00:00,0.0,459.08,11006.6,33.96,53.5,3.55,21,2,0
2024-06-19 22:00:00,0.0,505.83,11158.57,36.22,57.2,4.41,22,2,0
2024-06-19 23:00:00,0.0,526.77,10857.92,35.18,57.1,3.67,23,2,0
2024-06-20 00:00:00,0.0,469.88,10457.6,33.42,58.8,3.63,0,3,0
2024-06-20 01:00:00,0.0,395.56,10621.7,33.07,56.7,2.89,1,3,0
2024-06-20 02:00:00,0.0,412.7,10231.38,31.65,64.0,4.07,2,3,0
2024-06-20 03:00:00,0.0,304.43,10168.85,32.85,58.9,2.9,3,3,0
2024-06-20 04:00:00,0.0,297.34,10016.71,30.26,55.4,3.3,4,3,0
2024-06-20 05:00:00,0.0,156.72,10057.85,30.16,57.5,1.62,5,3,0
2024-06-20 06:00:00,0.0,429.88,10144.12,30.78,58.7,3.75,6,3,0
2024-06-20 07:00:00,0.0,461.29,10203.64,28.17,63.3,3.23,7,3,0
2024-06-20 08:00:00,0.0,120.58,10483.49,30.87,58.1,0.58,8,3,0
2024-06-20 09:00:00,0.0,155.5,10060.56,27.27,56.3,1.43,9,3,0
2024-06-20 10:00:00,1514.15,315.71,10099.56,31.36,50.8,2.49,10,3,0
2024-06-20 11:00:00,2821.7,109.06,9917.42,29.43,57.6,1.15,11,3,0
2024-06-20 12:00:00,3305.64,230.64,10137.0,30.21,50.7,2.26,12,3,0
2024-06-20 13:00:00,2952.0,348.26,10009.97,28.96,51.8,2.91,13,3,0
2024-06-20 14:00:00,1658.64,312.07,10139.84,31.45,57.4,2.67,14,3,0
2024-06-20 15:00:00,0.0,442.8,10351.62,31.53,53.0,3.5,15,3,0
2024-06-20 16:00:00,0.0,258.65,10455.31,32.77,44.3,2.78,16,3,0
2024-06-20 17:00:00,0.0,182.82,10430.51,33.96,43.9,1.78,17,3,0
2024-06-20 18:00:00,0.0,770.23,11296.1,35.75,51.2,4.57,18,3,0
2024-06-20 19:00:00,0.0,825.61,11235.27,35.15,47.4,4.72,19,3,0
2024-06-20 20:00:00,0.0,839.94,11090.89,35.37,55.9,6.04,20,3,0
2024-06-20 21:00:00,0.0,276.87,10830.04,33.58,54.6,2.31,21,3,0
2024-06-20 22:00:00,0.0,533.12,11044.9,33.54,56.4,4.64,22,3,0
2024-06-20 23:00:00,0.0,240.58,10774.77,36.28,54.2,2.36,23,3,0
2024-06-21 00:00:00,0.0,884.77,10549.57,32.62,65.3,5.22,0,4,0
2024-06-21 01:00:00,0.0,501.43,10844.29,34.76,70.7,3.99,1,4,0
2024-06-21 02:00:00,0.0,348.25,10310.1,31.71,59.0,2.6,2,4,0
2024-06-21 03:00:00,0.0,489.3,10305.93,31.22,62.1,3.73,3,4,0
2024-06-21 04:00:00,0.0,285.38,10139.42,31.78,61.2,2.4,4,4,0
2024-06-21 05:00:00,0.0,231.82,10054.57,31.4,59.6,2.84,5,4,0
2024-06-21 06:00:00,0.0,325.71,9929.05,29.27,56.8,2.56,6,4,0
2024-06-21 07:00:00,0.0,560.95,10025.99,28.63,55.0,3.63,7,4,0
2024-06-21 08:00:00,0.0,424.36,10255.1,28.93,53.8,3.59,8,4,0
2024-06-21 09:00:00,0.0,151.1,10197.22,29.51,58.7,1.63,9,4,0
2024-06-21 10:00:00,1463.53,433.29,10120.07,30.47,53.8,2.98,10,4,0
2024-06-21 11:00:00,2763.74,244.74,10002.11,29.88,44.2,2.52,11,4,0
2024-06-21 12:00:00,2867.54,152.02,10270.72,31.24,55.1,1.27,12,4,0
2024-06-21 13:00:00,2495.48,171.22,10479.1,33.19,52.1,2.05,13,4,0
2024-06-21 14:00:00,1716.37,496.19,10298.23,32.45,56.9,4.71,14,4,0
2024-06-21 15:00:00,0.0,332.41,10270.69,33.15,52.5,3.39,15,4,0
2024-06-21 16:00:00,0.0,548.06,10267.92,31.67,44.9,4.16,16,4,0
2024-06-21 17:00:00,0.0,419.0,9949.86,30.96,42.1,3.43,17,4,0
2024-06-21 18:00:00,0.0,422.18,11329.09,35.06,48.6,3.38,18,4,0
2024-06-21 19:00:00,0.0,525.79,11207.75,34.78,49.8,3.99,19,4,0
2024-06-21 20:00:00,0.0,476.27,11195.01,34.38,57.1,3.86,20,4,0
2024-06-21 21:00:00,0.0,387.19,11079.6,35.19,54.5,2.91,21,4,0
2024-06-21 22:00:00,0.0,477.51,11154.25,34.52,60.4,3.27,22,4,0
2024-06-21 23:00:00,0.0,525.75,10647.23,35.47,51.8,4.54,23,4,0
2024-06-22 00:00:00,0.0,330.95,9510.29,33.6,62.3,3.54,0,5,1
2024-06-22 01:00:00,0.0,423.4,9175.37,31.87,62.3,3.66,1,5,1
2024-06-22 02:00:00,0.0,309.88,9434.51,33.18,52.2,3.58,2,5,1
2024-06-22 03:00:00,0.0,486.95,9026.02,30.96,66.0,3.38,3,5,1
2024-06-22 04:00:00,0.0,394.03,9191.62,31.13,61.3,3.79,4,5,1
2024-06-22 05:00:00,0.0,206.22,8804.87,29.3,62.3,1.76,5,5,1
2024-06-22 06:00:00,0.0,251.2,9134.33,28.62,56.8,2.88,6,5,1
2024-06-22 07:00:00,0.0,333.51,9295.05,29.2,64.5,2.87,7,5,1
2024-06-22 08:00:00,0.0,244.59,9254.82,29.01,53.7,2.96,8,5,1
2024-06-22 09:00:00,0.0,164.29,9410.51,29.67,60.5,1.0,9,5,1
2024-06-22 10:00:00,1330.95,332.02,8820.06,29.07,59.2,2.37,10,5,1
2024-06-22 11:00:00,2786.86,389.64,8760.31,27.67,50.7,3.64,11,5,1
2024-06-22 12:00:00,2675.92,222.7,9142.31,29.97,61.3,2.35,12,5,1
2024-06-22 13:00:00,2425.65,333.41,9348.75,32.17,53.3,3.02,13,5,1
2024-06-22 14:00:00,1365.37,445.84,9182.6,31.64,54.2,3.5,14,5,1
2024-06-22 15:00:00,0.0,208.49,9441.35,32.47,45.0,2.31,15,5,1
2024-06-22 16:00:00,0.0,796.04,9651.85,34.68,59.4,4.86,16,5,1
2024-06-22 17:00:00,0.0,418.29,9514.31,33.26,46.2,4.03,17,5,1
2024-06-22 18:00:00,0.0,391.51,9897.13,32.74,55.7,4.26,18,5,1
2024-06-22 19:00:00,0.0,301.75,9992.03,34.7,48.4,2.67,19,5,1
2024-06-22 20:00:00,0.0,502.73,10031.64,34.41,50.9,4.74,20,5,1
2024-06-22 21:00:00,0.0,679.03,9740.37,33.73,57.8,4.54,21,5,1
2024-06-22 22:00:00,0.0,640.13,9976.02,34.38,60.0,5.4,22,5,1
2024-06-22 23:00:00,0.0,543.87,9588.36,34.7,52.1,3.75,23,5,1
2024-06-23 00:00:00,0.0,346.29,9553.93,33.48,62.8,3.08,0,6,1
2024-06-23 01:00:00,0.0,372.15,9500.28,33.13,63.7,3.12,1,6,1
2024-06-23 02:00:00,0.0,280.53,9465.99,34.16,56.6,3.02,2,6,1
2024-06-23 03:00:00,0.0,198.68,9080.3,30.8,67.2,2.27,3,6,1
2024-06-23 04:00:00,0.0,529.96,9332.32,30.82,55.1,3.94,4,6,1
2024-06-23 05:00:00,0.0,389.43,8962.37,29.26,58.3,3.73,5,6,1
2024-06-23 06:00:00,0.0,237.03,8909.89,28.37,62.2,2.3,6,6,1
2024-06-23 07:00:00,0.0,219.25,9277.69,28.39,56.1,1.99,7,6,1
2024-06-23 08:00:00,0.0,106.22,9176.2,28.41,59.5,0.75,8,6,1
2024-06-23 09:00:00,0.0,356.61,9294.08,29.52,58.2,2.72,9,6,1
2024-06-23 10:00:00,1637.09,528.18,9296.1,32.21,55.2,3.52,10,6,1
2024-06-23 11:00:00,2946.29,194.97,8908.05,29.01,58.0,1.79,11,6,1
2024-06-23 12:00:00,3413.98,326.18,9098.01,29.99,52.6,2.37,12,6,1
2024-06-23 13:00:00,3008.48,419.64,8993.26,31.14,53.4,3.01,13,6,1
2024-06-23 14:00:00,1346.47,448.37,9319.11,32.46,56.2,4.29,14,6,1
2024-06-23 15:00:00,0.0,314.73,9497.95,33.08,54.3,3.33,15,6,1
2024-06-23 16:00:00,0.0,423.83,9706.26,35.03,54.1,3.58,16,6,1
2024-06-23 17:00:00,0.0,475.9,9388.13,31.2,46.6,3.81,17,6,1
2024-06-23 18:00:00,0.0,276.57,9834.57,31.72,53.7,2.73,18,6,1
2024-06-23 19:00:00,0.0,287.79,10076.05,34.29,48.9,2.87,19,6,1
2024-06-23 20:00:00,0.0,398.09,10259.64,36.3,48.4,3.49,20,6,1
2024-06-23 21:00:00,0.0,780.23,9826.36,33.01,54.4,4.98,21,6,1
2024-06-23 22:00:00,0.0,360.84,9710.11,30.98,52.4,3.86,22,6,1
2024-06-23 23:00:00,0.0,488.35,9666.88,34.79,60.4,3.61,23,6,1
2024-06-24 00:00:00,0.0,514.82,10468.11,33.77,61.8,3.47,0,0,0
2024-06-24 01:00:00,0.0,498.03,10116.65,31.45,52.0,3.59,1,0,0
2024-06-24 02:00:00,0.0,545.95,10132.43,30.8,57.1,4.82,2,0,0
2024-06-24 03:00:00,0.0,266.91,10181.76,30.04,55.1,3.08,3,0,0
2024-06-24 04:00:00,0.0,253.74,10128.08,30.61,59.2,2.31,4,0,0
2024-06-24 05:00:00,0.0,385.37,9929.27,29.11,62.7,2.72,5,0,0
2024-06-24 06:00:00,0.0,573.6,10085.0,29.97,59.4,3.89,6,0,0
2024-06-24 07:00:00,0.0,224.1,10158.76,25.66,57.2,1.93,7,0,0
2024-06-24 08:00:00,0.0,128.03,10130.87,27.95,63.8,1.29,8,0,0
2024-06-24 09:00:00,0.0,229.67,10095.95,27.73,48.1,1.8,9,0,0
2024-06-24 10:00:00,1809.81,304.78,9859.84,29.07,61.0,2.33,10,0,0
2024-06-24 11:00:00,3036.5,407.82,10059.04,29.21,52.6,2.88,11,0,0
2024-06-24 12:00:00,3575.3,410.37,10168.2,31.44,53.2,3.3,12,0,0
2024-06-24 13:00:00,2415.66,211.31,10096.9,28.97,50.4,1.86,13,0,0
2024-06-24 14:00:00,1492.78,258.1,10312.3,32.03,57.9,2.18,14,0,0
2024-06-24 15:00:00,0.0,419.63,10476.5,33.43,46.3,2.94,15,0,0
2024-06-24 16:00:00,0.0,540.83,10848.66,35.71,51.1,4.0,16,0,0
2024-06-24 17:00:00,0.0,257.23,10403.14,33.52,53.3,2.69,17,0,0
2024-06-24 18:00:00,0.0,435.97,11237.08,34.97,45.3,3.42,18,0,0
2024-06-24 19:00:00,0.0,527.52,10897.29,32.71,48.8,3.59,19,0,0
2024-06-24 20:00:00,0.0,715.65,10857.17,32.11,53.0,4.92,20,0,0
2024-06-24 21:00:00,0.0,625.63,11202.11,35.89,51.2,4.62,21,0,0
2024-06-24 22:00:00,0.0,775.62,11034.66,34.57,52.8,4.89,22,0,0
2024-06-24 23:00:00,0.0,804.37,10513.62,35.52,56.0,5.13,23,0,0
2024-06-25 00:00:00,0.0,331.18,10212.45,31.82,61.2,3.69,0,1,0
2024-06-25 01:00:00,0.0,352.81,10401.46,33.37,58.3,2.78,1,1,0
2024-06-25 02:00:00,0.0,266.28,10488.38,34.21,64.8,2.54,2,1,0
2024-06-25 03:00:00,0.0,252.38,10238.34,31.7,57.0,1.76,3,1,0
2024-06-25 04:00:00,0.0,368.85,10146.51,30.8,56.1,2.6,4,1,0
2024-06-25 05:00:00,0.0,259.48,10080.33,29.86,68.7,2.42,5,1,0
2024-06-25 06:00:00,0.0,462.53,9853.89,27.49,57.8,3.15,6,1,0
2024-06-25 07:00:00,0.0,233.73,10519.26,30.7,54.4,2.38,7,1,0
2024-06-25 08:00:00,0.0,233.07,10214.32,28.24,51.7,1.87,8,1,0
2024-06-25 09:00:00,0.0,177.78,10345.72,29.68,61.7,2.14,9,1,0
2024-06-25 10:00:00,1613.35,136.66,9792.63,27.5,54.8,1.43,10,1,0
2024-06-25 11:00:00,2960.07,445.64,9951.67,28.43,53.8,3.18,11,1,0
2024-06-25 12:00:00,2740.65,261.52,10397.13,32.19,53.0,1.89,12,1,0
2024-06-25 13:00:00,3143.35,209.78,9958.44,30.78,56.7,1.82,13,1,0
2024-06-25 14:00:00,1658.25,395.08,10484.73,33.71,51.1,3.62,14,1,0
2024-06-25 15:00:00,0.0,435.1,10155.49,32.65,60.7,3.69,15,1,0
2024-06-25 16:00:00,0.0,284.8,9978.0,31.26,51.7,2.11,16,1,0
2024-06-25 17:00:00,0.0,482.85,10627.09,35.16,55.6,4.41,17,1,0
2024-06-25 18:00:00,0.0,343.93,11013.0,33.86,55.0,3.34,18,1,0
2024-06-25 19:00:00,0.0,545.43,11210.56,35.71,52.5,3.8,19,1,0
2024-06-25 20:00:00,0.0,713.2,10958.87,35.0,51.3,4.34,20,1,0
2024-06-25 21:00:00,0.0,487.81,11015.53,33.02,56.2,4.7,21,1,0
2024-06-25 22:00:00,0.0,719.2,11058.19,34.77,58.2,4.55,22,1,0
2024-06-25 23:00:00,0.0,555.87,10944.71,36.73,55.2,4.05,23,1,0
2024-06-26 00:00:00,0.0,368.52,10466.77,34.05,59.4,3.63,0,2,0
2024-06-26 01:00:00,0.0,597.83,10314.7,32.67,64.7,4.09,1,2,0
2024-06-26 02:00:00,0.0,457.76,10499.54,33.25,68.9,3.42,2,2,0
2024-06-26 03:00:00,0.0,506.33,10177.54,31.44,64.5,4.7,3,2,0
2024-06-26 04:00:00,0.0,412.16,10147.92,30.71,68.7,3.47,4,2,0
2024-06-26 05:00:00,0.0,259.05,9886.06,28.53,58.6,2.02,5,2,0
2024-06-26 06:00:00,0.0,196.57,9821.38,29.64,63.4,2.17,6,2,0
2024-06-26 07:00:00,0.0,262.81,10448.13,30.3,65.1,2.43,7,2,0
2024-06-26 08:00:00,0.0,302.67,9988.49,27.96,55.2,3.33,8,2,0
2024-06-26 09:00:00,0.0,353.59,10316.69,30.77,55.6,3.39,9,2,0
2024-06-26 10:00:00,1474.26,184.29,9856.31,29.25,63.2,1.98,10,2,0
2024-06-26 11:00:00,3122.27,191.34,9980.76,28.77,51.1,1.65,11,2,0
2024-06-26 12:00:00,3168.99,153.92,10055.12,31.66,48.4,1.7,12,2,0
2024-06-26 13:00:00,3274.5,312.53,10221.96,30.84,58.8,2.96,13,2,0
2024-06-26 14:00:00,1341.72,582.43,10440.37,32.87,56.7,4.84,14,2,0
2024-06-26 15:00:00,0.0,512.85,10348.06,32.39,53.1,3.69,15,2,0
2024-06-26 16:00:00,0.0,276.64,10494.74,33.39,51.1,2.24,16,2,0
2024-06-26 17:00:00,0.0,279.52,10591.61,34.67,49.7,3.18,17,2,0
2024-06-26 18:00:00,0.0,521.41,11242.53,34.91,53.0,3.47,18,2,0
2024-06-26 19:00:00,0.0,470.86,10800.77,32.46,59.0,3.47,19,2,0
2024-06-26 20:00:00,0.0,521.66,10801.88,33.61,54.7,3.92,20,2,0
2024-06-26 21:00:00,0.0,604.19,11284.95,35.97,63.6,4.56,21,2,0
2024-06-26 22:00:00,0.0,531.89,11192.56,34.4,52.7,4.77,22,2,0
2024-06-26 23:00:00,0.0,897.87,10531.74,33.45,57.5,5.0,23,2,0
2024-06-27 00:00:00,0.0,414.76,10485.05,31.82,57.4,4.42,0,3,0
2024-06-27 01:00:00,0.0,274.4,10187.8,31.43,55.5,2.23,1,3,0
2024-06-27 02:00:00,0.0,303.86,9958.23,29.52,60.1,2.71,2,3,0
2024-06-27 03:00:00,0.0,452.04,10142.3,31.05,62.9,3.17,3,3,0
2024-06-27 04:00:00,0.0,337.11,9910.82,29.73,63.5,3.15,4,3,0
2024-06-27 05:00:00,0.0,417.75,9813.64,28.67,69.9,3.48,5,3,0
2024-06-27 06:00:00,0.0,332.83,9821.35,29.27,62.5,2.62,6,3,0
2024-06-27 07:00:00,0.0,200.59,10013.47,29.49,64.5,2.47,7,3,0
2024-06-27 08:00:00,0.0,206.04,10467.33,31.46,59.1,2.52,8,3,0
2024-06-27 09:00:00,0.0,192.57,10103.82,27.23,64.4,2.09,9,3,0
2024-06-27 10:00:00,1483.58,210.09,10206.93,30.74,65.9,2.4,10,3,0
2024-06-27 11:00:00,3238.53,276.48,10093.66,30.99,57.2,3.33,11,3,0
2024-06-27 12:00:00,3267.45,299.42,9908.57,29.51,49.9,2.52,12,3,0
2024-06-27 13:00:00,2484.34,364.23,10339.33,31.41,50.6,2.77,13,3,0
2024-06-27 14:00:00,1491.15,434.64,10054.66,31.4,53.2,3.01,14,3,0
2024-06-27 15:00:00,0.0,546.17,10390.11,32.95,53.4,4.33,15,3,0
2024-06-27 16:00:00,0.0,258.95,10815.63,35.26,54.1,2.67,16,3,0
2024-06-27 17:00:00,0.0,913.83,10556.53,34.79,53.4,5.21,17,3,0
2024-06-27 18:00:00,0.0,420.4,11008.14,35.16,52.1,3.06,18,3,0
2024-06-27 19:00:00,0.0,471.83,11292.4,34.33,50.3,3.64,19,3,0
2024-06-27 20:00:00,0.0,583.5,11037.34,33.17,55.5,4.85,20,3,0
2024-06-27 21:00:00,0.0,908.59,11219.98,34.59,62.5,5.12,21,3,0
2024-06-27 22:00:00,0.0,292.78,11286.02,35.99,60.4,3.14,22,3,0
2024-06-27 23:00:00,0.0,279.4,10397.12,32.24,59.8,3.28,23,3,0
2024-06-28 00:00:00,0.0,646.18,10012.57,32.17,63.1,4.25,0,4,0
2024-06-28 01:00:00,0.0,897.4,10345.88,32.86,58.5,5.7,1,4,0
2024-06-28 02:00:00,0.0,524.43,10246.21,30.75,58.8,4.58,2,4,0
2024-06-28 03:00:00,0.0,395.79,9895.69,30.2,58.3,3.13,3,4,0
2024-06-28 04:00:00,0.0,174.24,9987.91,29.92,61.0,1.13,4,4,0
2024-06-28 05:00:00,0.0,392.15,9845.78,28.17,59.6,2.89,5,4,0
2024-06-28 06:00:00,0.0,286.63,9713.31,28.17,65.6,2.91,6,4,0
2024-06-28 07:00:00,0.0,171.63,10338.77,29.88,58.1,2.15,7,4,0
2024-06-28 08:00:00,0.0,194.5,10147.28,27.36,55.8,1.68,8,4,0
2024-06-28 09:00:00,0.0,327.77,10137.24,27.12,65.5,2.45,9,4,0
2024-06-28 10:00:00,1771.94,155.17,9810.99,28.58,54.7,1.61,10,4,0
2024-06-28 11:00:00,2432.27,472.61,10025.45,30.69,55.8,3.96,11,4,0
2024-06-28 12:00:00,3770.13,404.62,10110.74,30.2,55.8,3.83,12,4,0
2024-06-28 13:00:00,2872.87,280.27,10154.3,30.6,48.4,3.35,13,4,0
2024-06-28 14:00:00,1715.23,445.74,10323.54,31.99,57.1,3.14,14,4,0
2024-06-28 15:00:00,0.0,246.69,10128.6,30.61,54.2,2.8,15,4,0
2024-06-28 16:00:00,0.0,495.03,10586.6,34.03,57.7,3.57,16,4,0
2024-06-28 17:00:00,0.0,670.51,10711.5,34.51,48.9,5.14,17,4,0
2024-06-28 18:00:00,0.0,563.02,11088.23,34.04,52.5,4.73,18,4,0
2024-06-28 19:00:00,0.0,717.62,11314.77,36.04,53.1,4.35,19,4,0
2024-06-28 20:00:00,0.0,778.5,10929.86,33.58,55.0,5.03,20,4,0
2024-06-28 21:00:00,0.0,726.01,11486.99,36.18,49.4,4.76,21,4,0
2024-06-28 22:00:00,0.0,717.65,11001.96,34.72,56.9,4.61,22,4,0
2024-06-28 23:00:00,0.0,635.96,10473.57,33.65,52.1,4.98,23,4,0
2024-06-29 00:00:00,0.0,618.18,9407.37,33.39,60.5,4.48,0,5,1
2024-06-29 01:00:00,0.0,525.92,9154.59,32.56,51.6,4.54,1,5,1
2024-06-29 02:00:00,0.0,548.5,9509.78,33.38,53.5,3.75,2,5,1
2024-06-29 03:00:00,0.0,383.73,9040.51,29.85,64.7,3.15,3,5,1
2024-06-29 04:00:00,0.0,251.54,9028.83,29.5,59.4,2.66,4,5,1
2024-06-29 05:00:00,0.0,316.55,9179.1,31.04,57.5,2.32,5,5,1
2024-06-29 06:00:00,0.0,176.08,9012.79,28.6,66.0,1.37,6,5,1
2024-06-29 07:00:00,0.0,199.82,9484.18,30.1,61.4,1.76,7,5,1
2024-06-29 08:00:00,0.0,137.91,9344.29,30.96,62.6,1.64,8,5,1
2024-06-29 09:00:00,0.0,270.61,9412.4,28.54,57.2,1.95,9,5,1
2024-06-29 10:00:00,1818.19,556.49,9069.14,30.14,67.3,3.64,10,5,1
2024-06-29 11:00:00,2557.3,271.51,8971.25,28.41,52.9,2.37,11,5,1
2024-06-29 12:00:00,3619.85,308.59,9254.12,31.32,61.1,2.84,12,5,1
2024-06-29 13:00:00,3289.55,323.32,9252.01,31.38,52.8,3.08,13,5,1
2024-06-29 14:00:00,1427.9,495.48,9431.54,32.48,45.6,4.37,14,5,1
2024-06-29 15:00:00,0.0,341.77,9459.08,31.92,53.7,2.9,15,5,1
2024-06-29 16:00:00,0.0,317.82,9337.13,31.42,52.8,3.44,16,5,1
2024-06-29 17:00:00,0.0,575.64,9581.76,34.64,47.6,3.77,17,5,1
2024-06-29 18:00:00,0.0,566.1,9760.45,32.04,48.6,4.97,18,5,1
2024-06-29 19:00:00,0.0,884.67,9975.4,34.43,53.0,5.3,19,5,1
2024-06-29 20:00:00,0.0,568.53,10313.52,36.05,55.5,4.7,20,5,1
2024-06-29 21:00:00,0.0,656.08,10183.35,35.04,45.4,5.34,21,5,1
2024-06-29 22:00:00,0.0,614.06,10277.85,36.85,60.8,4.47,22,5,1
2024-06-29 23:00:00,0.0,600.68,9841.96,35.27,55.9,4.09,23,5,1
2024-06-30 00:00:00,0.0,810.15,9508.4,32.61,53.9,5.04,0,6,1
2024-06-30 01:00:00,0.0,468.94,9609.76,32.71,64.0,4.28,1,6,1
2024-06-30 02:00:00,0.0,314.73,9196.98,31.84,60.9,3.06,2,6,1
2024-06-30 03:00:00,0.0,655.46,8981.06,29.22,66.4,4.19,3,6,1
2024-06-30 04:00:00,0.0,379.66,8975.2,29.27,63.5,2.96,4,6,1
2024-06-30 05:00:00,0.0,329.13,9291.85,29.1,61.5,2.63,5,6,1
2024-06-30 06:00:00,0.0,346.05,8855.18,26.86,60.4,3.4,6,6,1
2024-06-30 07:00:00,0.0,317.55,9411.66,29.06,62.2,2.45,7,6,1
2024-06-30 08:00:00,0.0,280.85,9331.57,28.6,57.6,2.74,8,6,1
2024-06-30 09:00:00,0.0,310.97,9128.93,26.99,54.6,2.92,9,6,1
2024-06-30 10:00:00,1368.73,178.52,9063.58,29.78,59.2,1.8,10,6,1
2024-06-30 11:00:00,2833.11,247.23,9217.69,30.64,54.8,2.83,11,6,1
2024-06-30 12:00:00,3203.57,438.5,9309.32,30.67,54.3,3.76,12,6,1
2024-06-30 13:00:00,2774.69,168.2,9144.58,30.73,57.5,2.12,13,6,1
2024-06-30 14:00:00,1476.33,404.07,9318.51,32.61,51.9,3.49,14,6,1
2024-06-30 15:00:00,0.0,345.46,9591.73,33.49,51.9,2.73,15,6,1
2024-06-30 16:00:00,0.0,754.79,9374.16,33.77,49.3,4.47,16,6,1
2024-06-30 17:00:00,0.0,482.41,9457.75,33.03,53.6,4.7,17,6,1
2024-06-30 18:00:00,0.0,408.46,10215.84,34.83,53.8,3.81,18,6,1
2024-06-30 19:00:00,0.0,936.43,10299.85,36.23,56.8,6.02,19,6,1
2024-06-30 20:00:00,0.0,612.21,9946.48,34.18,51.9,5.24,20,6,1
2024-06-30 21:00:00,0.0,540.08,10251.19,37.31,53.6,4.96,21,6,1
2024-06-30 22:00:00,0.0,660.77,10120.49,33.86,59.9,4.88,22,6,1
2024-06-30 23:00:00,0.0,748.76,9523.76,34.06,59.0,5.04,23,6,1
2024-07-01 00:00:00,0.0,462.96,10253.65,32.57,55.7,3.33,0,0,0
2024-07-01 01:00:00,0.0,669.38,10542.58,32.92,65.6,4.08,1,0,0
2024-07-01 02:00:00,0.0,581.93,10107.66,29.79,54.4,3.99,2,0,0
2024-07-01 03:00:00,0.0,297.06,9968.49,30.45,64.8,3.1,3,0,0
2024-07-01 04:00:00,0.0,484.66,10222.54,29.07,56.8,3.54,4,0,0
2024-07-01 05:00:00,0.0,497.18,9963.06,29.92,69.2,3.91,5,0,0
2024-07-01 06:00:00,0.0,255.38,10191.31,30.47,55.0,2.38,6,0,0
2024-07-01 07:00:00,0.0,349.29,10561.15,29.76,65.0,2.51,7,0,0
2024-07-01 08:00:00,0.0,228.26,10207.59,26.03,59.0,1.8,8,0,0
2024-07-01 09:00:00,0.0,156.29,10564.28,31.43,56.7,0.99,9,0,0
2024-07-01 10:00:00,1610.41,251.21,9819.51,29.63,57.6,3.08,10,0,0
2024-07-01 11:00:00,3089.22,342.07,10134.24,28.82,58.1,2.54,11,0,0
2024-07-01 12:00:00,3058.05,360.72,10213.64,30.57,50.7,2.75,12,0,0
2024-07-01 13:00:00,3280.33,208.08,10033.28,31.31,50.0,2.13,13,0,0
2024-07-01 14:00:00,1627.4,301.88,10359.44,31.08,55.1,3.02,14,0,0
2024-07-01 15:00:00,0.0,412.87,10409.48,32.89,45.2,4.3,15,0,0
2024-07-01 16:00:00,0.0,328.39,10338.58,32.65,49.5,3.68,16,0,0
2024-07-01 17:00:00,0.0,542.75,10411.61,33.51,64.2,3.95,17,0,0
2024-07-01 18:00:00,0.0,456.59,11022.44,33.65,48.6,4.3,18,0,0
2024-07-01 19:00:00,0.0,480.89,11024.52,33.06,57.9,3.3,19,0,0
2024-07-01 20:00:00,0.0,819.36,11118.94,35.05,52.0,4.89,20,0,0
2024-07-01 21:00:00,0.0,367.76,11247.79,35.48,57.6,3.42,21,0,0
2024-07-01 22:00:00,0.0,408.54,11589.01,35.09,59.5,3.64,22,0,0
2024-07-01 23:00:00,0.0,366.92,10722.56,34.98,62.7,3.45,23,0,0
2024-07-02 00:00:00,0.0,385.14,10626.41,33.75,58.7,4.02,0,1,0
2024-07-02 01:00:00,0.0,322.06,10173.75,31.99,68.5,3.67,1,1,0
2024-07-02 02:00:00,0.0,438.71,10235.47,32.86,59.0,3.71,2,1,0
2024-07-02 03:00:00,0.0,384.59,10144.44,29.45,62.8,2.73,3,1,0
2024-07-02 04:00:00,0.0,626.36,10088.77,29.28,63.0,4.0,4,1,0
2024-07-02 05:00:00,0.0,515.69,10064.74,28.58,57.3,3.62,5,1,0
2024-07-02 06:00:00,0.0,312.02,10097.75,30.55,60.2,2.61,6,1,0
2024-07-02 07:00:00,0.0,295.57,10514.86,30.09,61.2,2.21,7,1,0
2024-07-02 08:00:00,0.0,227.87,9975.93,29.44,57.8,2.03,8,1,0
2024-07-02 09:00:00,0.0,198.39,10448.19,30.24,68.0,2.21,9,1,0
2024-07-02 10:00:00,1936.35,186.3,9935.16,28.2,53.6,1.37,10,1,0
2024-07-02 11:00:00,2437.44,256.77,9974.3,30.15,60.4,1.82,11,1,0
2024-07-02 12:00:00,3711.01,291.86,10191.16,30.21,57.9,3.44,12,1,0
2024-07-02 13:00:00,2869.52,315.83,10281.03,32.1,53.4,3.2,13,1,0
2024-07-02 14:00:00,1371.63,517.16,10245.16,31.72,49.2,4.5,14,1,0
2024-07-02 15:00:00,0.0,284.94,10280.39,32.17,49.1,3.22,15,1,0
2024-07-02 16:00:00,0.0,339.8,10733.02,34.01,49.9,3.43,16,1,0
2024-07-02 17:00:00,0.0,407.99,10617.26,35.03,45.0,3.63,17,1,0
2024-07-02 18:00:00,0.0,612.43,10932.7,33.65,48.6,3.91,18,1,0
2024-07-02 19:00:00,0.0,563.86,11028.81,34.68,47.5,3.79,19,1,0
2024-07-02 20:00:00,0.0,793.78,10950.11,33.59,59.9,4.64,20,1,0
2024-07-02 21:00:00,0.0,462.87,10787.16,31.76,58.2,4.48,21,1,0
2024-07-02 22:00:00,0.0,364.63,11209.57,34.69,60.1,4.01,22,1,0
2024-07-02 23:00:00,0.0,599.13,10541.07,34.71,60.6,5.32,23,1,0
2024-07-03 00:00:00,0.0,1078.7,10542.65,33.65,60.3,5.71,0,2,0
2024-07-03 01:00:00,0.0,549.79,10145.46,30.27,66.5,4.92,1,2,0
2024-07-03 02:00:00,0.0,561.62,10103.73,31.41,59.0,4.19,2,2,0
2024-07-03 03:00:00,0.0,437.94,9842.72,28.39,62.4,4.1,3,2,0
2024-07-03 04:00:00,0.0,463.56,10277.3,31.98,65.1,4.72,4,2,0
2024-07-03 05:00:00,0.0,327.09,9846.52,28.41,56.7,3.6,5,2,0
2024-07-03 06:00:00,0.0,286.67,10067.64,30.74,73.9,2.31,6,2,0
2024-07-03 07:00:00,0.0,270.66,10345.56,30.07,60.8,2.94,7,2,0
2024-07-03 08:00:00,0.0,289.13,10104.73,27.75,60.2,3.02,8,2,0
2024-07-03 09:00:00,0.0,180.2,10324.69,27.58,63.5,1.69,9,2,0
2024-07-03 10:00:00,1806.84,277.58,10000.53,29.66,60.8,2.3,10,2,0
2024-07-03 11:00:00,2999.91,408.95,10034.81,28.7,56.0,3.5,11,2,0
2024-07-03 12:00:00,3550.08,207.28,10265.65,30.46,55.2,1.32,12,2,0
2024-07-03 13:00:00,3265.62,213.34,9940.2,30.48,47.6,1.99,13,2,0
2024-07-03 14:00:00,1890.23,291.24,9965.26,29.7,50.6,3.09,14,2,0
2024-07-03 15:00:00,0.0,471.6,10199.12,29.93,54.4,3.77,15,2,0
2024-07-03 16:00:00,0.0,287.69,10513.33,33.6,53.9,2.66,16,2,0
2024-07-03 17:00:00,0.0,564.53,10437.31,33.28,57.2,3.89,17,2,0
2024-07-03 18:00:00,0.0,920.06,11107.02,33.77,52.3,5.12,18,2,0
2024-07-03 19:00:00,0.0,696.83,11371.92,35.57,48.1,4.41,19,2,0
2024-07-03 20:00:00,0.0,703.57,11324.72,36.24,58.9,5.21,20,2,0
2024-07-03 21:00:00,0.0,422.01,11063.01,34.4,61.6,4.02,21,2,0
2024-07-03 22:00:00,0.0,583.06,10764.89,34.02,60.7,3.81,22,2,0
2024-07-03 23:00:00,0.0,664.79,10616.95,34.55,57.8,5.03,23,2,0
2024-07-04 00:00:00,0.0,702.4,10203.94,31.68,64.0,4.53,0,3,0
2024-07-04 01:00:00,0.0,452.08,10276.32,32.85,74.6,3.07,1,3,0
2024-07-04 02:00:00,0.0,377.54,10324.58,32.47,62.1,3.14,2,3,0
2024-07-04 03:00:00,0.0,648.45,10221.01,31.85,56.9,4.77,3,3,0
2024-07-04 04:00:00,0.0,312.04,9806.3,27.98,60.0,2.52,4,3,0
2024-07-04 05:00:00,0.0,378.64,9849.54,28.77,64.6,3.77,5,3,0
2024-07-04 06:00:00,0.0,266.84,9859.8,28.16,55.2,2.43,6,3,0
2024-07-04 07:00:00,0.0,262.44,10251.65,29.03,61.5,2.65,7,3,0
2024-07-04 08:00:00,0.0,251.03,10427.71,29.38,61.3,2.79,8,3,0
2024-07-04 09:00:00,0.0,140.25,10378.34,30.71,64.7,0.84,9,3,0
2024-07-04 10:00:00,1807.53,177.18,10077.7,28.62,62.5,1.39,10,3,0
2024-07-04 11:00:00,2605.17,351.96,10051.41,29.09,59.5,2.73,11,3,0
2024-07-04 12:00:00,3589.69,301.88,10429.35,31.69,46.1,2.24,12,3,0
2024-07-04 13:00:00,2408.07,393.13,10243.47,31.39,57.4,3.82,13,3,0
2024-07-04 14:00:00,1456.77,257.31,10423.82,33.33,55.8,1.98,14,3,0
2024-07-04 15:00:00,0.0,458.62,10342.63,32.93,53.5,3.97,15,3,0
2024-07-04 16:00:00,0.0,321.39,10490.21,31.92,45.4,2.68,16,3,0
2024-07-04 17:00:00,0.0,550.65,10463.18,32.33,49.4,3.74,17,3,0
2024-07-04 18:00:00,0.0,340.36,10741.07,32.54,48.3,3.38,18,3,0
2024-07-04 19:00:00,0.0,968.25,11352.31,35.5,45.7,5.91,19,3,0
2024-07-04 20:00:00,0.0,398.97,11227.94,36.23,54.8,3.42,20,3,0
2024-07-04 21:00:00,0.0,685.89,11452.83,36.92,52.8,4.43,21,3,0
2024-07-04 22:00:00,0.0,398.14,11324.03,35.42,67.8,3.11,22,3,0
2024-07-04 23:00:00,0.0,994.13,10883.28,35.32,57.9,5.67,23,3,0
2024-07-05 00:00:00,0.0,539.47,10391.59,32.58,65.1,4.58,0,4,0
2024-07-05 01:00:00,0.0,599.06,10169.34,31.17,54.7,4.17,1,4,0
2024-07-05 02:00:00,0.0,747.61,10396.1,32.8,59.7,4.99,2,4,0
2024-07-05 03:00:00,0.0,433.28,10356.28,31.51,62.7,3.67,3,4,0
2024-07-05 04:00:00,0.0,382.16,10184.27,30.41,58.8,3.47,4,4,0
2024-07-05 05:00:00,0.0,327.96,10051.16,30.12,60.6,3.16,5,4,0
2024-07-05 06:00:00,0.0,273.94,9760.22,29.57,60.9,3.3,6,4,0
2024-07-05 07:00:00,0.0,204.69,10113.78,30.42,60.1,2.3,7,4,0
2024-07-05 08:00:00,0.0,198.14,10421.62,30.33,67.4,2.42,8,4,0
2024-07-05 09:00:00,0.0,445.72,10153.29,29.54,60.3,3.2,9,4,0
2024-07-05 10:00:00,1585.51,382.25,9999.74,30.2,59.4,2.81,10,4,0
2024-07-05 11:00:00,2953.07,347.67,10046.05,30.28,58.3,2.6,11,4,0
2024-07-05 12:00:00,2816.76,234.72,10253.16,29.73,57.4,1.73,12,4,0
2024-07-05 13:00:00,3420.62,459.99,10293.34,31.91,53.6,4.25,13,4,0
2024-07-05 14:00:00,1879.7,308.73,10138.26,30.11,51.9,2.77,14,4,0
2024-07-05 15:00:00,0.0,706.49,10579.87,33.82,53.3,4.35,15,4,0
2024-07-05 16:00:00,0.0,571.34,9980.47,31.85,57.1,3.96,16,4,0
2024-07-05 17:00:00,0.0,243.14,10525.56,34.25,57.1,3.02,17,4,0
2024-07-05 18:00:00,0.0,747.94,10818.96,33.36,52.2,5.27,18,4,0
2024-07-05 19:00:00,0.0,446.33,11422.1,35.34,57.0,4.63,19,4,0
2024-07-05 20:00:00,0.0,731.18,10920.92,34.74,54.2,5.59,20,4,0
2024-07-05 21:00:00,0.0,559.77,10839.26,32.76,56.3,4.41,21,4,0
2024-07-05 22:00:00,0.0,893.65,11125.59,34.88,55.6,5.09,22,4,0
2024-07-05 23:00:00,0.0,373.64,10324.16,33.21,58.0,3.01,23,4,0
2024-07-06 00:00:00,0.0,445.54,9585.51,34.31,65.5,3.9,0,5,1
2024-07-06 01:00:00,0.0,349.08,9365.35,32.53,61.5,3.07,1,5,1
2024-07-06 02:00:00,0.0,503.87,9355.79,32.23,62.5,3.55,2,5,1
2024-07-06 03:00:00,0.0,438.8,9122.92,29.83,56.7,3.97,3,5,1
2024-07-06 04:00:00,0.0,342.42,9059.12,29.55,61.4,2.85,4,5,1
2024-07-06 05:00:00,0.0,398.69,9022.78,29.08,61.5,3.78,5,5,1
2024-07-06 06:00:00,0.0,240.44,9235.99,30.18,58.7,2.2,6,5,1
2024-07-06 07:00:00,0.0,291.92,9268.22,30.87,61.3,3.43,7,5,1
2024-07-06 08:00:00,0.0,536.74,9223.0,27.79,58.4,3.67,8,5,1
2024-07-06 09:00:00,0.0,294.09,9258.62,30.15,59.3,3.4,9,5,1
2024-07-06 10:00:00,1779.14,217.53,8776.91,26.55,58.1,2.35,10,5,1
2024-07-06 11:00:00,2989.32,129.15,8891.33,28.2,52.5,1.02,11,5,1
2024-07-06 12:00:00,2839.22,421.59,9028.76,29.1,53.5,3.35,12,5,1
2024-07-06 13:00:00,3196.25,383.72,9071.39,29.35,54.4,2.99,13,5,1
2024-07-06 14:00:00,1891.45,213.0,8951.49,29.85,58.0,2.55,14,5,1
2024-07-06 15:00:00,0.0,264.12,9622.02,33.02,53.8,3.14,15,5,1
2024-07-06 16:00:00,0.0,830.17,9373.86,33.0,50.0,5.0,16,5,1
2024-07-06 17:00:00,0.0,412.76,9489.29,34.33,54.4,3.18,17,5,1
2024-07-06 18:00:00,0.0,758.94,9975.89,35.18,60.1,4.67,18,5,1
2024-07-06 19:00:00,0.0,691.81,9940.12,34.97,57.8,4.63,19,5,1
2024-07-06 20:00:00,0.0,635.88,10001.58,35.54,57.3,4.27,20,5,1
2024-07-06 21:00:00,0.0,678.36,10096.7,34.57,59.2,5.11,21,5,1
2024-07-06 22:00:00,0.0,950.15,9944.52,32.93,63.4,5.86,22,5,1
2024-07-06 23:00:00,0.0,642.17,9564.26,35.14,63.2,4.22,23,5,1
2024-07-07 00:00:00,0.0,427.03,9232.25,32.52,62.6,4.14,0,6,1
2024-07-07 01:00:00,0.0,596.28,9213.92,31.38,65.6,4.62,1,6,1
2024-07-07 02:00:00,0.0,713.01,9265.81,31.51,57.8,4.62,2,6,1
2024-07-07 03:00:00,0.0,427.75,9096.46,29.85,56.6,3.52,3,6,1
2024-07-07 04:00:00,0.0,396.47,8934.37,29.72,63.4,3.12,4,6,1
2024-07-07 05:00:00,0.0,146.27,9063.08,30.01,62.9,1.35,5,6,1
2024-07-07 06:00:00,0.0,183.39,9217.62,29.54,60.0,2.29,6,6,1
2024-07-07 07:00:00,0.0,150.82,8995.63,27.75,64.7,1.85,7,6,1
2024-07-07 08:00:00,0.0,468.14,9151.46,28.14,52.9,3.21,8,6,1
2024-07-07 09:00:00,0.0,338.96,9439.54,30.11,57.0,2.43,9,6,1
2024-07-07 10:00:00,1594.05,223.06,8933.93,29.72,55.9,2.43,10,6,1
2024-07-07 11:00:00,2441.97,243.85,9393.62,32.09,50.0,2.75,11,6,1
2024-07-07 12:00:00,3069.18,175.86,9108.25,31.64,61.3,2.22,12,6,1
2024-07-07 13:00:00,3248.51,483.06,9422.62,32.32,48.8,4.37,13,6,1
2024-07-07 14:00:00,1543.25,523.26,9094.04,30.06,51.1,4.4,14,6,1
2024-07-07 15:00:00,0.0,583.71,9301.55,33.42,56.6,4.92,15,6,1
2024-07-07 16:00:00,0.0,688.23,9524.76,33.16,55.4,4.43,16,6,1
2024-07-07 17:00:00,0.0,598.03,9337.02,33.18,48.6,4.1,17,6,1
2024-07-07 18:00:00,0.0,637.83,10034.88,34.52,56.2,5.62,18,6,1
2024-07-07 19:00:00,0.0,549.07,10269.12,35.75,55.4,3.94,19,6,1
2024-07-07 20:00:00,0.0,488.81,10028.75,35.32,64.7,3.89,20,6,1
2024-07-07 21:00:00,0.0,414.59,9881.59,33.57,58.1,4.14,21,6,1
2024-07-07 22:00:00,0.0,807.99,10267.08,35.21,57.3,5.01,22,6,1
2024-07-07 23:00:00,0.0,364.0,9184.74,33.08,55.7,3.88,23,6,1
2024-07-08 00:00:00,0.0,444.12,10642.94,33.45,57.5,4.24,0,0,0
2024-07-08 01:00:00,0.0,257.72,10126.89,32.1,58.2,2.88,1,0,0
2024-07-08 02:00:00,0.0,704.55,10134.27,31.43,67.8,4.3,2,0,0
2024-07-08 03:00:00,0.0,301.3,10302.47,31.83,62.9,2.44,3,0,0
2024-07-08 04:00:00,0.0,279.61,9976.82,28.94,65.3,2.65,4,0,0
2024-07-08 05:00:00,0.0,627.09,10313.16,31.9,68.9,4.13,5,0,0
2024-07-08 06:00:00,0.0,402.26,9791.67,26.91,52.9,3.89,6,0,0
2024-07-08 07:00:00,0.0,443.6,10058.75,28.08,66.7,3.09,7,0,0
2024-07-08 08:00:00,0.0,366.86,10430.73,29.13,60.7,2.91,8,0,0
2024-07-08 09:00:00,0.0,255.13,10381.49,29.49,61.0,2.23,9,0,0
2024-07-08 10:00:00,1655.87,269.72,10049.29,28.97,54.7,2.07,10,0,0
2024-07-08 11:00:00,2487.63,300.43,9924.44,29.5,53.7,2.5,11,0,0
2024-07-08 12:00:00,3524.32,243.85,9844.29,30.68,57.5,1.74,12,0,0
2024-07-08 13:00:00,2946.27,470.56,10241.04,30.64,64.0,3.36,13,0,0
2024-07-08 14:00:00,1811.63,334.51,10504.13,33.36,57.7,3.44,14,0,0
2024-07-08 15:00:00,0.0,278.42,10497.16,33.47,58.2,2.91,15,0,0
2024-07-08 16:00:00,0.0,553.46,10504.16,34.24,52.2,5.17,16,0,0
2024-07-08 17:00:00,0.0,525.31,10330.13,32.65,50.8,4.64,17,0,0
2024-07-08 18:00:00,0.0,625.12,10998.05,34.19,50.6,4.92,18,0,0
2024-07-08 19:00:00,0.0,381.06,11080.4,34.23,52.5,4.13,19,0,0
2024-07-08 20:00:00,0.0,556.65,10844.2,33.48,47.3,4.62,20,0,0
2024-07-08 21:00:00,0.0,859.93,11266.03,35.02,53.8,5.16,21,0,0
2024-07-08 22:00:00,0.0,782.49,11245.04,33.64,55.8,4.75,22,0,0
2024-07-08 23:00:00,0.0,631.66,10545.88,34.6,58.6,5.8,23,0,0
2024-07-09 00:00:00,0.0,389.3,10082.49,31.87,61.2,4.24,0,1,0
2024-07-09 01:00:00,0.0,368.46,10592.76,34.5,63.2,3.79,1,1,0
2024-07-09 02:00:00,0.0,721.52,10148.91,30.58,62.5,4.46,2,1,0
2024-07-09 03:00:00,0.0,293.36,10236.03,31.14,60.7,2.68,3,1,0
2024-07-09 04:00:00,0.0,686.69,10370.16,31.11,55.4,4.17,4,1,0
2024-07-09 05:00:00,0.0,292.3,9991.0,28.85,60.7,2.15,5,1,0
2024-07-09 06:00:00,0.0,512.02,9830.69,30.08,58.6,3.5,6,1,0
2024-07-09 07:00:00,0.0,199.41,9952.68,27.28,63.6,2.31,7,1,0
2024-07-09 08:00:00,0.0,351.55,10452.08,30.4,64.3,3.11,8,1,0
2024-07-09 09:00:00,0.0,520.84,10144.78,28.78,63.3,3.42,9,1,0
2024-07-09 10:00:00,1900.03,254.5,10010.66,28.34,61.2,2.85,10,1,0
2024-07-09 11:00:00,2919.87,219.65,9822.22,29.18,56.4,1.87,11,1,0
2024-07-09 12:00:00,3516.11,227.83,10295.67,31.13,53.6,2.27,12,1,0
2024-07-09 13:00:00,2788.39,270.94,9982.76,30.18,51.7,2.61,13,1,0
2024-07-09 14:00:00,1512.57,264.64,10165.22,30.76,47.8,1.92,14,1,0
2024-07-09 15:00:00,0.0,650.39,10212.07,32.17,57.3,4.59,15,1,0
2024-07-09 16:00:00,0.0,587.99,10324.3,31.74,52.5,4.04,16,1,0
2024-07-09 17:00:00,0.0,420.85,10917.69,35.96,48.4,3.28,17,1,0
2024-07-09 18:00:00,0.0,846.77,11022.18,33.57,50.6,5.56,18,1,0
2024-07-09 19:00:00,0.0,589.22,11470.4,35.55,51.2,4.0,19,1,0
2024-07-09 20:00:00,0.0,862.56,11074.21,34.91,55.9,4.86,20,1,0
2024-07-09 21:00:00,0.0,648.08,10978.38,33.37,61.2,4.03,21,1,0
2024-07-09 22:00:00,0.0,405.79,11179.0,34.25,56.8,3.04,22,1,0
2024-07-09 23:00:00,0.0,408.55,10518.75,34.72,50.5,3.47,23,1,0
2024-07-10 00:00:00,0.0,413.67,10410.87,32.9,60.2,4.07,0,2,0
2024-07-10 01:00:00,0.0,507.21,10600.26,33.83,61.3,4.94,1,2,0
2024-07-10 02:00:00,0.0,464.9,10508.6,32.85,61.8,4.26,2,2,0
2024-07-10 03:00:00,0.0,429.51,10420.72,31.95,60.7,3.84,3,2,0
2024-07-10 04:00:00,0.0,163.91,9879.53,29.57,64.3,1.86,4,2,0
2024-07-10 05:00:00,0.0,459.48,9845.79,28.2,63.5,4.24,5,2,0
2024-07-10 06:00:00,0.0,279.3,9664.75,28.29,62.6,3.2,6,2,0
2024-07-10 07:00:00,0.0,313.24,10135.04,28.96,63.6,2.76,7,2,0
2024-07-10 08:00:00,0.0,346.88,10241.39,29.28,59.2,3.67,8,2,0
2024-07-10 09:00:00,0.0,517.85,10238.28,26.12,57.8,3.72,9,2,0
2024-07-10 10:00:00,1718.6,402.37,9976.61,29.01,63.9,3.68,10,2,0
2024-07-10 11:00:00,3307.92,326.24,10003.75,29.69,59.4,2.66,11,2,0
2024-07-10 12:00:00,3610.93,300.65,10065.38,29.79,59.2,2.22,12,2,0
2024-07-10 13:00:00,2574.56,383.24,10401.68,32.39,59.8,4.02,13,2,0
2024-07-10 14:00:00,1963.7,337.19,10350.66,32.13,56.2,2.37,14,2,0
2024-07-10 15:00:00,0.0,834.15,10469.21,33.97,57.3,5.28,15,2,0
2024-07-10 16:00:00,0.0,372.15,10283.56,32.86,47.1,4.01,16,2,0
2024-07-10 17:00:00,0.0,353.88,10624.83,34.87,54.4,3.38,17,2,0
2024-07-10 18:00:00,0.0,501.21,11225.42,36.18,53.4,3.45,18,2,0
2024-07-10 19:00:00,0.0,452.11,11383.89,36.09,61.6,3.57,19,2,0
2024-07-10 20:00:00,0.0,579.69,11142.53,33.31,59.6,4.8,20,2,0
2024-07-10 21:00:00,0.0,812.9,11140.1,34.21,54.6,4.72,21,2,0
2024-07-10 22:00:00,0.0,525.7,10804.84,33.81,59.9,3.7,22,2,0
2024-07-10 23:00:00,0.0,639.76,10507.59,34.33,60.4,4.31,23,2,0
2024-07-11 00:00:00,0.0,486.22,10532.84,33.91,62.9,3.37,0,3,0
2024-07-11 01:00:00,0.0,750.52,10035.92,31.35,58.1,4.73,1,3,0
2024-07-11 02:00:00,0.0,435.02,10252.16,31.67,64.4,3.97,2,3,0
2024-07-11 03:00:00,0.0,430.24,9890.2,28.38,62.5,3.46,3,3,0
2024-07-11 04:00:00,0.0,328.36,10435.12,31.81,64.8,2.47,4,3,0
2024-07-11 05:00:00,0.0,279.36,10111.34,28.85,60.6,3.02,5,3,0
2024-07-11 06:00:00,0.0,243.59,9775.32,29.05,60.6,2.72,6,3,0
2024-07-11 07:00:00,0.0,289.82,10126.07,28.31,66.9,3.15,7,3,0
2024-07-11 08:00:00,0.0,271.87,10335.48,29.96,56.9,2.93,8,3,0
2024-07-11 09:00:00,0.0,305.81,10015.44,25.28,56.0,3.39,9,3,0
2024-07-11 10:00:00,1678.48,319.31,9920.06,28.97,58.4,2.41,10,3,0
2024-07-11 11:00:00,2632.22,203.23,9945.23,29.34,54.2,1.41,11,3,0
2024-07-11 12:00:00,2989.24,378.25,10053.7,29.54,52.6,3.85,12,3,0
2024-07-11 13:00:00,3456.61,311.64,10563.67,32.88,55.5,2.51,13,3,0
2024-07-11 14:00:00,1444.51,313.06,10119.4,30.52,48.3,2.62,14,3,0
2024-07-11 15:00:00,0.0,394.98,10393.73,33.29,49.8,3.73,15,3,0
2024-07-11 16:00:00,0.0,463.58,10357.2,33.51,61.8,4.26,16,3,0
2024-07-11 17:00:00,0.0,403.0,10940.82,35.22,55.6,3.83,17,3,0
2024-07-11 18:00:00,0.0,579.54,11076.71,33.38,51.3,4.04,18,3,0
2024-07-11 19:00:00,0.0,502.18,11043.57,33.6,56.8,4.31,19,3,0
2024-07-11 20:00:00,0.0,784.44,11265.48,35.9,58.4,5.86,20,3,0
2024-07-11 21:00:00,0.0,470.36,11364.17,34.99,61.3,4.76,21,3,0
2024-07-11 22:00:00,0.0,612.36,10816.43,32.33,58.1,3.95,22,3,0
2024-07-11 23:00:00,0.0,548.6,10218.11,33.06,63.8,3.86,23,3,0
2024-07-12 00:00:00,0.0,550.98,10512.06,33.51,53.2,4.3,0,4,0
2024-07-12 01:00:00,0.0,751.12,10310.24,33.33,58.2,4.48,1,4,0
2024-07-12 02:00:00,0.0,516.39,10162.23,30.73,63.8,4.44,2,4,0
2024-07-12 03:00:00,0.0,532.59,9947.3,27.27,65.0,3.89,3,4,0
2024-07-12 04:00:00,0.0,285.13,9921.72,30.67,60.2,2.86,4,4,0
2024-07-12 05:00:00,0.0,297.76,9678.04,27.96,64.7,2.95,5,4,0
2024-07-12 06:00:00,0.0,534.76,9889.77,26.53,60.7,3.67,6,4,0
2024-07-12 07:00:00,0.0,261.69,10041.06,25.25,61.3,2.01,7,4,0
2024-07-12 08:00:00,0.0,239.2,10342.34,29.52,65.4,2.46,8,4,0
2024-07-12 09:00:00,0.0,286.74,10251.88,28.8,63.8,3.27,9,4,0
2024-07-12 10:00:00,1728.98,386.03,9978.43,28.68,54.9,3.53,10,4,0
2024-07-12 11:00:00,2807.13,357.68,10097.75,31.09,53.3,2.77,11,4,0
2024-07-12 12:00:00,3896.27,236.34,9833.84,30.81,54.7,2.76,12,4,0
2024-07-12 13:00:00,3427.33,272.63,10427.08,32.71,55.2,2.24,13,4,0
2024-07-12 14:00:00,1702.79,609.23,9833.34,29.87,51.9,3.96,14,4,0
2024-07-12 15:00:00,0.0,546.3,10437.5,32.28,58.2,4.85,15,4,0
2024-07-12 16:00:00,0.0,1162.56,10172.79,31.11,55.2,6.1,16,4,0
2024-07-12 17:00:00,0.0,456.74,10429.62,33.39,55.6,4.6,17,4,0
2024-07-12 18:00:00,0.0,649.91,11109.97,33.85,49.4,4.46,18,4,0
2024-07-12 19:00:00,0.0,571.96,10988.18,35.2,60.0,3.92,19,4,0
2024-07-12 20:00:00,0.0,366.59,11097.58,34.6,45.1,3.26,20,4,0
2024-07-12 21:00:00,0.0,572.12,11249.68,35.19,60.9,4.94,21,4,0
2024-07-12 22:00:00,0.0,1354.0,11201.08,34.99,62.6,6.64,22,4,0
2024-07-12 23:00:00,0.0,617.42,10766.84,36.25,58.4,5.68,23,4,0
2024-07-13 00:00:00,0.0,828.66,9324.37,32.63,66.7,5.43,0,5,1
2024-07-13 01:00:00,0.0,558.84,9398.29,31.15,62.4,4.52,1,5,1
2024-07-13 02:00:00,0.0,560.62,9396.72,31.8,63.7,4.37,2,5,1
2024-07-13 03:00:00,0.0,216.9,8976.08,29.77,65.3,1.89,3,5,1
2024-07-13 04:00:00,0.0,547.66,9446.74,31.78,76.8,4.18,4,5,1
2024-07-13 05:00:00,0.0,265.9,9063.17,29.04,69.3,2.86,5,5,1
2024-07-13 06:00:00,0.0,314.02,8938.83,28.23,66.2,2.56,6,5,1
2024-07-13 07:00:00,0.0,216.06,9206.75,28.04,59.0,2.7,7,5,1
2024-07-13 08:00:00,0.0,205.75,9157.65,29.37,62.1,2.58,8,5,1
2024-07-13 09:00:00,0.0,245.5,9367.51,28.42,57.1,2.25,9,5,1
2024-07-13 10:00:00,1877.13,331.35,8984.14,28.14,62.4,2.87,10,5,1
2024-07-13 11:00:00,3326.27,242.24,9268.73,31.38,58.3,2.52,11,5,1
2024-07-13 12:00:00,3038.28,381.16,8994.95,28.98,52.1,3.2,12,5,1
2024-07-13 13:00:00,2739.14,239.27,9158.8,30.77,55.9,2.14,13,5,1
2024-07-13 14:00:00,1798.8,364.97,9274.81,32.29,51.3,3.4,14,5,1
2024-07-13 15:00:00,0.0,364.06,9182.63,30.32,54.8,2.95,15,5,1
2024-07-13 16:00:00,0.0,543.15,9394.67,33.58,50.6,3.57,16,5,1
2024-07-13 17:00:00,0.0,584.6,9369.12,32.36,54.4,4.44,17,5,1
2024-07-13 18:00:00,0.0,440.89,10129.94,35.09,57.7,3.25,18,5,1
2024-07-13 19:00:00,0.0,434.54,9954.72,33.25,55.3,4.04,19,5,1
2024-07-13 20:00:00,0.0,879.08,10259.71,35.34,55.0,5.25,20,5,1
2024-07-13 21:00:00,0.0,489.11,10239.62,35.73,58.6,3.7,21,5,1
2024-07-13 22:00:00,0.0,1067.43,10207.19,35.14,61.9,6.22,22,5,1
2024-07-13 23:00:00,0.0,1053.56,9297.23,33.93,55.9,5.66,23,5,1
2024-07-14 00:00:00,0.0,450.9,9443.91,32.69,62.8,4.17,0,6,1
2024-07-14 01:00:00,0.0,419.66,9267.71,31.55,68.1,3.73,1,6,1
2024-07-14 02:00:00,0.0,419.66,9494.83,33.23,65.9,4.28,2,6,1
2024-07-14 03:00:00,0.0,341.35,9001.41,29.85,64.4,2.7,3,6,1
2024-07-14 04:00:00,0.0,268.0,9074.19,28.72,66.9,2.0,4,6,1
2024-07-14 05:00:00,0.0,320.92,9128.01,30.14,65.9,2.99,5,6,1
2024-07-14 06:00:00,0.0,318.84,8764.62,27.91,66.6,3.05,6,6,1
2024-07-14 07:00:00,0.0,383.76,9070.8,27.43,54.7,3.07,7,6,1
2024-07-14 08:00:00,0.0,199.04,9247.33,26.73,55.6,2.4,8,6,1
2024-07-14 09:00:00,0.0,422.82,9128.77,27.99,64.6,3.88,9,6,1
2024-07-14 10:00:00,1896.93,179.75,8941.21,28.77,53.3,1.7,10,6,1
2024-07-14 11:00:00,2813.25,234.43,9016.09,29.63,59.6,2.09,11,6,1
2024-07-14 12:00:00,2960.31,417.13,9329.88,31.11,55.4,3.54,12,6,1
2024-07-14 13:00:00,2533.08,222.65,9290.36,31.32,51.8,2.43,13,6,1
2024-07-14 14:00:00,2028.3,300.82,9079.76,31.23,56.4,2.64,14,6,1
2024-07-14 15:00:00,0.0,619.75,9192.91,32.0,55.3,3.96,15,6,1
2024-07-14 16:00:00,0.0,275.68,9490.67,33.58,62.7,3.28,16,6,1
2024-07-14 17:00:00,0.0,610.69,9587.38,35.11,52.0,4.26,17,6,1
2024-07-14 18:00:00,0.0,541.79,9758.68,34.21,60.7,4.01,18,6,1
2024-07-14 19:00:00,0.0,637.71,9881.8,33.8,57.2,4.04,19,6,1
2024-07-14 20:00:00,0.0,393.55,9877.36,33.27,54.2,3.15,20,6,1
2024-07-14 21:00:00,0.0,750.78,9789.82,32.63,61.2,4.97,21,6,1
2024-07-14 22:00:00,0.0,547.25,10178.53,34.86,61.6,3.83,22,6,1
2024-07-14 23:00:00,0.0,533.95,9301.78,34.28,60.7,4.59,23,6,1
2024-07-15 00:00:00,0.0,568.94,10400.18,33.61,63.1,4.19,0,0,0
2024-07-15 01:00:00,0.0,552.55,10390.52,32.04,60.7,4.23,1,0,0
2024-07-15 02:00:00,0.0,491.84,10349.74,33.11,60.6,4.04,2,0,0
2024-07-15 03:00:00,0.0,385.48,9900.19,30.06,67.4,4.05,3,0,0
2024-07-15 04:00:00,0.0,306.94,10091.14,31.07,63.7,3.06,4,0,0
2024-07-15 05:00:00,0.0,502.98,9997.04,29.25,64.1,4.39,5,0,0
2024-07-15 06:00:00,0.0,221.83,9766.93,28.09,65.0,1.71,6,0,0
2024-07-15 07:00:00,0.0,400.07,10168.98,29.23,64.1,2.85,7,0,0
2024-07-15 08:00:00,0.0,364.31,10273.47,28.91,56.3,3.6,8,0,0
2024-07-15 09:00:00,0.0,286.36,10265.68,28.95,66.0,3.28,9,0,0
2024-07-15 10:00:00,1488.75,308.07,9750.3,28.92,60.0,2.15,10,0,0
2024-07-15 11:00:00,3046.71,292.57,9954.87,29.25,57.4,2.38,11,0,0
2024-07-15 12:00:00,3805.39,322.78,10233.6,32.79,58.8,2.38,12,0,0
2024-07-15 13:00:00,2987.39,380.37,10437.97,32.06,57.0,3.88,13,0,0
2024-07-15 14:00:00,2002.31,409.76,10474.28,32.29,58.3,3.05,14,0,0
2024-07-15 15:00:00,0.0,617.63,10297.06,32.33,56.9,4.1,15,0,0
2024-07-15 16:00:00,0.0,456.14,10686.18,34.13,57.4,4.37,16,0,0
2024-07-15 17:00:00,0.0,802.96,10471.41,34.16,60.1,6.29,17,0,0
2024-07-15 18:00:00,0.0,592.34,11035.51,34.05,58.8,4.85,18,0,0
2024-07-15 19:00:00,0.0,436.2,10969.53,33.95,55.4,4.11,19,0,0
2024-07-15 20:00:00,0.0,573.3,11083.36,34.32,52.6,3.69,20,0,0
2024-07-15 21:00:00,0.0,585.81,10614.21,30.51,64.9,4.68,21,0,0
2024-07-15 22:00:00,0.0,757.09,11079.7,34.27,58.6,4.77,22,0,0
2024-07-15 23:00:00,0.0,400.71,10400.14,32.96,58.9,2.99,23,0,0
2024-07-16 00:00:00,0.0,481.28,10656.81,34.79,55.3,4.07,0,1,0
2024-07-16 01:00:00,0.0,703.29,10462.07,32.17,64.7,4.67,1,1,0
2024-07-16 02:00:00,0.0,353.91,9790.39,29.95,64.7,3.76,2,1,0
2024-07-16 03:00:00,0.0,604.5,10336.55,30.54,58.6,4.71,3,1,0
2024-07-16 04:00:00,0.0,342.56,9822.03,28.62,66.6,2.43,4,1,0
2024-07-16 05:00:00,0.0,400.44,10005.97,29.82,62.6,3.97,5,1,0
2024-07-16 06:00:00,0.0,462.28,10087.9,29.13,74.9,3.96,6,1,0
2024-07-16 07:00:00,0.0,553.0,10379.18,29.63,61.1,3.83,7,1,0
2024-07-16 08:00:00,0.0,215.04,10165.2,27.43,60.6,1.71,8,1,0
2024-07-16 09:00:00,0.0,395.35,10316.0,28.52,57.6,3.18,9,1,0
2024-07-16 10:00:00,1569.51,324.53,9766.23,27.14,64.9,2.43,10,1,0
2024-07-16 11:00:00,2778.14,156.95,10160.88,30.1,57.0,1.94,11,1,0
2024-07-16 12:00:00,2934.23,378.07,9949.74,30.5,54.4,2.89,12,1,0
2024-07-16 13:00:00,3265.72,370.62,10238.04,31.19,59.1,2.71,13,1,0
2024-07-16 14:00:00,1972.25,416.18,10279.3,31.38,49.9,4.41,14,1,0
2024-07-16 15:00:00,0.0,587.51,10509.43,32.65,57.5,4.34,15,1,0
2024-07-16 16:00:00,0.0,346.53,10727.74,34.8,61.9,3.27,16,1,0
2024-07-16 17:00:00,0.0,350.09,10459.44,33.15,57.2,3.85,17,1,0
2024-07-16 18:00:00,0.0,538.46,11025.53,34.14,58.0,4.33,18,1,0
2024-07-16 19:00:00,0.0,704.9,10876.77,32.97,59.7,4.74,19,1,0
2024-07-16 20:00:00,0.0,1078.21,10923.15,33.33,64.1,5.7,20,1,0
2024-07-16 21:00:00,0.0,871.85,10939.39,34.39,63.3,5.48,21,1,0
2024-07-16 22:00:00,0.0,838.26,11419.01,35.3,61.6,4.94,22,1,0
2024-07-16 23:00:00,0.0,480.75,10559.78,33.19,64.7,4.59,23,1,0
2024-07-17 00:00:00,0.0,313.13,10389.84,32.55,59.0,3.25,0,2,0
2024-07-17 01:00:00,0.0,1045.23,10339.91,31.62,66.7,5.5,1,2,0
2024-07-17 02:00:00,0.0,588.63,10215.31,30.69,60.4,3.87,2,2,0
2024-07-17 03:00:00,0.0,635.47,10033.5,30.91,63.4,5.21,3,2,0
2024-07-17 04:00:00,0.0,511.59,9866.19,28.03,52.7,3.86,4,2,0
2024-07-17 05:00:00,0.0,667.23,10283.61,30.74,66.5,5.09,5,2,0
2024-07-17 06:00:00,0.0,448.15,9704.65,27.93,61.8,3.74,6,2,0
2024-07-17 07:00:00,0.0,264.33,10080.76,29.3,68.0,1.95,7,2,0
2024-07-17 08:00:00,0.0,316.58,9961.55,26.8,64.1,2.51,8,2,0
2024-07-17 09:00:00,0.0,269.13,10244.42,29.23,65.8,2.83,9,2,0
2024-07-17 10:00:00,1561.74,226.58,9833.67,29.54,55.7,2.3,10,2,0
2024-07-17 11:00:00,2717.55,275.27,9975.78,29.67,62.9,2.8,11,2,0
2024-07-17 12:00:00,3944.83,278.58,9788.07,28.64,66.0,2.16,12,2,0
2024-07-17 13:00:00,3450.44,409.21,10145.0,30.85,59.6,3.47,13,2,0
2024-07-17 14:00:00,1822.65,613.27,9965.5,29.91,58.9,3.9,14,2,0
2024-07-17 15:00:00,0.0,431.83,10260.48,31.8,55.9,3.16,15,2,0
2024-07-17 16:00:00,0.0,733.51,10621.86,34.06,53.0,5.78,16,2,0
2024-07-17 17:00:00,0.0,705.61,10478.69,34.41,58.3,4.52,17,2,0
2024-07-17 18:00:00,0.0,508.42,11072.2,33.94,49.7,4.02,18,2,0
2024-07-17 19:00:00,0.0,360.28,10825.29,33.06,54.8,3.53,19,2,0
2024-07-17 20:00:00,0.0,645.21,11183.91,35.1,50.5,4.98,20,2,0
2024-07-17 21:00:00,0.0,835.75,11067.68,34.25,55.9,4.76,21,2,0
2024-07-17 22:00:00,0.0,824.71,10728.31,31.14,62.6,5.56,22,2,0
2024-07-17 23:00:00,0.0,729.01,10613.3,34.39,63.4,4.72,23,2,0
2024-07-18 00:00:00,0.0,452.13,10533.17,32.75,63.0,3.75,0,3,0
2024-07-18 01:00:00,0.0,829.8,10475.87,33.5,64.5,5.84,1,3,0
2024-07-18 02:00:00,0.0,731.12,9958.92,29.97,57.1,4.61,2,3,0
2024-07-18 03:00:00,0.0,562.7,9897.57,26.69,63.7,3.8,3,3,0
2024-07-18 04:00:00,0.0,358.66,10091.58,30.11,62.6,3.87,4,3,0
2024-07-18 05:00:00,0.0,418.61,10082.36,29.51,62.5,3.88,5,3,0
2024-07-18 06:00:00,0.0,239.16,9771.6,26.65,67.0,2.15,6,3,0
2024-07-18 07:00:00,0.0,338.0,9943.96,27.21,60.4,3.26,7,3,0
2024-07-18 08:00:00,0.0,347.13,10822.61,31.59,60.4,2.67,8,3,0
2024-07-18 09:00:00,0.0,310.95,10031.2,28.02,53.3,3.41,9,3,0
2024-07-18 10:00:00,1937.35,317.12,9843.25,29.56,59.1,2.44,10,3,0
2024-07-18 11:00:00,2566.73,315.47,9919.92,28.38,54.7,2.65,11,3,0
2024-07-18 12:00:00,3082.73,547.25,9672.58,27.27,58.1,4.62,12,3,0
2024-07-18 13:00:00,3211.94,541.35,10028.71,30.3,53.0,4.48,13,3,0
2024-07-18 14:00:00,1480.72,120.84,10173.91,30.96,56.4,1.1,14,3,0
2024-07-18 15:00:00,0.0,590.16,10219.88,31.58,54.9,4.93,15,3,0
2024-07-18 16:00:00,0.0,609.61,10327.03,32.64,62.0,4.2,16,3,0
2024-07-18 17:00:00,0.0,454.37,10697.48,33.72,57.5,3.93,17,3,0
2024-07-18 18:00:00,0.0,538.21,10994.82,33.7,48.6,3.9,18,3,0
2024-07-18 19:00:00,0.0,527.74,10769.23,32.66,51.7,4.11,19,3,0
2024-07-18 20:00:00,0.0,461.96,11271.59,34.86,58.0,4.42,20,3,0
2024-07-18 21:00:00,0.0,521.23,10687.14,31.84,55.3,4.1,21,3,0
2024-07-18 22:00:00,0.0,553.76,10707.83,31.42,48.4,3.88,22,3,0
2024-07-18 23:00:00,0.0,447.94,10469.98,34.29,67.0,4.03,23,3,0
2024-07-19 00:00:00,0.0,767.5,10484.21,33.34,66.0,5.0,0,4,0
2024-07-19 01:00:00,0.0,505.53,10287.21,31.94,66.2,4.57,1,4,0
2024-07-19 02:00:00,0.0,510.59,9979.08,29.56,62.5,4.74,2,4,0
2024-07-19 03:00:00,0.0,458.2,10005.6,29.6,67.1,3.98,3,4,0
2024-07-19 04:00:00,0.0,285.2,10061.8,29.41,62.8,2.73,4,4,0
2024-07-19 05:00:00,0.0,565.41,9870.37,27.19,66.2,3.93,5,4,0
2024-07-19 06:00:00,0.0,272.66,9661.27,27.75,61.2,2.52,6,4,0
2024-07-19 07:00:00,0.0,337.65,10161.16,29.12,70.2,3.69,7,4,0
2024-07-19 08:00:00,0.0,255.71,10456.36,29.94,56.8,2.14,8,4,0
2024-07-19 09:00:00,0.0,269.53,10007.06,27.83,66.8,2.48,9,4,0
2024-07-19 10:00:00,1845.69,280.67,10039.07,29.54,60.7,2.78,10,4,0
2024-07-19 11:00:00,3216.85,531.68,9886.74,26.81,57.3,3.71,11,4,0
2024-07-19 12:00:00,4115.75,327.93,9906.53,30.52,58.7,3.47,12,4,0
2024-07-19 13:00:00,3258.78,527.8,9924.98,29.49,60.0,3.55,13,4,0
2024-07-19 14:00:00,2109.8,693.48,10337.4,31.6,61.7,5.28,14,4,0
2024-07-19 15:00:00,0.0,277.47,10235.82,31.71,57.0,2.56,15,4,0
2024-07-19 16:00:00,0.0,513.53,10532.56,34.31,52.0,3.46,16,4,0
2024-07-19 17:00:00,0.0,512.93,10427.53,32.3,56.0,3.67,17,4,0
2024-07-19 18:00:00,0.0,292.03,11251.55,34.58,63.5,3.33,18,4,0
2024-07-19 19:00:00,0.0,589.84,10938.13,33.79,62.4,4.32,19,4,0
2024-07-19 20:00:00,0.0,737.64,11263.1,34.04,61.7,5.55,20,4,0
2024-07-19 21:00:00,0.0,615.28,10820.55,33.91,62.5,4.56,21,4,0
2024-07-19 22:00:00,0.0,740.3,10715.21,32.81,63.4,4.73,22,4,0
2024-07-19 23:00:00,0.0,418.75,10403.05,33.33,66.5,3.52,23,4,0
2024-07-20 00:00:00,0.0,395.56,9338.26,32.6,61.5,4.14,0,5,1
2024-07-20 01:00:00,0.0,550.06,9302.71,32.24,59.0,4.2,1,5,1
2024-07-20 02:00:00,0.0,483.32,9163.78,31.28,65.5,4.84,2,5,1
2024-07-20 03:00:00,0.0,277.88,9149.97,31.36,62.4,2.73,3,5,1
2024-07-20 04:00:00,0.0,403.13,9145.62,30.79,61.6,3.45,4,5,1
2024-07-20 05:00:00,0.0,637.8,8783.22,27.8,62.8,4.44,5,5,1
2024-07-20 06:00:00,0.0,343.78,9120.51,29.62,75.1,3.01,6,5,1
2024-07-20 07:00:00,0.0,142.44,9142.67,26.86,64.9,1.51,7,5,1
2024-07-20 08:00:00,0.0,661.21,9212.78,28.88,64.8,4.13,8,5,1
2024-07-20 09:00:00,0.0,482.08,9246.63,29.02,57.3,3.66,9,5,1
2024-07-20 10:00:00,1970.87,416.73,8987.7,26.29,53.5,3.8,10,5,1
2024-07-20 11:00:00,3311.94,261.09,8929.37,29.17,56.3,1.81,11,5,1
2024-07-20 12:00:00,4217.01,752.53,8828.87,29.12,64.1,4.57,12,5,1
2024-07-20 13:00:00,2785.81,264.13,8906.58,29.49,58.7,2.95,13,5,1
2024-07-20 14:00:00,1836.85,437.1,9373.24,32.8,58.9,3.4,14,5,1
2024-07-20 15:00:00,0.0,432.84,9273.16,31.17,59.0,3.51,15,5,1
2024-07-20 16:00:00,0.0,594.72,9382.52,31.71,53.5,5.09,16,5,1
2024-07-20 17:00:00,0.0,493.93,9666.3,33.39,61.6,4.43,17,5,1
2024-07-20 18:00:00,0.0,769.3,10151.1,34.6,54.0,5.16,18,5,1
2024-07-20 19:00:00,0.0,631.78,9877.79,33.91,62.9,5.0,19,5,1
2024-07-20 20:00:00,0.0,834.56,10149.73,35.58,60.1,4.96,20,5,1
2024-07-20 21:00:00,0.0,428.94,9815.3,34.71,52.4,4.31,21,5,1
2024-07-20 22:00:00,0.0,1301.58,9632.86,31.16,57.9,6.48,22,5,1
2024-07-20 23:00:00,0.0,552.2,9312.63,32.66,55.0,3.76,23,5,1
2024-07-21 00:00:00,0.0,840.47,9026.74,31.95,68.3,5.14,0,6,1
2024-07-21 01:00:00,0.0,588.61,9617.62,32.48,64.6,4.9,1,6,1
2024-07-21 02:00:00,0.0,868.22,8808.64,27.98,56.5,5.29,2,6,1
2024-07-21 03:00:00,0.0,725.59,9217.87,33.41,67.5,5.21,3,6,1
2024-07-21 04:00:00,0.0,490.65,9078.74,30.26,64.0,3.73,4,6,1
2024-07-21 05:00:00,0.0,452.39,9186.61,29.18,60.0,4.03,5,6,1
2024-07-21 06:00:00,0.0,796.1,9305.15,29.95,72.2,4.81,6,6,1
2024-07-21 07:00:00,0.0,268.87,9492.56,31.04,65.1,3.19,7,6,1
2024-07-21 08:00:00,0.0,280.26,9283.95,29.17,62.5,2.28,8,6,1
2024-07-21 09:00:00,0.0,374.85,9442.25,29.37,60.8,2.8,9,6,1
2024-07-21 10:00:00,1910.62,251.87,8913.46,28.68,55.1,2.09,10,6,1
2024-07-21 11:00:00,3377.27,344.99,9003.85,28.83,54.6,3.53,11,6,1
2024-07-21 12:00:00,4048.1,480.59,9074.45,29.05,63.8,4.25,12,6,1
2024-07-21 13:00:00,2769.67,421.74,8879.93,29.36,55.7,3.51,13,6,1
2024-07-21 14:00:00,2102.18,254.43,9300.61,30.3,56.9,2.55,14,6,1
2024-07-21 15:00:00,0.0,488.0,9008.36,30.28,48.1,4.92,15,6,1
2024-07-21 16:00:00,0.0,242.92,9294.37,32.53,50.9,2.94,16,6,1
2024-07-21 17:00:00,0.0,458.13,9234.2,31.23,58.7,3.37,17,6,1
2024-07-21 18:00:00,0.0,479.57,10101.05,33.95,58.3,4.67,18,6,1
2024-07-21 19:00:00,0.0,930.98,10073.01,33.98,64.6,5.17,19,6,1
2024-07-21 20:00:00,0.0,771.2,10022.27,34.3,64.0,5.41,20,6,1
2024-07-21 21:00:00,0.0,825.92,9959.7,33.4,58.9,5.05,21,6,1
2024-07-21 22:00:00,0.0,816.09,10512.67,37.42,63.0,6.48,22,6,1
2024-07-21 23:00:00,0.0,888.63,9639.33,34.88,61.2,5.02,23,6,1
2024-07-22 00:00:00,0.0,622.74,10076.63,31.08,72.1,5.67,0,0,0
2024-07-22 01:00:00,0.0,559.86,10234.03,32.13,69.5,5.27,1,0,0
2024-07-22 02:00:00,0.0,290.94,10189.95,30.34,66.4,3.36,2,0,0
2024-07-22 03:00:00,0.0,385.59,9824.73,29.08,67.0,4.0,3,0,0
2024-07-22 04:00:00,0.0,830.7,9597.86,27.96,72.2,5.58,4,0,0
2024-07-22 05:00:00,0.0,437.87,9934.72,29.47,68.6,3.23,5,0,0
2024-07-22 06:00:00,0.0,284.82,9776.96,27.66,72.0,2.89,6,0,0
2024-07-22 07:00:00,0.0,460.19,10373.1,29.34,56.2,3.41,7,0,0
2024-07-22 08:00:00,0.0,364.77,10084.83,29.26,65.8,2.8,8,0,0
2024-07-22 09:00:00,0.0,343.34,10371.9,29.82,60.6,2.5,9,0,0
2024-07-22 10:00:00,2003.81,248.3,9924.15,27.45,68.4,2.79,10,0,0
2024-07-22 11:00:00,3684.98,458.6,9879.44,29.52,66.3,4.42,11,0,0
2024-07-22 12:00:00,4145.78,301.78,10089.38,30.33,59.0,3.32,12,0,0
2024-07-22 13:00:00,3159.15,262.71,9745.91,29.73,64.0,2.58,13,0,0
2024-07-22 14:00:00,1770.55,295.65,10161.68,30.15,64.2,2.67,14,0,0
2024-07-22 15:00:00,0.0,891.04,10609.75,33.78,56.9,5.9,15,0,0
2024-07-22 16:00:00,0.0,466.58,10393.44,32.84,66.3,4.22,16,0,0
2024-07-22 17:00:00,0.0,754.31,10377.69,33.96,56.5,4.99,17,0,0
2024-07-22 18:00:00,0.0,494.34,10959.71,32.68,56.2,4.23,18,0,0
2024-07-22 19:00:00,0.0,703.79,10828.86,32.51,61.3,5.26,19,0,0
2024-07-22 20:00:00,0.0,766.44,10635.49,33.39,57.5,6.27,20,0,0
2024-07-22 21:00:00,0.0,658.53,11116.71,33.82,60.5,4.62,21,0,0
2024-07-22 22:00:00,0.0,885.99,10982.77,32.39,67.1,5.47,22,0,0
2024-07-22 23:00:00,0.0,554.18,10599.4,33.18,62.8,3.88,23,0,0
2024-07-23 00:00:00,0.0,1301.11,9946.5,30.49,57.4,6.5,0,1,0
2024-07-23 01:00:00,0.0,788.71,9864.68,30.45,66.7,4.89,1,1,0
2024-07-23 02:00:00,0.0,440.45,10218.07,31.82,63.2,4.1,2,1,0
2024-07-23 03:00:00,0.0,413.94,10221.1,30.96,70.0,3.93,3,1,0
2024-07-23 04:00:00,0.0,520.15,9805.17,29.05,69.5,3.51,4,1,0
2024-07-23 05:00:00,0.0,450.68,9595.08,27.67,72.4,3.3,5,1,0
2024-07-23 06:00:00,0.0,208.85,9872.95,27.18,69.7,1.51,6,1,0
2024-07-23 07:00:00,0.0,422.77,10059.58,27.67,69.6,3.23,7,1,0
2024-07-23 08:00:00,0.0,305.41,10275.25,28.79,61.5,3.09,8,1,0
2024-07-23 09:00:00,0.0,513.35,10257.88,29.23,66.2,3.56,9,1,0
2024-07-23 10:00:00,2106.13,247.11,9766.07,27.82,69.6,2.79,10,1,0
2024-07-23 11:00:00,3706.85,273.54,9778.3,27.51,57.7,2.69,11,1,0
2024-07-23 12:00:00,3100.2,372.98,9974.83,29.84,66.4,3.46,12,1,0
2024-07-23 13:00:00,3649.39,272.3,9888.47,29.25,56.0,2.38,13,1,0
2024-07-23 14:00:00,1563.39,497.52,9954.99,30.39,54.0,4.03,14,1,0
2024-07-23 15:00:00,0.0,291.69,10521.88,33.38,58.1,2.68,15,1,0
2024-07-23 16:00:00,0.0,804.41,10629.96,33.51,59.6,5.33,16,1,0
2024-07-23 17:00:00,0.0,717.39,10397.52,33.33,60.5,5.22,17,1,0
2024-07-23 18:00:00,0.0,451.26,11029.27,32.09,53.5,4.14,18,1,0
2024-07-23 19:00:00,0.0,915.47,11112.61,34.17,59.9,5.57,19,1,0
2024-07-23 20:00:00,0.0,886.66,11239.52,35.29,56.5,5.23,20,1,0
2024-07-23 21:00:00,0.0,564.71,11056.56,33.46,54.5,4.36,21,1,0
2024-07-23 22:00:00,0.0,456.6,11317.99,35.23,58.0,3.52,22,1,0
2024-07-23 23:00:00,0.0,786.79,10574.39,34.69,60.0,5.29,23,1,0
2024-07-24 00:00:00,0.0,411.78,10665.28,34.45,66.6,4.28,0,2,0
2024-07-24 01:00:00,0.0,799.31,10428.2,32.1,70.1,5.58,1,2,0
2024-07-24 02:00:00,0.0,424.07,10201.63,31.66,60.4,4.48,2,2,0
2024-07-24 03:00:00,0.0,483.25,10275.45,31.88,68.2,3.65,3,2,0
2024-07-24 04:00:00,0.0,797.32,9944.67,29.99,62.3,5.39,4,2,0
2024-07-24 05:00:00,0.0,417.39,9757.07,28.24,69.3,4.17,5,2,0
2024-07-24 06:00:00,0.0,119.56,9744.04,27.82,63.8,0.58,6,2,0
2024-07-24 07:00:00,0.0,412.55,10036.6,28.35,61.3,2.95,7,2,0
2024-07-24 08:00:00,0.0,213.85,10093.45,26.41,67.7,2.13,8,2,0
2024-07-24 09:00:00,0.0,366.13,10140.7,27.89,60.9,2.57,9,2,0
2024-07-24 10:00:00,1741.31,454.98,10049.03,29.68,60.7,3.12,10,2,0
2024-07-24 11:00:00,3430.91,509.4,9688.98,26.21,51.8,3.62,11,2,0
2024-07-24 12:00:00,3734.07,534.75,10129.04,31.3,63.3,3.71,12,2,0
2024-07-24 13:00:00,3236.05,581.96,10332.89,31.53,61.7,4.57,13,2,0
2024-07-24 14:00:00,2074.01,557.89,10016.61,30.41,57.7,4.46,14,2,0
2024-07-24 15:00:00,0.0,804.84,10438.04,32.39,51.1,4.67,15,2,0
2024-07-24 16:00:00,0.0,577.4,10260.06,32.46,61.8,4.63,16,2,0
2024-07-24 17:00:00,0.0,666.98,10657.8,34.56,54.5,5.74,17,2,0
2024-07-24 18:00:00,0.0,503.67,11229.52,34.74,55.9,4.66,18,2,0
2024-07-24 19:00:00,0.0,754.27,10498.72,32.18,67.7,4.84,19,2,0
2024-07-24 20:00:00,0.0,410.86,11233.38,34.66,56.7,3.65,20,2,0
2024-07-24 21:00:00,0.0,779.26,11153.35,33.61,63.7,6.05,21,2,0
2024-07-24 22:00:00,0.0,865.13,10966.09,33.66,64.2,5.11,22,2,0
2024-07-24 23:00:00,0.0,1245.3,10357.95,32.21,64.9,7.42,23,2,0
2024-07-25 00:00:00,0.0,649.5,10504.31,34.5,65.9,4.62,0,3,0
2024-07-25 01:00:00,0.0,529.44,10449.54,32.92,67.3,4.81,1,3,0
2024-07-25 02:00:00,0.0,567.64,10334.59,30.01,67.7,4.94,2,3,0
2024-07-25 03:00:00,0.0,307.47,9587.91,28.52,66.9,3.36,3,3,0
2024-07-25 04:00:00,0.0,558.81,9844.35,28.94,73.3,4.27,4,3,0
2024-07-25 05:00:00,0.0,536.66,10045.41,29.3,61.9,3.77,5,3,0
2024-07-25 06:00:00,0.0,435.85,10011.73,28.59,70.7,3.29,6,3,0
2024-07-25 07:00:00,0.0,482.98,10125.37,29.51,69.1,4.31,7,3,0
2024-07-25 08:00:00,0.0,341.28,10131.52,28.85,67.6,2.55,8,3,0
2024-07-25 09:00:00,0.0,314.9,10177.52,29.16,68.1,3.46,9,3,0
2024-07-25 10:00:00,1535.92,454.34,9794.58,28.69,61.9,4.44,10,3,0
2024-07-25 11:00:00,3220.7,380.25,9772.06,27.11,53.5,2.81,11,3,0
2024-07-25 12:00:00,3559.91,327.1,9760.72,29.16,59.5,3.3,12,3,0
2024-07-25 13:00:00,3512.43,950.06,10182.6,31.39,54.8,5.62,13,3,0
2024-07-25 14:00:00,2064.66,406.66,10031.5,30.84,55.0,4.36,14,3,0
2024-07-25 15:00:00,0.0,360.73,10317.02,32.28,52.5,3.84,15,3,0
2024-07-25 16:00:00,0.0,784.4,10207.9,32.02,55.4,5.14,16,3,0
2024-07-25 17:00:00,0.0,453.74,10242.0,31.78,55.1,4.29,17,3,0
2024-07-25 18:00:00,0.0,324.91,10839.73,33.35,48.5,3.7,18,3,0
2024-07-25 19:00:00,0.0,962.62,11181.74,34.17,61.6,6.2,19,3,0
2024-07-25 20:00:00,0.0,507.66,10894.79,33.11,68.7,4.32,20,3,0
2024-07-25 21:00:00,0.0,1422.05,10985.92,33.51,63.4,7.2,21,3,0
2024-07-25 22:00:00,0.0,789.44,10823.12,32.37,61.5,4.81,22,3,0
2024-07-25 23:00:00,0.0,1197.3,10588.23,34.36,63.4,6.81,23,3,0
2024-07-26 00:00:00,0.0,424.16,10289.0,31.99,63.4,3.89,0,4,0
2024-07-26 01:00:00,0.0,820.55,10557.98,33.36,66.5,5.59,1,4,0
2024-07-26 02:00:00,0.0,772.86,10340.09,32.67,66.8,4.93,2,4,0
2024-07-26 03:00:00,0.0,517.33,9947.84,29.97,64.1,4.94,3,4,0
2024-07-26 04:00:00,0.0,595.41,9807.39,28.13,74.3,4.79,4,4,0
2024-07-26 05:00:00,0.0,472.7,9712.45,26.21,61.5,3.38,5,4,0
2024-07-26 06:00:00,0.0,263.78,9777.01,26.47,69.8,2.52,6,4,0
2024-07-26 07:00:00,0.0,424.81,9974.76,26.29,65.7,3.37,7,4,0
2024-07-26 08:00:00,0.0,316.33,10414.71,29.49,72.7,3.49,8,4,0
2024-07-26 09:00:00,0.0,380.77,10017.42,28.08,65.3,2.9,9,4,0
2024-07-26 10:00:00,1904.91,322.31,10019.39,28.71,61.2,3.53,10,4,0
2024-07-26 11:00:00,2927.5,539.16,9778.66,26.05,60.3,3.67,11,4,0
2024-07-26 12:00:00,3442.26,245.48,9888.74,27.9,60.3,2.84,12,4,0
2024-07-26 13:00:00,3762.49,639.12,10088.3,31.13,54.5,4.09,13,4,0
2024-07-26 14:00:00,1932.99,429.59,9950.66,31.18,55.2,3.8,14,4,0
2024-07-26 15:00:00,0.0,484.49,10021.58,31.44,50.6,3.71,15,4,0
2024-07-26 16:00:00,0.0,892.64,10718.87,33.02,53.9,5.16,16,4,0
2024-07-26 17:00:00,0.0,378.0,10586.17,34.92,58.1,4.15,17,4,0
2024-07-26 18:00:00,0.0,538.55,11072.96,33.17,59.5,4.62,18,4,0
2024-07-26 19:00:00,0.0,930.71,10867.59,33.82,51.1,5.2,19,4,0
2024-07-26 20:00:00,0.0,947.57,11076.28,34.07,59.5,6.34,20,4,0
2024-07-26 21:00:00,0.0,900.1,11416.67,36.61,63.6,5.43,21,4,0
2024-07-26 22:00:00,0.0,674.51,10998.29,30.92,61.9,5.66,22,4,0
2024-07-26 23:00:00,0.0,755.95,10476.14,33.78,61.4,4.9,23,4,0
2024-07-27 00:00:00,0.0,520.53,9240.61,32.14,63.8,4.95,0,5,1
2024-07-27 01:00:00,0.0,740.11,9378.33,32.23,64.3,4.77,1,5,1
2024-07-27 02:00:00,0.0,593.95,8969.89,29.99,64.7,4.8,2,5,1
2024-07-27 03:00:00,0.0,505.53,9124.31,29.94,68.4,4.07,3,5,1
2024-07-27 04:00:00,0.0,588.74,9090.4,30.13,77.1,5.12,4,5,1
2024-07-27 05:00:00,0.0,449.51,9264.0,32.39,64.8,3.51,5,5,1
2024-07-27 06:00:00,0.0,223.91,9044.43,29.15,66.0,2.24,6,5,1
2024-07-27 07:00:00,0.0,792.69,9152.0,26.86,66.2,5.64,7,5,1
2024-07-27 08:00:00,0.0,383.99,9230.24,27.27,62.7,3.08,8,5,1
2024-07-27 09:00:00,0.0,463.77,9337.29,27.34,68.6,4.36,9,5,1
2024-07-27 10:00:00,2147.31,716.8,8793.8,26.02,53.4,4.47,10,5,1
2024-07-27 11:00:00,2997.62,616.61,8834.26,28.26,59.5,4.2,11,5,1
2024-07-27 12:00:00,4118.17,425.42,8938.76,30.16,63.7,3.44,12,5,1
2024-07-27 13:00:00,2840.27,398.74,8970.1,28.47,58.2,4.04,13,5,1
2024-07-27 14:00:00,1653.33,383.35,9237.19,32.04,55.3,3.03,14,5,1
2024-07-27 15:00:00,0.0,653.21,9367.42,32.14,59.8,5.9,15,5,1
2024-07-27 16:00:00,0.0,569.43,9381.46,31.4,61.5,3.89,16,5,1
2024-07-27 17:00:00,0.0,550.71,9311.09,32.73,58.9,4.61,17,5,1
2024-07-27 18:00:00,0.0,562.44,10084.15,35.29,55.4,5.09,18,5,1
2024-07-27 19:00:00,0.0,582.62,10179.58,34.56,61.2,5.09,19,5,1
2024-07-27 20:00:00,0.0,829.58,10054.95,33.79,58.8,4.75,20,5,1
2024-07-27 21:00:00,0.0,1199.18,9996.64,33.39,64.6,6.42,21,5,1
2024-07-27 22:00:00,0.0,796.76,9886.61,33.47,68.8,6.03,22,5,1
2024-07-27 23:00:00,0.0,1021.48,9169.59,32.28,53.8,5.43,23,5,1
2024-07-28 00:00:00,0.0,510.61,8961.24,29.69,66.2,4.73,0,6,1
2024-07-28 01:00:00,0.0,981.19,9410.02,33.94,59.8,5.69,1,6,1
2024-07-28 02:00:00,0.0,596.68,9254.39,30.9,77.3,4.23,2,6,1
2024-07-28 03:00:00,0.0,1001.0,9164.02,30.42,66.2,5.6,3,6,1
2024-07-28 04:00:00,0.0,497.56,8912.13,29.14,71.2,4.17,4,6,1
2024-07-28 05:00:00,0.0,630.42,8802.65,27.71,67.9,4.83,5,6,1
2024-07-28 06:00:00,0.0,453.95,8911.08,27.89,64.3,3.54,6,6,1
2024-07-28 07:00:00,0.0,396.1,9100.68,25.9,63.1,3.53,7,6,1
2024-07-28 08:00:00,0.0,417.52,9348.56,30.45,72.1,4.36,8,6,1
2024-07-28 09:00:00,0.0,826.49,9376.43,26.33,68.3,5.1,9,6,1
2024-07-28 10:00:00,1548.3,676.43,8788.05,26.88,71.0,4.62,10,6,1
2024-07-28 11:00:00,3001.65,512.61,8941.08,28.06,62.1,4.18,11,6,1
2024-07-28 12:00:00,3103.21,462.69,9215.75,30.76,61.9,4.11,12,6,1
2024-07-28 13:00:00,3100.3,363.92,8893.51,29.95,58.6,3.44,13,6,1
2024-07-28 14:00:00,1584.0,643.82,8912.74,29.23,57.7,4.32,14,6,1
2024-07-28 15:00:00,0.0,493.1,9522.29,33.0,54.2,3.61,15,6,1
2024-07-28 16:00:00,0.0,812.52,9418.48,33.09,58.5,4.9,16,6,1
2024-07-28 17:00:00,0.0,863.6,9302.93,33.48,55.2,5.19,17,6,1
2024-07-28 18:00:00,0.0,475.92,10060.72,34.17,60.6,3.48,18,6,1
2024-07-28 19:00:00,0.0,648.56,10206.84,36.48,60.4,5.24,19,6,1
2024-07-28 20:00:00,0.0,651.63,10313.07,36.34,61.9,5.64,20,6,1
2024-07-28 21:00:00,0.0,886.82,10178.59,32.79,68.6,5.28,21,6,1
2024-07-28 22:00:00,0.0,641.29,10183.53,35.26,63.1,5.59,22,6,1
2024-07-28 23:00:00,0.0,679.11,9531.66,33.3,67.5,4.14,23,6,1
2024-07-29 00:00:00,0.0,722.39,10354.02,32.75,74.2,4.46,0,0,0
2024-07-29 01:00:00,0.0,882.03,9828.05,29.4,72.3,5.7,1,0,0
2024-07-29 02:00:00,0.0,574.13,10216.31,30.44,72.5,4.64,2,0,0
2024-07-29 03:00:00,0.0,640.86,9826.7,28.9,67.1,4.65,3,0,0
2024-07-29 04:00:00,0.0,507.82,10028.14,30.14,69.4,3.68,4,0,0
2024-07-29 05:00:00,0.0,555.78,10229.28,29.81,63.1,3.89,5,0,0
2024-07-29 06:00:00,0.0,154.9,9745.48,25.56,69.8,1.83,6,0,0
2024-07-29 07:00:00,0.0,635.19,10246.84,27.73,68.2,4.19,7,0,0
2024-07-29 08:00:00,0.0,731.74,10273.5,29.0,66.1,4.86,8,0,0
2024-07-29 09:00:00,0.0,203.76,10034.63,27.53,68.9,2.52,9,0,0
2024-07-29 10:00:00,1558.02,263.69,9944.15,28.93,58.7,2.66,10,0,0
2024-07-29 11:00:00,3396.98,480.59,9819.73,28.95,68.8,3.86,11,0,0
2024-07-29 12:00:00,3963.87,549.95,10091.13,29.56,64.6,4.85,12,0,0
2024-07-29 13:00:00,2864.38,382.17,10130.95,29.55,59.7,3.87,13,0,0
2024-07-29 14:00:00,1834.94,256.88,9941.82,29.19,58.6,3.13,14,0,0
2024-07-29 15:00:00,0.0,673.77,10209.18,30.08,60.6,4.21,15,0,0
2024-07-29 16:00:00,0.0,346.37,10435.21,33.0,64.6,3.81,16,0,0
2024-07-29 17:00:00,0.0,523.06,10499.28,32.79,59.1,4.34,17,0,0
2024-07-29 18:00:00,0.0,555.03,11284.22,33.08,59.8,4.84,18,0,0
2024-07-29 19:00:00,0.0,685.0,11222.05,33.04,60.1,4.5,19,0,0
2024-07-29 20:00:00,0.0,724.29,10933.37,33.28,68.1,4.72,20,0,0
2024-07-29 21:00:00,0.0,949.94,11182.02,34.8,60.7,5.44,21,0,0
2024-07-29 22:00:00,0.0,877.45,10774.63,32.85,63.4,5.51,22,0,0
2024-07-29 23:00:00,0.0,549.63,10280.0,31.16,70.7,4.1,23,0,0
2024-07-30 00:00:00,0.0,758.8,10460.19,32.98,66.9,5.43,0,1,0
2024-07-30 01:00:00,0.0,670.26,10084.98,31.11,71.9,4.6,1,1,0
2024-07-30 02:00:00,0.0,589.3,10258.54,30.62,64.5,5.25,2,1,0
2024-07-30 03:00:00,0.0,789.95,10225.37,31.74,67.8,5.03,3,1,0
2024-07-30 04:00:00,0.0,347.56,9857.05,29.06,74.8,3.72,4,1,0
2024-07-30 05:00:00,0.0,703.11,9936.0,28.81,66.0,4.4,5,1,0
2024-07-30 06:00:00,0.0,346.49,9730.19,26.57,67.6,3.03,6,1,0
2024-07-30 07:00:00,0.0,631.57,10097.2,27.42,68.4,4.6,7,1,0
2024-07-30 08:00:00,0.0,329.81,10349.61,28.31,62.4,2.8,8,1,0
2024-07-30 09:00:00,0.0,520.76,10027.24,25.82,63.5,3.69,9,1,0
2024-07-30 10:00:00,2082.8,378.6,9896.03,28.23,64.3,3.29,10,1,0
2024-07-30 11:00:00,2723.05,292.09,9789.06,28.58,62.7,2.73,11,1,0
2024-07-30 12:00:00,4017.33,511.07,9811.6,29.13,66.5,4.42,12,1,0
2024-07-30 13:00:00,2965.66,315.33,10160.51,31.05,66.5,3.42,13,1,0
2024-07-30 14:00:00,1735.48,255.84,10483.61,30.98,56.1,2.79,14,1,0
2024-07-30 15:00:00,0.0,164.48,10526.18,33.13,59.4,2.1,15,1,0
2024-07-30 16:00:00,0.0,605.52,10205.59,30.89,61.5,3.97,16,1,0
2024-07-30 17:00:00,0.0,1083.43,10336.67,32.87,65.1,6.01,17,1,0
2024-07-30 18:00:00,0.0,803.68,10909.13,33.28,62.4,6.12,18,1,0
2024-07-30 19:00:00,0.0,453.65,10641.18,32.2,61.5,4.7,19,1,0
2024-07-30 20:00:00,0.0,720.31,11353.38,34.73,64.0,5.08,20,1,0
2024-07-30 21:00:00,0.0,678.05,11364.29,36.27,65.2,5.04,21,1,0
2024-07-30 22:00:00,0.0,653.13,10961.99,33.16,60.1,4.31,22,1,0
2024-07-30 23:00:00,0.0,569.52,10479.52,33.31,65.9,4.52,23,1,0
2024-07-31 00:00:00,0.0,1118.23,10555.94,32.12,72.5,5.94,0,2,0
2024-07-31 01:00:00,0.0,597.9,10129.38,30.44,66.8,5.35,1,2,0
2024-07-31 02:00:00,0.0,634.18,9804.48,28.33,69.0,4.92,2,2,0
2024-07-31 03:00:00,0.0,498.78,10114.03,28.89,68.0,3.38,3,2,0
2024-07-31 04:00:00,0.0,394.93,9770.44,27.35,59.9,4.27,4,2,0
2024-07-31 05:00:00,0.0,217.95,9890.45,30.44,69.1,2.1,5,2,0
2024-07-31 06:00:00,0.0,499.52,9602.76,27.78,69.7,4.41,6,2,0
2024-07-31 07:00:00,0.0,472.21,10077.99,27.2,65.6,3.78,7,2,0
2024-07-31 08:00:00,0.0,230.74,10209.08,28.58,62.0,2.4,8,2,0
2024-07-31 09:00:00,0.0,791.25,10199.63,26.27,61.9,4.74,9,2,0
2024-07-31 10:00:00,1972.47,285.2,9675.8,27.0,67.2,2.04,10,2,0
2024-07-31 11:00:00,3797.82,606.21,9819.45,28.48,70.7,4.0,11,2,0
2024-07-31 12:00:00,3300.54,504.67,9972.34,30.25,67.2,4.18,12,2,0
2024-07-31 13:00:00,3630.87,430.54,10214.49,30.34,55.2,2.95,13,2,0
2024-07-31 14:00:00,1924.88,604.38,10293.95,30.81,63.2,4.15,14,2,0
2024-07-31 15:00:00,0.0,329.09,10448.13,31.39,56.7,3.13,15,2,0
2024-07-31 16:00:00,0.0,204.48,10395.18,32.5,56.8,2.43,16,2,0
2024-07-31 17:00:00,0.0,570.7,10624.72,32.88,57.5,4.09,17,2,0
2024-07-31 18:00:00,0.0,718.1,10695.73,31.88,62.6,4.66,18,2,0
2024-07-31 19:00:00,0.0,696.46,11005.13,33.47,64.4,5.83,19,2,0
2024-07-31 20:00:00,0.0,833.22,10695.68,32.23,61.3,5.46,20,2,0
2024-07-31 21:00:00,0.0,1059.24,11053.06,33.51,62.5,5.52,21,2,0
2024-07-31 22:00:00,0.0,557.07,10896.21,32.54,66.0,4.6,22,2,0
2024-07-31 23:00:00,0.0,602.52,10459.22,35.68,67.7,4.89,23,2,0
2024-08-01 00:00:00,0.0,727.22,10410.55,31.9,71.7,4.44,0,3,0
2024-08-01 01:00:00,0.0,389.74,10082.68,29.54,62.9,4.0,1,3,0
2024-08-01 02:00:00,0.0,692.93,10007.86,30.29,68.9,4.26,2,3,0
2024-08-01 03:00:00,0.0,708.09,10108.29,30.29,65.0,4.54,3,3,0
2024-08-01 04:00:00,0.0,430.5,9979.71,30.96,69.3,3.76,4,3,0
2024-08-01 05:00:00,0.0,342.13,9693.57,27.62,68.4,3.72,5,3,0
2024-08-01 06:00:00,0.0,405.8,9986.29,25.95,68.6,4.33,6,3,0
2024-08-01 07:00:00,0.0,344.27,10029.26,28.53,64.8,3.21,7,3,0
2024-08-01 08:00:00,0.0,302.44,10102.15,25.79,61.0,2.44,8,3,0
2024-08-01 09:00:00,0.0,486.56,9933.44,27.03,57.4,3.93,9,3,0
2024-08-01 10:00:00,1774.91,516.75,9826.55,27.54,63.9,3.72,10,3,0
2024-08-01 11:00:00,3715.87,527.48,9883.77,28.24,61.4,3.87,11,3,0
2024-08-01 12:00:00,4030.58,577.84,10095.92,29.77,59.3,4.27,12,3,0
2024-08-01 13:00:00,3830.13,723.97,9949.26,28.85,66.2,4.34,13,3,0
2024-08-01 14:00:00,1750.6,621.9,10224.34,30.12,56.7,4.24,14,3,0
2024-08-01 15:00:00,0.0,1276.08,10123.98,31.21,65.3,6.39,15,3,0
2024-08-01 16:00:00,0.0,382.96,10179.39,32.13,66.0,3.71,16,3,0
2024-08-01 17:00:00,0.0,677.63,10306.48,32.69,51.8,4.51,17,3,0
2024-08-01 18:00:00,0.0,978.9,10830.27,33.57,60.5,5.96,18,3,0
2024-08-01 19:00:00,0.0,1011.59,11100.81,34.36,59.3,5.46,19,3,0
2024-08-01 20:00:00,0.0,952.51,11019.17,33.92,50.3,6.05,20,3,0
2024-08-01 21:00:00,0.0,734.71,11089.44,33.89,57.4,5.61,21,3,0
2024-08-01 22:00:00,0.0,988.63,10492.95,31.15,67.6,6.54,22,3,0
2024-08-01 23:00:00,0.0,507.54,10367.82,32.63,73.8,4.54,23,3,0
2024-08-02 00:00:00,0.0,837.51,10492.44,32.45,70.9,6.29,0,4,0
2024-08-02 01:00:00,0.0,907.25,10362.45,32.03,69.6,5.95,1,4,0
2024-08-02 02:00:00,0.0,574.86,9753.84,29.55,69.0,3.8,2,4,0
2024-08-02 03:00:00,0.0,581.64,9886.65,28.81,76.3,5.02,3,4,0
2024-08-02 04:00:00,0.0,476.45,9722.01,28.19,78.4,4.22,4,4,0
2024-08-02 05:00:00,0.0,508.81,9900.94,28.9,67.3,3.53,5,4,0
2024-08-02 06:00:00,0.0,229.07,9868.84,29.02,61.1,2.29,6,4,0
2024-08-02 07:00:00,0.0,406.26,10309.72,26.99,59.9,2.84,7,4,0
2024-08-02 08:00:00,0.0,452.25,10170.51,28.47,72.6,4.11,8,4,0
2024-08-02 09:00:00,0.0,514.74,10139.01,27.63,65.9,4.16,9,4,0
2024-08-02 10:00:00,2016.61,302.83,9780.71,27.63,65.5,3.38,10,4,0
2024-08-02 11:00:00,3094.63,722.05,9842.93,28.0,56.3,4.3,11,4,0
2024-08-02 12:00:00,3615.08,752.73,9982.99,29.77,59.3,4.56,12,4,0
2024-08-02 13:00:00,3769.28,625.65,10129.56,29.99,60.1,4.13,13,4,0
2024-08-02 14:00:00,1964.86,354.99,10382.83,33.11,61.3,3.67,14,4,0
2024-08-02 15:00:00,0.0,862.02,10219.55,30.13,58.3,4.86,15,4,0
2024-08-02 16:00:00,0.0,928.67,10412.57,32.5,55.6,5.16,16,4,0
2024-08-02 17:00:00,0.0,798.84,10254.05,31.86,56.8,5.55,17,4,0
2024-08-02 18:00:00,0.0,1011.62,10886.23,31.93,65.3,5.91,18,4,0
2024-08-02 19:00:00,0.0,719.62,11011.92,33.26,62.2,4.29,19,4,0
2024-08-02 20:00:00,0.0,683.14,11087.32,33.54,64.7,5.07,20,4,0
2024-08-02 21:00:00,0.0,387.03,11406.57,36.78,59.9,3.99,21,4,0
2024-08-02 22:00:00,0.0,1157.18,10859.56,32.75,53.0,6.07,22,4,0
2024-08-02 23:00:00,0.0,742.29,10197.87,31.14,64.0,5.21,23,4,0
2024-08-03 00:00:00,0.0,1082.95,9264.77,32.13,64.1,5.6,0,5,1
2024-08-03 01:00:00,0.0,491.9,9038.78,28.59,70.0,3.86,1,5,1
2024-08-03 02:00:00,0.0,662.69,9281.1,30.2,82.6,5.92,2,5,1
2024-08-03 03:00:00,0.0,429.1,9100.18,29.55,72.7,3.59,3,5,1
2024-08-03 04:00:00,0.0,771.93,9224.82,29.76,81.0,4.9,4,5,1
2024-08-03 05:00:00,0.0,381.56,9143.12,29.35,72.2,4.14,5,5,1
2024-08-03 06:00:00,0.0,425.2,8821.81,27.1,66.9,3.69,6,5,1
2024-08-03 07:00:00,0.0,326.94,9239.3,27.23,70.0,3.46,7,5,1
2024-08-03 08:00:00,0.0,380.55,8985.04,26.39,74.7,3.07,8,5,1
2024-08-03 09:00:00,0.0,782.16,9161.33,26.05,73.7,4.58,9,5,1
2024-08-03 10:00:00,2222.79,462.8,8721.24,28.08,62.8,3.59,10,5,1
2024-08-03 11:00:00,3831.8,330.21,8840.84,26.66,64.8,2.66,11,5,1
2024-08-03 12:00:00,3464.96,395.69,8716.58,28.31,56.9,3.53,12,5,1
2024-08-03 13:00:00,3386.3,550.69,9024.08,28.34,64.8,4.15,13,5,1
2024-08-03 14:00:00,1673.26,724.21,9145.19,30.97,67.0,5.0,14,5,1
2024-08-03 15:00:00,0.0,592.52,9560.12,33.24,60.4,4.06,15,5,1
2024-08-03 16:00:00,0.0,694.23,9100.3,30.24,57.4,4.37,16,5,1
2024-08-03 17:00:00,0.0,788.15,8883.5,30.2,61.7,5.06,17,5,1
2024-08-03 18:00:00,0.0,1183.91,9793.4,32.75,62.4,5.95,18,5,1
2024-08-03 19:00:00,0.0,670.41,9841.39,33.22,61.9,4.31,19,5,1
2024-08-03 20:00:00,0.0,712.17,9943.21,33.57,63.3,5.91,20,5,1
2024-08-03 21:00:00,0.0,747.0,10023.34,32.67,63.1,5.17,21,5,1
2024-08-03 22:00:00,0.0,942.39,10042.07,32.66,69.1,5.25,22,5,1
2024-08-03 23:00:00,0.0,1470.73,9381.43,32.87,69.3,7.01,23,5,1
2024-08-04 00:00:00,0.0,683.01,9270.49,32.98,64.0,5.13,0,6,1
2024-08-04 01:00:00,0.0,974.59,8839.95,28.66,64.9,5.68,1,6,1
2024-08-04 02:00:00,0.0,756.08,9115.61,29.79,68.7,5.41,2,6,1
2024-08-04 03:00:00,0.0,340.93,9035.95,29.71,73.2,3.63,3,6,1
2024-08-04 04:00:00,0.0,391.65,8664.96,27.63,71.0,2.84,4,6,1
2024-08-04 05:00:00,0.0,812.31,9043.23,30.19,67.7,4.73,5,6,1
2024-08-04 06:00:00,0.0,342.09,9011.39,26.87,70.8,3.0,6,6,1
2024-08-04 07:00:00,0.0,188.47,9174.07,27.29,67.6,2.38,7,6,1
2024-08-04 08:00:00,0.0,694.66,9144.67,27.9,71.4,4.43,8,6,1
2024-08-04 09:00:00,0.0,304.75,9092.34,26.63,68.0,2.76,9,6,1
2024-08-04 10:00:00,1836.75,254.81,8798.81,25.42,64.1,2.99,10,6,1
2024-08-04 11:00:00,3542.59,629.93,8919.28,27.6,65.0,5.29,11,6,1
2024-08-04 12:00:00,3649.98,223.97,9095.63,29.97,68.2,2.54,12,6,1
2024-08-04 13:00:00,3149.64,389.47,9066.22,29.05,59.6,3.07,13,6,1
2024-08-04 14:00:00,2259.96,435.52,9058.68,29.22,62.7,3.95,14,6,1
2024-08-04 15:00:00,0.0,449.66,9326.05,32.12,60.3,4.38,15,6,1
2024-08-04 16:00:00,0.0,654.33,9280.87,31.34,62.1,4.12,16,6,1
2024-08-04 17:00:00,0.0,673.56,9209.26,31.74,57.9,4.15,17,6,1
2024-08-04 18:00:00,0.0,825.95,9875.36,33.01,61.5,6.49,18,6,1
2024-08-04 19:00:00,0.0,717.97,10161.75,34.06,66.3,5.65,19,6,1
2024-08-04 20:00:00,0.0,988.13,10233.55,36.09,59.1,6.01,20,6,1
2024-08-04 21:00:00,0.0,644.93,9981.62,34.12,58.8,5.47,21,6,1
2024-08-04 22:00:00,0.0,704.31,10044.34,34.22,60.2,5.77,22,6,1
2024-08-04 23:00:00,0.0,885.23,9141.63,31.75,62.0,6.19,23,6,1
2024-08-05 00:00:00,0.0,763.61,10118.68,30.43,70.6,4.52,0,0,0
2024-08-05 01:00:00,0.0,989.08,10368.79,31.01,63.6,5.32,1,0,0
2024-08-05 02:00:00,0.0,964.03,9977.51,30.29,68.8,5.43,2,0,0
2024-08-05 03:00:00,0.0,1003.56,9829.39,28.09,73.0,5.85,3,0,0
2024-08-05 04:00:00,0.0,1032.61,9839.88,28.45,72.4,5.91,4,0,0
2024-08-05 05:00:00,0.0,525.21,9845.63,28.52,69.0,4.17,5,0,0
2024-08-05 06:00:00,0.0,676.55,9777.94,27.99,70.8,4.81,6,0,0
2024-08-05 07:00:00,0.0,202.19,10186.72,27.87,69.7,1.61,7,0,0
2024-08-05 08:00:00,0.0,774.79,9969.23,27.51,67.3,4.89,8,0,0
2024-08-05 09:00:00,0.0,263.44,10183.64,26.65,66.2,3.03,9,0,0
2024-08-05 10:00:00,2123.99,342.32,9794.3,26.94,74.7,3.45,10,0,0
2024-08-05 11:00:00,3018.22,663.53,9574.47,26.6,67.7,4.1,11,0,0
2024-08-05 12:00:00,3726.2,418.57,10184.38,30.8,73.1,3.78,12,0,0
2024-08-05 13:00:00,3890.5,478.61,9976.07,29.4,60.2,4.27,13,0,0
2024-08-05 14:00:00,1722.14,807.56,9919.53,29.89,61.0,5.62,14,0,0
2024-08-05 15:00:00,0.0,491.07,10034.59,29.82,55.6,4.3,15,0,0
2024-08-05 16:00:00,0.0,381.98,10532.73,35.18,57.5,4.0,16,0,0
2024-08-05 17:00:00,0.0,882.09,10080.58,30.99,68.5,6.56,17,0,0
2024-08-05 18:00:00,0.0,946.39,10828.68,32.24,59.3,5.74,18,0,0
2024-08-05 19:00:00,0.0,976.3,10788.29,33.56,69.9,7.01,19,0,0
2024-08-05 20:00:00,0.0,1084.71,10892.71,33.88,58.2,6.27,20,0,0
2024-08-05 21:00:00,0.0,466.63,10952.23,34.21,60.2,4.55,21,0,0
2024-08-05 22:00:00,0.0,698.4,11172.68,34.93,64.3,6.09,22,0,0
2024-08-05 23:00:00,0.0,775.25,10455.1,32.89,66.7,4.69,23,0,0
2024-08-06 00:00:00,0.0,906.99,9971.18,30.32,72.2,5.36,0,1,0
2024-08-06 01:00:00,0.0,794.34,9993.43,30.55,71.4,5.08,1,1,0
2024-08-06 02:00:00,0.0,314.62,10111.27,30.45,68.7,3.61,2,1,0
2024-08-06 03:00:00,0.0,424.26,10276.88,31.79,70.3,3.99,3,1,0
2024-08-06 04:00:00,0.0,1148.26,9701.97,26.91,69.7,6.15,4,1,0
2024-08-06 05:00:00,0.0,447.57,10183.11,29.41,67.2,4.33,5,1,0
2024-08-06 06:00:00,0.0,550.89,9808.13,27.7,66.8,3.79,6,1,0
2024-08-06 07:00:00,0.0,794.72,10104.52,28.19,73.7,5.23,7,1,0
2024-08-06 08:00:00,0.0,449.97,10054.67,26.96,61.2,3.36,8,1,0
2024-08-06 09:00:00,0.0,464.26,10222.06,26.18,73.8,3.57,9,1,0
2024-08-06 10:00:00,2110.23,564.84,9900.55,28.39,64.6,4.47,10,1,0
2024-08-06 11:00:00,3130.83,359.84,9671.98,28.75,61.6,3.46,11,1,0
2024-08-06 12:00:00,3847.88,430.87,9923.0,29.75,66.5,3.34,12,1,0
2024-08-06 13:00:00,2884.46,305.18,9894.93,29.29,68.4,2.34,13,1,0
2024-08-06 14:00:00,1717.1,320.61,9955.93,29.36,66.2,3.63,14,1,0
2024-08-06 15:00:00,0.0,448.84,9986.0,28.99,63.2,3.89,15,1,0
2024-08-06 16:00:00,0.0,650.03,10233.4,32.57,65.4,5.03,16,1,0
2024-08-06 17:00:00,0.0,652.97,10369.93,32.71,54.3,4.65,17,1,0
2024-08-06 18:00:00,0.0,913.17,10937.43,31.52,59.6,7.08,18,1,0
2024-08-06 19:00:00,0.0,794.37,10840.33,32.34,58.8,4.66,19,1,0
2024-08-06 20:00:00,0.0,1135.26,10776.2,32.52,68.4,6.73,20,1,0
2024-08-06 21:00:00,0.0,1115.54,10533.09,31.2,63.2,5.82,21,1,0
2024-08-06 22:00:00,0.0,1178.56,10697.77,31.7,69.4,6.25,22,1,0
2024-08-06 23:00:00,0.0,786.44,10015.65,30.85,69.5,6.11,23,1,0
2024-08-07 00:00:00,0.0,340.55,10117.91,31.01,65.4,3.61,0,2,0
2024-08-07 01:00:00,0.0,901.77,10090.46,29.9,67.5,5.17,1,2,0
2024-08-07 02:00:00,0.0,659.32,9798.0,28.06,75.8,4.72,2,2,0
2024-08-07 03:00:00,0.0,331.32,10189.56,31.66,68.1,3.77,3,2,0
2024-08-07 04:00:00,0.0,826.51,9824.38,30.01,71.8,4.78,4,2,0
2024-08-07 05:00:00,0.0,817.08,9885.84,26.95,68.0,5.55,5,2,0
2024-08-07 06:00:00,0.0,182.54,9743.7,27.74,69.4,1.83,6,2,0
2024-08-07 07:00:00,0.0,401.23,10113.96,27.61,69.7,3.38,7,2,0
2024-08-07 08:00:00,0.0,360.01,10047.03,28.44,65.7,2.71,8,2,0
2024-08-07 09:00:00,0.0,350.59,10051.93,26.13,63.8,3.73,9,2,0
2024-08-07 10:00:00,1606.92,374.52,9807.13,28.72,67.5,3.45,10,2,0
2024-08-07 11:00:00,3903.97,346.7,9625.93,27.23,61.7,3.32,11,2,0
2024-08-07 12:00:00,3560.66,724.7,9677.04,26.91,60.6,4.52,12,2,0
2024-08-07 13:00:00,3768.35,947.49,10048.84,30.1,59.0,5.48,13,2,0
2024-08-07 14:00:00,2165.92,1000.31,10270.39,31.56,61.7,6.55,14,2,0
2024-08-07 15:00:00,0.0,567.86,10446.07,33.89,65.3,4.08,15,2,0
2024-08-07 16:00:00,0.0,387.56,9902.5,30.07,67.4,3.48,16,2,0
2024-08-07 17:00:00,0.0,881.95,10369.45,32.97,58.6,5.62,17,2,0
2024-08-07 18:00:00,0.0,1405.17,10901.42,32.11,70.6,6.67,18,2,0
2024-08-07 19:00:00,0.0,999.87,10914.4,33.85,58.8,6.19,19,2,0
2024-08-07 20:00:00,0.0,1478.64,10699.79,31.24,68.2,6.93,20,2,0
2024-08-07 21:00:00,0.0,935.15,10637.89,31.39,62.1,5.49,21,2,0
2024-08-07 22:00:00,0.0,574.32,10889.1,31.68,62.8,5.15,22,2,0
2024-08-07 23:00:00,0.0,996.53,10256.93,32.22,64.6,5.63,23,2,0
2024-08-08 00:00:00,0.0,591.96,10200.6,30.66,68.9,5.15,0,3,0
2024-08-08 01:00:00,0.0,890.94,10348.81,31.5,72.5,5.74,1,3,0
2024-08-08 02:00:00,0.0,932.55,10369.14,31.16,73.6,5.74,2,3,0
2024-08-08 03:00:00,0.0,1021.81,9859.22,29.87,67.7,5.55,3,3,0
2024-08-08 04:00:00,0.0,560.45,9916.85,30.37,67.7,4.86,4,3,0
2024-08-08 05:00:00,0.0,707.95,9964.89,28.31,67.8,4.4,5,3,0
2024-08-08 06:00:00,0.0,789.52,9906.18,25.87,70.5,4.64,6,3,0
2024-08-08 07:00:00,0.0,190.24,10111.39,28.67,69.3,2.27,7,3,0
2024-08-08 08:00:00,0.0,596.82,9712.56,26.2,65.3,3.91,8,3,0
2024-08-08 09:00:00,0.0,393.39,10127.09,28.13,69.0,3.75,9,3,0
2024-08-08 10:00:00,2141.25,366.63,9757.62,29.22,75.7,3.91,10,3,0
2024-08-08 11:00:00,3648.27,586.34,9732.04,28.36,63.3,3.77,11,3,0
2024-08-08 12:00:00,3899.44,533.66,9807.74,26.64,62.4,4.35,12,3,0
2024-08-08 13:00:00,3319.41,491.46,9830.18,28.05,65.3,3.75,13,3,0
2024-08-08 14:00:00,1973.87,808.78,10419.28,31.52,60.1,5.35,14,3,0
2024-08-08 15:00:00,0.0,603.41,10056.27,30.5,64.5,5.09,15,3,0
2024-08-08 16:00:00,0.0,798.29,10113.62,31.53,58.8,5.09,16,3,0
2024-08-08 17:00:00,0.0,462.45,10521.04,32.96,69.1,4.65,17,3,0
2024-08-08 18:00:00,0.0,785.21,11010.61,33.36,63.7,6.07,18,3,0
2024-08-08 19:00:00,0.0,1103.0,10896.58,33.16,60.6,5.74,19,3,0
2024-08-08 20:00:00,0.0,913.91,10883.49,32.68,61.8,5.07,20,3,0
2024-08-08 21:00:00,0.0,846.99,10805.34,32.45,63.3,5.66,21,3,0
2024-08-08 22:00:00,0.0,786.85,11073.6,33.56,72.1,6.18,22,3,0
2024-08-08 23:00:00,0.0,894.12,10583.27,32.72,62.9,6.01,23,3,0
2024-08-09 00:00:00,0.0,1096.72,10081.98,31.04,66.8,5.84,0,4,0
2024-08-09 01:00:00,0.0,579.31,10331.69,31.93,68.2,5.31,1,4,0
2024-08-09 02:00:00,0.0,697.49,9816.63,29.7,71.2,5.82,2,4,0
2024-08-09 03:00:00,0.0,1074.93,9663.59,28.05,70.7,5.73,3,4,0
2024-08-09 04:00:00,0.0,685.54,9853.51,27.44,66.0,5.07,4,4,0
2024-08-09 05:00:00,0.0,348.63,9777.55,26.56,70.2,3.77,5,4,0
2024-08-09 06:00:00,0.0,290.24,9652.9,26.93,70.9,3.19,6,4,0
2024-08-09 07:00:00,0.0,498.34,10157.49,28.44,68.0,3.44,7,4,0
2024-08-09 08:00:00,0.0,777.56,10206.47,25.89,72.2,5.34,8,4,0
2024-08-09 09:00:00,0.0,397.35,9927.37,27.18,71.9,3.96,9,4,0
2024-08-09 10:00:00,2155.89,1000.02,9995.58,26.47,66.6,5.47,10,4,0
2024-08-09 11:00:00,3431.62,557.66,9854.76,27.42,66.6,3.78,11,4,0
2024-08-09 12:00:00,4529.72,339.78,9857.16,26.54,55.8,3.83,12,4,0
2024-08-09 13:00:00,3996.16,562.26,9887.9,28.81,61.7,4.18,13,4,0
2024-08-09 14:00:00,2075.93,494.26,10199.78,29.62,66.6,4.41,14,4,0
2024-08-09 15:00:00,0.0,535.52,10314.76,31.28,60.4,4.12,15,4,0
2024-08-09 16:00:00,0.0,450.53,10198.01,31.62,59.0,4.08,16,4,0
2024-08-09 17:00:00,0.0,758.9,10196.93,30.54,71.2,5.64,17,4,0
2024-08-09 18:00:00,0.0,1062.74,10926.52,33.75,69.9,6.29,18,4,0
2024-08-09 19:00:00,0.0,1311.53,10886.37,33.0,65.3,7.56,19,4,0
2024-08-09 20:00:00,0.0,738.16,11107.34,33.09,69.0,5.36,20,4,0
2024-08-09 21:00:00,0.0,622.66,10933.75,32.74,56.7,5.46,21,4,0
2024-08-09 22:00:00,0.0,926.32,10851.96,31.83,63.8,5.09,22,4,0
2024-08-09 23:00:00,0.0,851.91,10460.6,32.24,66.3,6.51,23,4,0
2024-08-10 00:00:00,0.0,1040.97,9357.55,31.84,68.8,6.13,0,5,1
2024-08-10 01:00:00,0.0,463.51,8807.96,28.45,68.8,4.57,1,5,1
2024-08-10 02:00:00,0.0,624.15,9182.17,29.13,61.4,4.31,2,5,1
2024-08-10 03:00:00,0.0,628.87,8994.6,28.69,73.6,5.53,3,5,1
2024-08-10 04:00:00,0.0,560.79,8990.54,28.58,74.4,4.82,4,5,1
2024-08-10 05:00:00,0.0,738.61,8983.83,29.08,78.5,4.88,5,5,1
2024-08-10 06:00:00,0.0,343.89,8987.29,26.25,68.4,3.36,6,5,1
2024-08-10 07:00:00,0.0,270.39,9368.79,26.28,67.3,2.4,7,5,1
2024-08-10 08:00:00,0.0,277.95,9093.96,26.16,59.0,3.11,8,5,1
2024-08-10 09:00:00,0.0,465.16,9266.85,25.91,67.3,4.32,9,5,1
2024-08-10 10:00:00,1736.85,928.7,8858.12,26.76,70.8,5.49,10,5,1
2024-08-10 11:00:00,3088.48,309.69,8680.35,28.58,63.5,3.56,11,5,1
2024-08-10 12:00:00,3956.68,699.85,8685.51,27.01,73.3,5.88,12,5,1
2024-08-10 13:00:00,3303.03,576.69,9077.05,29.51,62.7,4.94,13,5,1
2024-08-10 14:00:00,2021.46,287.45,8975.24,27.73,63.5,3.4,14,5,1
2024-08-10 15:00:00,0.0,527.96,9141.41,29.88,56.9,4.94,15,5,1
2024-08-10 16:00:00,0.0,757.82,9274.61,30.88,63.4,5.72,16,5,1
2024-08-10 17:00:00,0.0,296.29,9837.35,33.9,54.5,3.33,17,5,1
2024-08-10 18:00:00,0.0,1133.52,9833.97,32.04,65.7,5.99,18,5,1
2024-08-10 19:00:00,0.0,796.61,9509.63,30.03,66.6,6.58,19,5,1
2024-08-10 20:00:00,0.0,1150.54,9564.98,30.37,70.2,6.06,20,5,1
2024-08-10 21:00:00,0.0,1034.82,10043.14,32.71,61.9,5.72,21,5,1
2024-08-10 22:00:00,0.0,644.11,9740.24,33.11,67.9,5.6,22,5,1
2024-08-10 23:00:00,0.0,581.78,9497.32,32.34,70.8,5.45,23,5,1
2024-08-11 00:00:00,0.0,451.68,9242.4,31.39,71.8,4.57,0,6,1
2024-08-11 01:00:00,0.0,686.63,9194.25,31.86,67.6,4.75,1,6,1
2024-08-11 02:00:00,0.0,712.63,8798.54,29.04,62.3,4.73,2,6,1
2024-08-11 03:00:00,0.0,730.4,9258.53,29.99,73.7,4.89,3,6,1
2024-08-11 04:00:00,0.0,534.24,8751.12,26.23,71.9,4.1,4,6,1
2024-08-11 05:00:00,0.0,351.37,8861.48,26.48,70.1,3.61,5,6,1
2024-08-11 06:00:00,0.0,770.03,8737.03,24.93,74.9,4.7,6,6,1
2024-08-11 07:00:00,0.0,490.89,9374.9,26.46,70.9,4.23,7,6,1
2024-08-11 08:00:00,0.0,517.05,9150.78,26.64,64.7,3.41,8,6,1
2024-08-11 09:00:00,0.0,505.71,8977.43,26.93,61.1,4.21,9,6,1
2024-08-11 10:00:00,1660.83,354.23,8802.54,27.17,63.0,3.47,10,6,1
2024-08-11 11:00:00,2870.65,617.29,9021.18,26.46,75.8,3.99,11,6,1
2024-08-11 12:00:00,4153.59,706.79,8736.78,27.96,67.9,4.88,12,6,1
2024-08-11 13:00:00,3481.89,531.93,8810.63,27.12,64.7,3.82,13,6,1
2024-08-11 14:00:00,1736.29,411.11,9376.08,31.33,62.5,3.61,14,6,1
2024-08-11 15:00:00,0.0,784.78,9134.47,30.1,61.7,4.69,15,6,1
2024-08-11 16:00:00,0.0,619.65,9005.21,30.61,67.2,3.97,16,6,1
2024-08-11 17:00:00,0.0,696.75,9532.88,33.72,60.7,5.08,17,6,1
2024-08-11 18:00:00,0.0,653.21,9610.87,30.8,65.5,5.29,18,6,1
2024-08-11 19:00:00,0.0,488.78,9685.65,31.24,62.6,3.7,19,6,1
2024-08-11 20:00:00,0.0,1241.27,9808.91,31.38,72.8,6.19,20,6,1
2024-08-11 21:00:00,0.0,917.35,9853.01,32.51,69.2,5.66,21,6,1
2024-08-11 22:00:00,0.0,1392.95,9847.21,32.81,72.5,6.71,22,6,1
2024-08-11 23:00:00,0.0,815.15,9372.77,32.7,66.5,5.84,23,6,1
2024-08-12 00:00:00,0.0,1201.09,10696.42,34.2,74.5,6.13,0,0,0
2024-08-12 01:00:00,0.0,774.16,9699.56,27.69,70.1,6.29,1,0,0
2024-08-12 02:00:00,0.0,645.36,9820.69,30.34,72.6,4.99,2,0,0
2024-08-12 03:00:00,0.0,666.88,9779.12,28.16,79.2,4.83,3,0,0
2024-08-12 04:00:00,0.0,422.99,9831.39,27.41,68.6,3.32,4,0,0
2024-08-12 05:00:00,0.0,685.4,9736.04,26.74,73.5,5.33,5,0,0
2024-08-12 06:00:00,0.0,630.73,9722.96,25.92,73.9,4.01,6,0,0
2024-08-12 07:00:00,0.0,450.42,10149.27,28.73,73.4,3.16,7,0,0
2024-08-12 08:00:00,0.0,696.02,10098.05,27.62,68.5,4.46,8,0,0
2024-08-12 09:00:00,0.0,179.29,9945.2,26.74,77.4,2.09,9,0,0
2024-08-12 10:00:00,2042.22,316.81,9944.75,28.63,62.6,3.53,10,0,0
2024-08-12 11:00:00,4006.73,640.69,9466.52,25.67,72.4,4.7,11,0,0
2024-08-12 12:00:00,4412.53,535.87,9850.8,26.51,70.2,3.78,12,0,0
2024-08-12 13:00:00,3034.39,358.08,9823.6,26.22,71.9,3.76,13,0,0
2024-08-12 14:00:00,2195.98,593.86,9942.66,28.77,57.1,4.24,14,0,0
2024-08-12 15:00:00,0.0,380.52,9879.67,30.58,59.5,3.23,15,0,0
2024-08-12 16:00:00,0.0,972.1,10228.12,31.23,68.8,5.67,16,0,0
2024-08-12 17:00:00,0.0,730.59,10213.56,31.91,55.5,5.24,17,0,0
2024-08-12 18:00:00,0.0,865.98,10798.52,30.51,57.1,5.32,18,0,0
2024-08-12 19:00:00,0.0,652.96,11022.63,33.47,62.3,5.49,19,0,0
2024-08-12 20:00:00,0.0,741.1,10766.19,32.9,66.1,5.81,20,0,0
2024-08-12 21:00:00,0.0,1260.67,10766.28,33.39,72.9,6.36,21,0,0
2024-08-12 22:00:00,0.0,790.75,10460.67,29.94,67.1,5.76,22,0,0
2024-08-12 23:00:00,0.0,800.36,10399.99,32.1,66.7,4.61,23,0,0
2024-08-13 00:00:00,0.0,690.55,10125.89,29.6,71.8,6.03,0,1,0
2024-08-13 01:00:00,0.0,876.83,10038.35,29.83,73.5,5.76,1,1,0
2024-08-13 02:00:00,0.0,691.41,10069.02,30.17,74.2,5.29,2,1,0
2024-08-13 03:00:00,0.0,1126.38,9854.51,28.86,72.2,5.73,3,1,0
2024-08-13 04:00:00,0.0,807.38,9783.44,27.0,65.3,4.63,4,1,0
2024-08-13 05:00:00,0.0,643.08,9931.89,27.41,69.2,5.25,5,1,0
2024-08-13 06:00:00,0.0,663.28,9744.41,25.09,78.1,5.28,6,1,0
2024-08-13 07:00:00,0.0,681.06,10181.32,28.01,72.4,4.47,7,1,0
2024-08-13 08:00:00,0.0,473.22,10037.59,26.28,69.3,3.3,8,1,0
2024-08-13 09:00:00,0.0,504.34,10222.59,27.97,73.9,3.76,9,1,0
2024-08-13 10:00:00,1869.06,828.31,9855.45,26.3,63.6,4.89,10,1,0
2024-08-13 11:00:00,3349.07,233.43,9902.65,26.78,65.9,2.8,11,1,0
2024-08-13 12:00:00,4394.56,513.24,10011.85,27.11,66.1,3.84,12,1,0
2024-08-13 13:00:00,3439.84,580.82,9702.96,29.8,62.8,4.09,13,1,0
2024-08-13 14:00:00,1985.5,397.92,9962.13,28.68,64.2,3.91,14,1,0
2024-08-13 15:00:00,0.0,968.7,10230.38,31.08,62.5,5.56,15,1,0
2024-08-13 16:00:00,0.0,1012.42,10163.52,30.57,57.5,5.43,16,1,0
2024-08-13 17:00:00,0.0,817.74,9976.15,29.28,64.0,4.8,17,1,0
2024-08-13 18:00:00,0.0,806.65,10752.23,31.44,58.4,6.06,18,1,0
2024-08-13 19:00:00,0.0,754.65,10709.62,31.01,65.2,5.6,19,1,0
2024-08-13 20:00:00,0.0,732.39,10974.54,32.57,71.1,5.12,20,1,0
2024-08-13 21:00:00,0.0,617.67,10767.16,31.0,65.7,5.3,21,1,0
2024-08-13 22:00:00,0.0,1237.95,10947.24,33.24,63.4,6.18,22,1,0
2024-08-13 23:00:00,0.0,838.31,10209.54,31.54,68.9,6.48,23,1,0
2024-08-14 00:00:00,0.0,868.45,10132.4,30.73,67.5,5.21,0,2,0
2024-08-14 01:00:00,0.0,811.78,10115.71,31.01,74.3,5.83,1,2,0
2024-08-14 02:00:00,0.0,1077.6,10327.23,30.6,72.1,6.42,2,2,0
2024-08-14 03:00:00,0.0,354.31,9714.15,28.64,80.0,3.89,3,2,0
2024-08-14 04:00:00,0.0,569.04,9875.97,27.02,78.0,4.92,4,2,0
2024-08-14 05:00:00,0.0,695.71,9875.26,25.19,72.6,5.06,5,2,0
2024-08-14 06:00:00,0.0,577.95,9722.35,26.02,75.6,4.11,6,2,0
2024-08-14 07:00:00,0.0,826.39,10136.53,25.8,70.3,5.02,7,2,0
2024-08-14 08:00:00,0.0,624.25,10252.56,26.57,71.0,5.69,8,2,0
2024-08-14 09:00:00,0.0,425.46,10061.4,26.13,68.2,4.17,9,2,0
2024-08-14 10:00:00,2242.2,518.3,9943.43,27.67,71.4,3.74,10,2,0
2024-08-14 11:00:00,3579.5,787.18,9920.19,26.59,72.8,4.81,11,2,0
2024-08-14 12:00:00,4597.48,570.84,9700.82,27.87,69.1,4.86,12,2,0
2024-08-14 13:00:00,3804.84,221.17,9916.37,30.09,68.5,2.38,13,2,0
2024-08-14 14:00:00,2064.51,476.43,10038.95,29.85,67.7,4.64,14,2,0
2024-08-14 15:00:00,0.0,489.56,9908.06,30.15,65.7,4.58,15,2,0
2024-08-14 16:00:00,0.0,576.89,9717.16,30.22,58.8,5.47,16,2,0
2024-08-14 17:00:00,0.0,799.59,10080.07,30.8,70.3,5.24,17,2,0
2024-08-14 18:00:00,0.0,1024.65,10931.43,31.02,71.3,5.54,18,2,0
2024-08-14 19:00:00,0.0,572.73,10701.28,31.69,63.9,5.07,19,2,0
2024-08-14 20:00:00,0.0,1193.53,11009.64,33.35,64.4,6.45,20,2,0
2024-08-14 21:00:00,0.0,1264.15,10886.82,32.07,69.5,7.22,21,2,0
2024-08-14 22:00:00,0.0,939.0,10589.98,30.42,70.6,5.18,22,2,0
2024-08-14 23:00:00,0.0,739.08,10462.91,33.69,68.9,4.64,23,2,0
2024-08-15 00:00:00,0.0,1030.46,10341.69,31.24,66.1,5.65,0,3,0
2024-08-15 01:00:00,0.0,860.93,9847.49,28.45,73.4,5.4,1,3,0
2024-08-15 02:00:00,0.0,1139.41,9879.61,28.83,75.2,6.12,2,3,0
2024-08-15 03:00:00,0.0,448.81,9971.16,28.71,76.4,3.94,3,3,0
2024-08-15 04:00:00,0.0,454.4,9901.85,29.9,75.0,4.24,4,3,0
2024-08-15 05:00:00,0.0,375.95,9634.43,25.91,72.4,2.71,5,3,0
2024-08-15 06:00:00,0.0,884.75,9591.01,27.93,76.9,5.32,6,3,0
2024-08-15 07:00:00,0.0,419.19,10186.8,28.14,72.4,4.26,7,3,0
2024-08-15 08:00:00,0.0,524.26,10081.36,25.6,69.3,3.59,8,3,0
2024-08-15 09:00:00,0.0,294.64,10200.16,26.13,69.2,2.87,9,3,0
2024-08-15 10:00:00,2224.79,298.21,9792.11,25.52,61.7,2.98,10,3,0
2024-08-15 11:00:00,2861.49,619.66,9621.49,26.99,66.6,4.39,11,3,0
2024-08-15 12:00:00,4142.16,405.3,9743.33,27.81,68.9,3.33,12,3,0
2024-08-15 13:00:00,3610.06,615.52,10066.24,29.37,66.5,4.51,13,3,0
2024-08-15 14:00:00,2027.88,860.08,10090.96,30.67,70.4,6.3,14,3,0
2024-08-15 15:00:00,0.0,801.53,10084.66,29.24,62.8,4.65,15,3,0
2024-08-15 16:00:00,0.0,738.32,9794.57,28.5,65.6,4.42,16,3,0
2024-08-15 17:00:00,0.0,617.65,10307.02,31.45,67.0,5.73,17,3,0
2024-08-15 18:00:00,0.0,570.71,10619.15,32.31,73.7,4.65,18,3,0
2024-08-15 19:00:00,0.0,879.9,10836.13,32.55,65.7,7.17,19,3,0
2024-08-15 20:00:00,0.0,1409.11,10743.77,31.97,62.0,7.02,20,3,0
2024-08-15 21:00:00,0.0,1090.25,10677.92,32.41,70.7,5.8,21,3,0
2024-08-15 22:00:00,0.0,754.0,11150.45,33.77,76.1,5.18,22,3,0
2024-08-15 23:00:00,0.0,968.54,10205.63,31.94,68.6,5.45,23,3,0
2024-08-16 00:00:00,0.0,898.67,9989.13,30.32,74.8,5.43,0,4,0
2024-08-16 01:00:00,0.0,878.75,10124.86,29.45,77.3,5.76,1,4,0
2024-08-16 02:00:00,0.0,870.85,9940.19,29.07,77.3,6.05,2,4,0
2024-08-16 03:00:00,0.0,454.68,10189.54,30.46,74.2,4.13,3,4,0
2024-08-16 04:00:00,0.0,704.85,9581.68,27.55,71.1,5.51,4,4,0
2024-08-16 05:00:00,0.0,720.42,9690.17,27.13,73.4,4.95,5,4,0
2024-08-16 06:00:00,0.0,381.14,10036.37,26.09,75.1,3.84,6,4,0
2024-08-16 07:00:00,0.0,301.56,10203.49,27.69,76.1,3.22,7,4,0
2024-08-16 08:00:00,0.0,368.64,10050.32,28.62,72.7,4.08,8,4,0
2024-08-16 09:00:00,0.0,380.53,10128.0,26.91,68.7,3.11,9,4,0
2024-08-16 10:00:00,1905.95,858.07,9666.52,26.77,71.1,4.81,10,4,0
2024-08-16 11:00:00,2927.24,452.79,9953.26,27.19,71.0,3.19,11,4,0
2024-08-16 12:00:00,4139.56,716.63,9513.63,24.91,67.9,4.69,12,4,0
2024-08-16 13:00:00,3084.03,674.79,9994.18,29.39,62.0,4.39,13,4,0
2024-08-16 14:00:00,1923.54,523.27,9997.41,29.43,63.8,4.25,14,4,0
2024-08-16 15:00:00,0.0,599.09,9975.04,30.56,67.9,4.88,15,4,0
2024-08-16 16:00:00,0.0,880.0,9995.14,29.92,58.4,6.08,16,4,0
2024-08-16 17:00:00,0.0,452.22,10200.25,30.93,55.7,4.5,17,4,0
2024-08-16 18:00:00,0.0,841.21,10502.5,31.38,70.6,5.33,18,4,0
2024-08-16 19:00:00,0.0,610.56,10816.85,33.4,67.4,5.22,19,4,0
2024-08-16 20:00:00,0.0,1049.9,10752.71,31.82,68.8,5.89,20,4,0
2024-08-16 21:00:00,0.0,652.54,11030.45,34.67,63.3,5.41,21,4,0
2024-08-16 22:00:00,0.0,505.7,10787.56,32.39,71.8,4.51,22,4,0
2024-08-16 23:00:00,0.0,890.35,10017.95,29.86,71.3,4.98,23,4,0
2024-08-17 00:00:00,0.0,893.81,9033.16,30.53,65.3,7.0,0,5,1
2024-08-17 01:00:00,0.0,859.77,8985.33,29.18,78.4,5.68,1,5,1
2024-08-17 02:00:00,0.0,594.48,8889.76,26.55,74.1,5.42,2,5,1
2024-08-17 03:00:00,0.0,496.49,9213.08,30.33,72.4,4.76,3,5,1
2024-08-17 04:00:00,0.0,689.49,8764.92,28.53,72.6,4.69,4,5,1
2024-08-17 05:00:00,0.0,569.75,8778.59,27.7,65.9,4.14,5,5,1
2024-08-17 06:00:00,0.0,525.61,8924.63,26.78,75.9,4.7,6,5,1
2024-08-17 07:00:00,0.0,658.96,8961.15,24.63,73.7,4.2,7,5,1
2024-08-17 08:00:00,0.0,394.35,9151.74,25.6,70.9,3.08,8,5,1
2024-08-17 09:00:00,0.0,475.43,9142.37,27.3,75.6,4.19,9,5,1
2024-08-17 10:00:00,2303.31,194.14,8543.58,25.32,63.6,2.05,10,5,1
2024-08-17 11:00:00,3528.09,678.02,8794.68,24.02,65.5,4.45,11,5,1
2024-08-17 12:00:00,4444.0,412.38,8893.69,27.41,63.3,3.15,12,5,1
2024-08-17 13:00:00,2940.35,461.58,8855.94,28.24,64.5,4.41,13,5,1
2024-08-17 14:00:00,1715.12,420.81,8950.99,29.35,65.1,3.77,14,5,1
2024-08-17 15:00:00,0.0,586.51,9196.5,30.84,66.0,4.99,15,5,1
2024-08-17 16:00:00,0.0,762.3,9365.97,31.45,62.8,5.71,16,5,1
2024-08-17 17:00:00,0.0,957.91,9331.19,31.62,60.8,6.69,17,5,1
2024-08-17 18:00:00,0.0,757.53,9814.38,33.22,71.6,4.46,18,5,1
2024-08-17 19:00:00,0.0,1240.17,9392.56,30.26,75.3,6.63,19,5,1
2024-08-17 20:00:00,0.0,1105.36,9918.4,32.79,67.2,6.06,20,5,1
2024-08-17 21:00:00,0.0,737.63,9719.29,32.83,64.8,5.63,21,5,1
2024-08-17 22:00:00,0.0,752.13,9507.7,30.29,75.1,6.56,22,5,1
2024-08-17 23:00:00,0.0,633.31,9049.11,29.5,64.7,5.66,23,5,1
2024-08-18 00:00:00,0.0,1036.33,9185.38,29.7,70.6,6.3,0,6,1
2024-08-18 01:00:00,0.0,564.14,9131.42,29.08,70.2,4.72,1,6,1
2024-08-18 02:00:00,0.0,537.7,9089.28,30.0,69.1,4.77,2,6,1
2024-08-18 03:00:00,0.0,647.83,8792.86,27.58,73.1,5.77,3,6,1
2024-08-18 04:00:00,0.0,1127.46,8709.92,26.57,70.9,5.95,4,6,1
2024-08-18 05:00:00,0.0,633.12,9089.04,26.24,74.3,4.49,5,6,1
2024-08-18 06:00:00,0.0,177.56,8819.21,27.84,73.8,2.08,6,6,1
2024-08-18 07:00:00,0.0,579.61,9220.34,26.21,70.4,3.99,7,6,1
2024-08-18 08:00:00,0.0,595.68,9162.61,25.88,70.4,4.08,8,6,1
2024-08-18 09:00:00,0.0,413.78,9079.53,26.07,69.8,3.83,9,6,1
2024-08-18 10:00:00,2199.95,460.52,8795.15,28.05,72.6,4.32,10,6,1
2024-08-18 11:00:00,3452.83,547.07,8688.03,26.08,67.5,3.77,11,6,1
2024-08-18 12:00:00,3442.45,631.27,9122.07,29.17,70.2,4.98,12,6,1
2024-08-18 13:00:00,3863.55,517.33,8904.52,28.57,68.2,3.58,13,6,1
2024-08-18 14:00:00,2084.4,641.31,9128.15,28.9,67.4,5.75,14,6,1
2024-08-18 15:00:00,0.0,995.27,9355.33,32.87,70.1,6.26,15,6,1
2024-08-18 16:00:00,0.0,495.17,8969.86,29.33,59.9,4.55,16,6,1
2024-08-18 17:00:00,0.0,727.33,9036.07,30.79,62.7,4.79,17,6,1
2024-08-18 18:00:00,0.0,1223.57,9525.71,30.22,72.1,6.05,18,6,1
2024-08-18 19:00:00,0.0,655.14,9747.15,33.14,64.8,4.93,19,6,1
2024-08-18 20:00:00,0.0,642.12,10056.0,34.12,55.6,5.59,20,6,1
2024-08-18 21:00:00,0.0,1019.43,10006.94,34.0,67.3,6.9,21,6,1
2024-08-18 22:00:00,0.0,1313.15,10075.23,33.16,69.9,6.57,22,6,1
2024-08-18 23:00:00,0.0,1461.53,9018.79,30.98,60.2,7.47,23,6,1
2024-08-19 00:00:00,0.0,766.06,10192.74,30.07,77.5,5.89,0,0,0
2024-08-19 01:00:00,0.0,911.14,9668.59,27.78,70.3,5.06,1,0,0
2024-08-19 02:00:00,0.0,840.76,10262.01,31.45,75.3,5.35,2,0,0
2024-08-19 03:00:00,0.0,555.82,9748.09,28.79,73.6,4.93,3,0,0
2024-08-19 04:00:00,0.0,664.29,9810.33,26.92,69.5,4.68,4,0,0
2024-08-19 05:00:00,0.0,588.69,9545.21,28.48,70.2,4.53,5,0,0
2024-08-19 06:00:00,0.0,512.29,9705.53,25.24,70.2,3.59,6,0,0
2024-08-19 07:00:00,0.0,528.42,10113.73,26.6,77.5,4.41,7,0,0
2024-08-19 08:00:00,0.0,407.94,10311.65,25.8,71.5,2.95,8,0,0
2024-08-19 09:00:00,0.0,487.15,9845.64,26.88,68.8,3.47,9,0,0
2024-08-19 10:00:00,1915.57,552.55,9785.73,26.33,65.9,3.99,10,0,0
2024-08-19 11:00:00,3109.82,224.68,9723.75,25.15,73.1,2.37,11,0,0
2024-08-19 12:00:00,3822.13,887.34,9556.07,27.6,73.0,4.95,12,0,0
2024-08-19 13:00:00,3381.0,336.78,9838.76,29.49,70.8,2.9,13,0,0
2024-08-19 14:00:00,1985.0,963.96,9851.69,28.97,67.3,5.32,14,0,0
2024-08-19 15:00:00,0.0,420.36,10183.51,30.71,66.0,4.01,15,0,0
2024-08-19 16:00:00,0.0,901.11,9954.05,29.25,59.8,4.98,16,0,0
2024-08-19 17:00:00,0.0,1097.74,10019.1,31.1,63.8,5.96,17,0,0
2024-08-19 18:00:00,0.0,1608.25,10430.28,30.86,62.6,7.51,18,0,0
2024-08-19 19:00:00,0.0,778.74,10944.92,32.8,58.8,6.01,19,0,0
2024-08-19 20:00:00,0.0,561.87,10776.87,32.05,71.4,4.43,20,0,0
2024-08-19 21:00:00,0.0,856.28,11079.35,32.73,65.6,6.81,21,0,0
2024-08-19 22:00:00,0.0,704.1,10866.35,32.91,74.4,5.83,22,0,0
2024-08-19 23:00:00,0.0,810.06,10422.15,31.96,74.5,5.97,23,0,0
2024-08-20 00:00:00,0.0,1251.36,10197.76,30.75,74.6,6.23,0,1,0
2024-08-20 01:00:00,0.0,512.94,9947.59,28.5,75.9,3.8,1,1,0
2024-08-20 02:00:00,0.0,696.83,9952.55,28.91,71.7,5.34,2,1,0
2024-08-20 03:00:00,0.0,826.3,9840.52,27.5,82.1,4.75,3,1,0
2024-08-20 04:00:00,0.0,1010.89,9510.98,27.0,75.0,5.79,4,1,0
2024-08-20 05:00:00,0.0,919.0,9757.57,26.35,75.9,5.16,5,1,0
2024-08-20 06:00:00,0.0,439.22,9706.37,25.14,71.6,3.07,6,1,0
2024-08-20 07:00:00,0.0,866.32,10253.48,23.67,69.7,5.22,7,1,0
2024-08-20 08:00:00,0.0,504.11,9980.8,25.12,74.3,4.47,8,1,0
2024-08-20 09:00:00,0.0,412.68,10067.37,26.25,72.0,2.84,9,1,0
2024-08-20 10:00:00,1763.66,476.34,9882.1,24.7,66.7,4.15,10,1,0
2024-08-20 11:00:00,4066.56,787.01,9822.12,26.82,62.8,5.04,11,1,0
2024-08-20 12:00:00,4567.59,481.72,10020.28,29.7,62.3,3.4,12,1,0
2024-08-20 13:00:00,3079.13,695.96,10091.72,29.37,71.1,5.68,13,1,0
2024-08-20 14:00:00,1717.51,462.4,10181.35,30.89,63.1,3.61,14,1,0
2024-08-20 15:00:00,0.0,544.62,9992.77,30.16,63.7,4.44,15,1,0
2024-08-20 16:00:00,0.0,523.64,10111.77,31.82,70.7,4.58,16,1,0
2024-08-20 17:00:00,0.0,778.7,10117.82,30.17,60.6,6.68,17,1,0
2024-08-20 18:00:00,0.0,967.13,10542.83,30.74,62.6,5.39,18,1,0
2024-08-20 19:00:00,0.0,556.51,10327.84,28.53,63.3,5.01,19,1,0
2024-08-20 20:00:00,0.0,1256.88,11092.24,33.34,73.8,6.4,20,1,0
2024-08-20 21:00:00,0.0,1137.83,10976.61,33.66,76.5,6.6,21,1,0
2024-08-20 22:00:00,0.0,1145.8,10595.79,30.85,72.9,6.58,22,1,0
2024-08-20 23:00:00,0.0,1037.78,10096.43,30.73,74.3,5.72,23,1,0
2024-08-21 00:00:00,0.0,944.89,9934.6,29.42,70.3,6.02,0,2,0
2024-08-21 01:00:00,0.0,662.91,9926.62,30.06,81.4,5.08,1,2,0
2024-08-21 02:00:00,0.0,863.9,10261.96,30.18,75.5,6.7,2,2,0
2024-08-21 03:00:00,0.0,978.6,9720.08,25.96,78.3,6.02,3,2,0
2024-08-21 04:00:00,0.0,894.46,9880.13,27.82,74.7,5.71,4,2,0
2024-08-21 05:00:00,0.0,667.38,9663.78,26.37,73.8,5.24,5,2,0
2024-08-21 06:00:00,0.0,703.89,9851.94,26.36,81.1,4.81,6,2,0
2024-08-21 07:00:00,0.0,362.48,10121.32,26.48,75.8,3.24,7,2,0
2024-08-21 08:00:00,0.0,744.28,10104.0,25.6,78.4,4.65,8,2,0
2024-08-21 09:00:00,0.0,559.44,10121.99,25.8,72.4,4.2,9,2,0
2024-08-21 10:00:00,2114.36,927.84,9835.92,25.97,66.7,5.15,10,2,0
2024-08-21 11:00:00,3096.97,687.03,9758.77,27.87,66.5,4.88,11,2,0
2024-08-21 12:00:00,3373.7,824.2,9764.76,27.83,68.0,4.84,12,2,0
2024-08-21 13:00:00,3975.37,383.47,9895.61,28.32,64.0,3.26,13,2,0
2024-08-21 14:00:00,1944.41,678.62,9648.97,27.3,61.3,4.77,14,2,0
2024-08-21 15:00:00,0.0,583.4,9775.34,29.15,70.1,4.66,15,2,0
2024-08-21 16:00:00,0.0,785.85,10237.13,31.41,62.9,5.57,16,2,0
2024-08-21 17:00:00,0.0,961.44,9921.57,30.99,65.8,5.27,17,2,0
2024-08-21 18:00:00,0.0,702.85,10619.78,32.22,66.9,5.59,18,2,0
2024-08-21 19:00:00,0.0,788.43,11242.47,33.84,64.2,6.34,19,2,0
2024-08-21 20:00:00,0.0,1041.36,11114.75,33.07,73.4,5.73,20,2,0
2024-08-21 21:00:00,0.0,1026.13,10705.35,31.84,64.3,6.2,21,2,0
2024-08-21 22:00:00,0.0,589.94,10763.96,30.81,71.1,4.86,22,2,0
2024-08-21 23:00:00,0.0,742.29,9910.06,27.88,72.4,5.3,23,2,0
2024-08-22 00:00:00,0.0,1036.2,10098.31,30.03,72.6,6.37,0,3,0
2024-08-22 01:00:00,0.0,665.09,9917.65,29.12,68.7,4.65,1,3,0
2024-08-22 02:00:00,0.0,1219.61,10012.37,29.2,78.1,6.39,2,3,0
2024-08-22 03:00:00,0.0,857.17,9881.76,27.77,78.1,5.91,3,3,0
2024-08-22 04:00:00,0.0,698.71,9863.05,26.85,72.6,4.66,4,3,0
2024-08-22 05:00:00,0.0,1401.09,9600.08,24.48,78.0,7.03,5,3,0
2024-08-22 06:00:00,0.0,962.22,10029.97,25.01,76.1,5.42,6,3,0
2024-08-22 07:00:00,0.0,357.63,10389.4,26.41,68.7,3.51,7,3,0
2024-08-22 08:00:00,0.0,596.44,9871.9,27.79,69.4,4.76,8,3,0
2024-08-22 09:00:00,0.0,568.67,10162.32,25.72,76.2,4.19,9,3,0
2024-08-22 10:00:00,1849.5,520.95,10031.49,26.53,71.5,3.55,10,3,0
2024-08-22 11:00:00,3835.77,470.76,9906.27,27.76,66.8,3.41,11,3,0
2024-08-22 12:00:00,4451.21,792.24,9907.55,26.26,64.4,5.22,12,3,0
2024-08-22 13:00:00,3512.83,684.5,9663.78,28.4,64.7,4.16,13,3,0
2024-08-22 14:00:00,2371.33,636.78,9880.93,27.85,64.2,4.79,14,3,0
2024-08-22 15:00:00,0.0,696.53,10136.0,30.55,62.1,4.4,15,3,0
2024-08-22 16:00:00,0.0,784.2,10184.5,30.42,58.3,4.79,16,3,0
2024-08-22 17:00:00,0.0,1023.81,10066.2,31.21,70.0,5.53,17,3,0
2024-08-22 18:00:00,0.0,1248.32,10462.56,30.39,69.9,6.15,18,3,0
2024-08-22 19:00:00,0.0,488.92,10837.37,32.48,61.7,3.93,19,3,0
2024-08-22 20:00:00,0.0,788.7,11030.74,34.24,68.3,6.11,20,3,0
2024-08-22 21:00:00,0.0,808.9,10576.03,30.42,65.4,5.54,21,3,0
2024-08-22 22:00:00,0.0,1463.88,10601.64,30.93,69.3,7.22,22,3,0
2024-08-22 23:00:00,0.0,1711.25,10156.26,31.13,70.2,8.35,23,3,0
2024-08-23 00:00:00,0.0,756.41,10095.41,31.09,71.3,5.58,0,4,0
2024-08-23 01:00:00,0.0,407.96,9874.71,28.75,82.1,4.28,1,4,0
2024-08-23 02:00:00,0.0,825.79,9615.17,25.24,73.1,5.51,2,4,0
2024-08-23 03:00:00,0.0,695.25,10036.69,29.5,72.1,5.0,3,4,0
2024-08-23 04:00:00,0.0,791.63,9824.83,28.06,72.5,6.48,4,4,0
2024-08-23 05:00:00,0.0,1094.45,9634.58,24.43,79.5,5.99,5,4,0
2024-08-23 06:00:00,0.0,645.14,9945.16,25.32,68.2,5.15,6,4,0
2024-08-23 07:00:00,0.0,512.78,10001.78,27.63,71.0,3.83,7,4,0
2024-08-23 08:00:00,0.0,497.51,10243.67,27.38,78.8,4.74,8,4,0
2024-08-23 09:00:00,0.0,695.51,10140.53,26.87,72.8,4.37,9,4,0
2024-08-23 10:00:00,1764.91,659.07,9906.07,25.83,71.3,4.39,10,4,0
2024-08-23 11:00:00,3490.74,325.31,9807.14,26.62,77.7,3.05,11,4,0
2024-08-23 12:00:00,4270.37,831.91,9854.02,26.99,69.0,5.3,12,4,0
2024-08-23 13:00:00,4098.25,532.1,10058.47,29.22,64.1,4.75,13,4,0
2024-08-23 14:00:00,2227.54,857.34,10014.86,27.59,65.0,4.82,14,4,0
2024-08-23 15:00:00,0.0,748.17,9971.66,28.45,61.1,4.68,15,4,0
2024-08-23 16:00:00,0.0,772.74,10263.15,31.36,70.5,4.79,16,4,0
2024-08-23 17:00:00,0.0,729.47,9965.64,30.71,68.0,5.92,17,4,0
2024-08-23 18:00:00,0.0,425.38,10617.5,32.9,70.7,4.47,18,4,0
2024-08-23 19:00:00,0.0,1142.52,10619.59,30.74,71.8,6.66,19,4,0
2024-08-23 20:00:00,0.0,607.62,10655.34,31.58,66.3,5.28,20,4,0
2024-08-23 21:00:00,0.0,701.28,10514.85,30.43,65.4,4.51,21,4,0
2024-08-23 22:00:00,0.0,1224.65,10689.61,31.25,70.3,7.59,22,4,0
2024-08-23 23:00:00,0.0,707.85,9990.28,28.99,68.3,5.34,23,4,0
2024-08-24 00:00:00,0.0,582.55,8945.93,29.46,73.9,5.32,0,5,1
2024-08-24 01:00:00,0.0,1387.66,8961.42,27.6,78.8,6.6,1,5,1
2024-08-24 02:00:00,0.0,1456.64,9015.34,29.38,74.4,6.93,2,5,1
2024-08-24 03:00:00,0.0,388.2,8930.33,28.63,76.1,3.96,3,5,1
2024-08-24 04:00:00,0.0,482.19,9079.0,24.97,75.3,4.17,4,5,1
2024-08-24 05:00:00,0.0,467.18,8878.79,28.03,78.7,3.98,5,5,1
2024-08-24 06:00:00,0.0,666.7,8955.8,28.95,72.4,5.23,6,5,1
2024-08-24 07:00:00,0.0,1065.68,9201.87,25.71,65.4,5.63,7,5,1
2024-08-24 08:00:00,0.0,445.56,9354.66,24.78,75.1,3.36,8,5,1
2024-08-24 09:00:00,0.0,986.1,9251.95,29.04,75.9,5.32,9,5,1
2024-08-24 10:00:00,2246.73,540.49,8906.77,24.37,72.5,3.66,10,5,1
2024-08-24 11:00:00,3906.14,711.01,8841.01,26.45,66.8,4.59,11,5,1
2024-08-24 12:00:00,4082.35,459.3,8841.64,27.27,63.7,3.47,12,5,1
2024-08-24 13:00:00,4142.01,751.62,8953.65,29.39,69.1,4.59,13,5,1
2024-08-24 14:00:00,2117.75,743.91,8898.51,28.98,66.9,4.84,14,5,1
2024-08-24 15:00:00,0.0,566.0,9140.75,28.73,65.4,4.94,15,5,1
2024-08-24 16:00:00,0.0,955.55,8891.28,28.91,73.0,5.76,16,5,1
2024-08-24 17:00:00,0.0,685.83,8926.76,30.26,62.1,4.88,17,5,1
2024-08-24 18:00:00,0.0,960.3,9546.21,29.94,73.5,5.19,18,5,1
2024-08-24 19:00:00,0.0,1036.54,9832.28,31.51,67.3,6.41,19,5,1
2024-08-24 20:00:00,0.0,884.24,9786.28,30.87,60.9,7.23,20,5,1
2024-08-24 21:00:00,0.0,839.51,9354.76,29.65,68.7,6.17,21,5,1
2024-08-24 22:00:00,0.0,1326.54,9973.63,32.65,74.5,6.56,22,5,1
2024-08-24 23:00:00,0.0,1383.77,9337.05,30.07,70.5,6.66,23,5,1
2024-08-25 00:00:00,0.0,1216.0,8820.92,28.43,67.5,6.59,0,6,1
2024-08-25 01:00:00,0.0,513.87,8950.53,29.03,73.8,4.95,1,6,1
2024-08-25 02:00:00,0.0,484.64,8767.77,28.54,71.8,4.85,2,6,1
2024-08-25 03:00:00,0.0,625.39,9076.44,25.58,77.7,4.66,3,6,1
2024-08-25 04:00:00,0.0,1360.26,8674.91,27.35,79.0,6.5,4,6,1
2024-08-25 05:00:00,0.0,891.69,8806.03,25.08,71.5,5.12,5,6,1
2024-08-25 06:00:00,0.0,853.03,8948.16,27.91,72.4,4.88,6,6,1
2024-08-25 07:00:00,0.0,674.51,9056.92,26.19,77.4,4.64,7,6,1
2024-08-25 08:00:00,0.0,446.27,9020.31,24.98,69.9,3.19,8,6,1
2024-08-25 09:00:00,0.0,787.83,9132.73,24.66,67.8,5.77,9,6,1
2024-08-25 10:00:00,1769.53,452.48,9140.82,25.73,66.2,4.63,10,6,1
2024-08-25 11:00:00,3690.58,860.62,8823.28,27.07,71.0,4.93,11,6,1
2024-08-25 12:00:00,3866.34,296.45,8829.15,26.93,69.6,3.1,12,6,1
2024-08-25 13:00:00,3996.1,887.23,8720.13,27.42,64.6,5.34,13,6,1
2024-08-25 14:00:00,2284.51,694.47,8960.63,28.53,66.6,4.67,14,6,1
2024-08-25 15:00:00,0.0,425.72,9018.19,28.51,72.2,4.16,15,6,1
2024-08-25 16:00:00,0.0,528.34,8956.8,29.54,62.0,4.71,16,6,1
2024-08-25 17:00:00,0.0,578.8,8926.27,28.07,58.2,4.71,17,6,1
2024-08-25 18:00:00,0.0,787.57,9719.26,32.22,68.4,4.9,18,6,1
2024-08-25 19:00:00,0.0,703.73,9505.69,31.71,66.9,6.13,19,6,1
2024-08-25 20:00:00,0.0,855.17,9653.3,30.53,65.5,5.87,20,6,1
2024-08-25 21:00:00,0.0,1148.32,10200.75,33.63,72.2,6.48,21,6,1
2024-08-25 22:00:00,0.0,1027.9,9526.73,31.16,74.2,7.52,22,6,1
2024-08-25 23:00:00,0.0,722.05,9027.15,29.33,63.3,5.98,23,6,1
2024-08-26 00:00:00,0.0,498.46,10307.31,30.89,70.9,4.16,0,0,0
2024-08-26 01:00:00,0.0,726.01,9977.88,29.62,83.9,5.55,1,0,0
2024-08-26 02:00:00,0.0,1133.45,9720.62,28.84,77.7,6.46,2,0,0
2024-08-26 03:00:00,0.0,952.01,9791.39,27.07,78.6,5.18,3,0,0
2024-08-26 04:00:00,0.0,697.21,9964.84,27.4,80.8,6.21,4,0,0
2024-08-26 05:00:00,0.0,903.19,9725.22,25.93,76.0,5.11,5,0,0
2024-08-26 06:00:00,0.0,337.22,9813.87,26.43,78.6,3.07,6,0,0
2024-08-26 07:00:00,0.0,651.13,9974.58,23.18,77.5,4.47,7,0,0
2024-08-26 08:00:00,0.0,728.74,10089.06,24.84,75.7,4.52,8,0,0
2024-08-26 09:00:00,0.0,761.89,10147.4,27.53,71.1,5.11,9,0,0
2024-08-26 10:00:00,2234.16,665.43,9801.1,24.84,71.7,5.73,10,0,0
2024-08-26 11:00:00,3496.7,574.17,9734.22,25.52,67.4,5.1,11,0,0
2024-08-26 12:00:00,4341.62,798.05,9839.16,26.32,68.6,4.89,12,0,0
2024-08-26 13:00:00,4130.1,647.94,9866.34,26.13,62.8,5.29,13,0,0
2024-08-26 14:00:00,2323.42,700.7,9874.27,25.71,63.6,4.85,14,0,0
2024-08-26 15:00:00,0.0,494.07,9859.21,28.86,65.1,4.07,15,0,0
2024-08-26 16:00:00,0.0,732.31,9966.0,30.02,62.3,5.54,16,0,0
2024-08-26 17:00:00,0.0,1103.76,10326.49,30.42,64.2,6.04,17,0,0
2024-08-26 18:00:00,0.0,799.53,10658.05,30.79,66.1,4.99,18,0,0
2024-08-26 19:00:00,0.0,1304.16,10676.16,31.31,69.1,7.17,19,0,0
2024-08-26 20:00:00,0.0,1078.85,10691.09,32.59,72.4,7.01,20,0,0
2024-08-26 21:00:00,0.0,620.3,10559.88,31.03,67.9,5.15,21,0,0
2024-08-26 22:00:00,0.0,1240.1,10498.94,30.27,76.4,7.3,22,0,0
2024-08-26 23:00:00,0.0,1070.59,10109.63,30.15,76.1,5.86,23,0,0
2024-08-27 00:00:00,0.0,821.68,10053.21,30.46,75.7,5.36,0,1,0
2024-08-27 01:00:00,0.0,1380.03,10133.06,30.74,75.4,6.63,1,1,0
2024-08-27 02:00:00,0.0,583.72,9614.01,27.51,76.8,5.49,2,1,0
2024-08-27 03:00:00,0.0,1444.83,9954.53,27.61,80.8,6.79,3,1,0
2024-08-27 04:00:00,0.0,629.55,9697.5,27.17,81.1,4.33,4,1,0
2024-08-27 05:00:00,0.0,476.98,9814.21,24.95,81.4,3.39,5,1,0
2024-08-27 06:00:00,0.0,512.69,9722.33,25.69,75.7,4.34,6,1,0
2024-08-27 07:00:00,0.0,718.32,10062.82,23.61,77.0,5.04,7,1,0
2024-08-27 08:00:00,0.0,500.71,10005.71,23.14,79.1,3.56,8,1,0
2024-08-27 09:00:00,0.0,428.35,10136.56,25.81,70.0,3.21,9,1,0
2024-08-27 10:00:00,2193.0,539.53,9668.36,25.21,69.9,4.49,10,1,0
2024-08-27 11:00:00,3889.4,335.72,9823.71,26.39,70.0,3.23,11,1,0
2024-08-27 12:00:00,4573.27,728.43,9771.74,26.74,72.3,4.81,12,1,0
2024-08-27 13:00:00,3077.81,752.98,9861.6,26.32,71.3,4.5,13,1,0
2024-08-27 14:00:00,2136.8,769.34,9899.9,28.21,66.0,5.41,14,1,0
2024-08-27 15:00:00,0.0,486.78,9747.89,27.56,60.4,4.16,15,1,0
2024-08-27 16:00:00,0.0,1315.15,10263.36,31.44,67.2,6.57,16,1,0
2024-08-27 17:00:00,0.0,937.59,9827.97,28.76,62.7,5.62,17,1,0
2024-08-27 18:00:00,0.0,1001.47,10779.31,30.63,60.9,6.59,18,1,0
2024-08-27 19:00:00,0.0,844.52,10487.58,29.91,62.6,6.9,19,1,0
2024-08-27 20:00:00,0.0,876.3,10763.49,31.95,70.0,5.31,20,1,0
2024-08-27 21:00:00,0.0,1059.25,10582.76,30.77,75.4,6.98,21,1,0
2024-08-27 22:00:00,0.0,544.18,10484.27,30.24,71.4,5.1,22,1,0
2024-08-27 23:00:00,0.0,762.03,10459.7,31.41,73.4,5.04,23,1,0
2024-08-28 00:00:00,0.0,1152.33,10059.83,29.71,78.6,7.58,0,2,0
2024-08-28 01:00:00,0.0,990.68,9991.99,29.57,68.7,6.69,1,2,0
2024-08-28 02:00:00,0.0,1196.8,9728.85,26.99,77.8,7.22,2,2,0
2024-08-28 03:00:00,0.0,796.32,9919.57,25.71,76.2,5.0,3,2,0
2024-08-28 04:00:00,0.0,636.17,9720.52,26.8,78.6,5.12,4,2,0
2024-08-28 05:00:00,0.0,568.85,9800.49,25.67,74.3,5.22,5,2,0
2024-08-28 06:00:00,0.0,588.95,10050.35,26.32,72.4,4.58,6,2,0
2024-08-28 07:00:00,0.0,348.64,9986.13,25.18,75.5,3.83,7,2,0
2024-08-28 08:00:00,0.0,484.95,10165.75,25.42,80.5,3.61,8,2,0
2024-08-28 09:00:00,0.0,754.26,10135.63,23.32,76.1,4.47,9,2,0
2024-08-28 10:00:00,1782.71,451.81,9849.38,27.84,69.3,3.48,10,2,0
2024-08-28 11:00:00,3231.44,369.92,9751.81,25.85,64.7,3.56,11,2,0
2024-08-28 12:00:00,4566.77,557.83,9714.93,27.51,62.1,4.91,12,2,0
2024-08-28 13:00:00,3255.47,544.13,9813.18,26.39,73.1,4.72,13,2,0
2024-08-28 14:00:00,1782.98,740.87,9799.32,28.54,63.2,5.79,14,2,0
2024-08-28 15:00:00,0.0,620.88,9506.2,27.38,65.2,4.96,15,2,0
2024-08-28 16:00:00,0.0,553.95,9965.52,30.21,71.7,5.09,16,2,0
2024-08-28 17:00:00,0.0,1192.97,9982.36,29.86,60.1,6.14,17,2,0
2024-08-28 18:00:00,0.0,962.08,10513.46,30.8,73.0,5.35,18,2,0
2024-08-28 19:00:00,0.0,908.77,10800.78,31.91,66.8,5.64,19,2,0
2024-08-28 20:00:00,0.0,654.19,10412.03,29.69,64.3,5.77,20,2,0
2024-08-28 21:00:00,0.0,1138.01,10568.29,30.25,69.1,6.13,21,2,0
2024-08-28 22:00:00,0.0,969.45,10968.46,31.32,68.5,7.68,22,2,0
2024-08-28 23:00:00,0.0,552.72,10539.3,32.81,74.4,5.06,23,2,0
2024-08-29 00:00:00,0.0,1058.12,10034.64,29.41,71.4,7.07,0,3,0
2024-08-29 01:00:00,0.0,988.96,10199.67,29.56,67.4,6.41,1,3,0
2024-08-29 02:00:00,0.0,1031.52,9777.29,27.95,75.0,6.84,2,3,0
2024-08-29 03:00:00,0.0,1072.28,9983.89,29.63,70.9,7.83,3,3,0
2024-08-29 04:00:00,0.0,759.52,9659.33,24.48,77.3,6.21,4,3,0
2024-08-29 05:00:00,0.0,1008.58,9939.38,26.07,71.6,5.56,5,3,0
2024-08-29 06:00:00,0.0,393.45,10020.84,23.52,73.9,3.57,6,3,0
2024-08-29 07:00:00,0.0,348.87,10209.89,22.17,75.8,3.51,7,3,0
2024-08-29 08:00:00,0.0,626.07,10271.81,25.43,73.2,4.65,8,3,0
2024-08-29 09:00:00,0.0,244.16,9772.52,25.34,73.8,2.96,9,3,0
2024-08-29 10:00:00,2331.91,713.08,10066.76,25.13,74.2,4.85,10,3,0
2024-08-29 11:00:00,3297.37,262.13,9773.48,25.82,65.6,2.75,11,3,0
2024-08-29 12:00:00,3516.49,875.77,10357.26,30.29,68.8,5.54,12,3,0
2024-08-29 13:00:00,3611.75,655.52,9993.8,26.99,54.7,4.57,13,3,0
2024-08-29 14:00:00,2438.95,879.01,9965.63,28.69,68.2,5.17,14,3,0
2024-08-29 15:00:00,0.0,543.04,9753.66,28.07,65.5,4.72,15,3,0
2024-08-29 16:00:00,0.0,502.98,10048.17,29.93,62.6,4.06,16,3,0
2024-08-29 17:00:00,0.0,1426.58,9797.46,29.91,68.0,6.81,17,3,0
2024-08-29 18:00:00,0.0,1344.26,10676.38,30.18,71.9,7.1,18,3,0
2024-08-29 19:00:00,0.0,1169.52,10632.3,33.15,66.1,5.91,19,3,0
2024-08-29 20:00:00,0.0,1406.61,10819.9,32.49,65.2,6.82,20,3,0
2024-08-29 21:00:00,0.0,998.4,10870.83,31.14,70.9,6.01,21,3,0
2024-08-29 22:00:00,0.0,909.25,10376.49,27.91,66.2,6.52,22,3,0
2024-08-29 23:00:00,0.0,1288.74,9824.17,29.76,70.2,6.8,23,3,0
2024-08-30 00:00:00,0.0,1173.79,10219.88,32.72,79.0,6.5,0,4,0
2024-08-30 01:00:00,0.0,1206.28,9774.79,28.48,75.4,6.92,1,4,0
2024-08-30 02:00:00,0.0,1049.03,9959.21,29.3,68.5,6.02,2,4,0
2024-08-30 03:00:00,0.0,841.66,10008.37,28.93,69.3,5.37,3,4,0
2024-08-30 04:00:00,0.0,602.66,9858.5,26.74,77.3,4.48,4,4,0
2024-08-30 05:00:00,0.0,564.48,9658.95,24.84,79.9,4.47,5,4,0
2024-08-30 06:00:00,0.0,564.34,9860.25,22.46,69.5,5.29,6,4,0
2024-08-30 07:00:00,0.0,464.09,10188.04,25.9,77.0,3.28,7,4,0
2024-08-30 08:00:00,0.0,930.99,10159.62,24.0,79.5,5.27,8,4,0
2024-08-30 09:00:00,0.0,554.34,10398.38,25.29,80.5,4.12,9,4,0
2024-08-30 10:00:00,2342.52,392.75,9873.16,23.88,73.0,3.73,10,4,0
2024-08-30 11:00:00,3752.77,312.71,9902.14,25.54,72.4,3.6,11,4,0
2024-08-30 12:00:00,3696.39,527.19,10011.1,26.52,60.6,5.18,12,4,0
2024-08-30 13:00:00,3024.06,502.58,9888.01,27.52,76.5,4.84,13,4,0
2024-08-30 14:00:00,1939.0,934.94,9719.87,26.64,65.0,6.36,14,4,0
2024-08-30 15:00:00,0.0,463.74,10211.06,30.19,63.1,4.34,15,4,0
2024-08-30 16:00:00,0.0,637.08,9833.59,28.76,65.6,5.15,16,4,0
2024-08-30 17:00:00,0.0,987.41,9679.43,28.09,72.9,5.78,17,4,0
2024-08-30 18:00:00,0.0,1025.27,10489.8,30.44,76.2,5.45,18,4,0
2024-08-30 19:00:00,0.0,816.24,10805.68,30.92,68.6,6.22,19,4,0
2024-08-30 20:00:00,0.0,1045.77,10763.85,31.17,73.1,6.57,20,4,0
2024-08-30 21:00:00,0.0,1425.79,10985.56,32.51,70.5,6.74,21,4,0
2024-08-30 22:00:00,0.0,1597.67,10653.55,30.29,67.5,7.52,22,4,0
2024-08-30 23:00:00,0.0,679.12,10054.36,29.95,78.9,5.17,23,4,0
2024-08-31 00:00:00,0.0,908.78,8897.86,28.05,71.8,6.35,0,5,1
2024-08-31 01:00:00,0.0,667.35,9111.89,29.64,81.5,5.36,1,5,1
2024-08-31 02:00:00,0.0,741.74,8793.1,28.1,81.3,5.98,2,5,1
2024-08-31 03:00:00,0.0,849.22,8699.16,26.6,79.1,5.72,3,5,1
2024-08-31 04:00:00,0.0,512.96,8795.79,24.09,84.1,4.33,4,5,1
2024-08-31 05:00:00,0.0,607.44,8919.29,27.49,85.5,4.15,5,5,1
2024-08-31 06:00:00,0.0,611.65,8776.26,23.81,75.4,5.08,6,5,1
2024-08-31 07:00:00,0.0,690.32,9394.55,24.27,72.1,4.53,7,5,1
2024-08-31 08:00:00,0.0,478.23,9191.95,25.31,66.8,4.23,8,5,1
2024-08-31 09:00:00,0.0,721.49,9153.34,23.54,82.1,4.9,9,5,1
2024-08-31 10:00:00,1761.13,761.12,8781.24,23.49,70.0,4.99,10,5,1
2024-08-31 11:00:00,3678.4,570.08,8963.89,23.21,75.0,4.08,11,5,1
2024-08-31 12:00:00,3563.63,405.39,8708.57,27.24,66.3,3.99,12,5,1
2024-08-31 13:00:00,4021.37,416.56,8891.89,26.45,74.4,3.86,13,5,1
2024-08-31 14:00:00,2239.83,626.95,9188.2,31.39,64.6,5.14,14,5,1
2024-08-31 15:00:00,0.0,572.8,8868.51,27.46,62.2,4.24,15,5,1
2024-08-31 16:00:00,0.0,650.88,8943.13,28.27,65.9,5.71,16,5,1
2024-08-31 17:00:00,0.0,1142.89,8867.0,29.32,64.8,6.85,17,5,1
2024-08-31 18:00:00,0.0,672.73,9425.27,30.77,69.8,5.8,18,5,1
2024-08-31 19:00:00,0.0,805.26,9450.14,30.21,68.0,5.81,19,5,1
2024-08-31 20:00:00,0.0,1504.9,9827.05,31.61,71.8,7.94,20,5,1
2024-08-31 21:00:00,0.0,1220.09,9537.18,29.6,69.3,7.58,21,5,1
2024-08-31 22:00:00,0.0,759.31,9355.13,28.82,69.1,5.73,22,5,1
2024-08-31 23:00:00,0.0,1085.89,9090.18,27.84,70.7,6.35,23,5,1
2024-09-01 00:00:00,0.0,1165.58,9008.21,26.61,82.6,6.37,0,6,1
2024-09-01 01:00:00,0.0,812.02,8979.22,27.94,76.3,6.06,1,6,1
2024-09-01 02:00:00,0.0,1047.82,8767.1,27.42,68.3,7.11,2,6,1
2024-09-01 03:00:00,0.0,878.83,8977.88,26.25,74.6,5.47,3,6,1
2024-09-01 04:00:00,0.0,993.25,8894.88,27.77,77.3,5.33,4,6,1
2024-09-01 05:00:00,0.0,671.37,8767.33,27.13,84.1,5.45,5,6,1
2024-09-01 06:00:00,0.0,928.3,8841.51,24.78,80.3,5.64,6,6,1
2024-09-01 07:00:00,0.0,952.3,9014.39,22.73,71.7,5.28,7,6,1
2024-09-01 08:00:00,0.0,660.4,9053.38,24.1,84.1,4.86,8,6,1
2024-09-01 09:00:00,0.0,323.49,9001.7,24.16,73.1,3.15,9,6,1
2024-09-01 10:00:00,1958.93,560.4,8968.79,24.39,76.9,4.04,10,6,1
2024-09-01 11:00:00,3960.1,541.98,8845.49,24.82,66.0,5.19,11,6,1
2024-09-01 12:00:00,4393.23,625.9,8741.01,25.5,59.8,4.89,12,6,1
2024-09-01 13:00:00,3236.85,714.03,8916.08,26.54,62.7,5.56,13,6,1
2024-09-01 14:00:00,2175.83,909.76,8854.18,27.02,54.6,6.65,14,6,1
2024-09-01 15:00:00,0.0,480.33,9072.4,28.81,75.5,4.46,15,6,1
2024-09-01 16:00:00,0.0,1216.18,9064.94,29.71,67.8,6.57,16,6,1
2024-09-01 17:00:00,0.0,1075.98,8773.88,28.81,63.4,5.63,17,6,1
2024-09-01 18:00:00,0.0,1054.11,9694.99,31.9,69.4,6.85,18,6,1
2024-09-01 19:00:00,0.0,726.47,9342.14,29.5,69.1,6.23,19,6,1
2024-09-01 20:00:00,0.0,1557.53,9473.32,28.84,71.9,8.07,20,6,1
2024-09-01 21:00:00,0.0,1074.9,9796.96,31.13,75.4,6.5,21,6,1
2024-09-01 22:00:00,0.0,1018.35,9284.32,29.4,70.7,5.85,22,6,1
2024-09-01 23:00:00,0.0,1167.67,9100.12,30.29,69.7,6.6,23,6,1
2024-09-02 00:00:00,0.0,1270.54,9924.33,26.3,77.8,6.39,0,0,0
2024-09-02 01:00:00,0.0,888.06,9867.29,30.13,78.7,6.83,1,0,0
2024-09-02 02:00:00,0.0,760.57,9795.54,28.49,76.7,6.04,2,0,0
2024-09-02 03:00:00,0.0,1133.06,9785.97,25.1,85.5,7.4,3,0,0
2024-09-02 04:00:00,0.0,720.0,9914.09,24.41,75.2,5.08,4,0,0
2024-09-02 05:00:00,0.0,839.29,9851.36,27.57,73.2,4.84,5,0,0
2024-09-02 06:00:00,0.0,677.09,9875.88,24.2,78.0,4.23,6,0,0
2024-09-02 07:00:00,0.0,763.82,10173.3,23.78,72.8,4.63,7,0,0
2024-09-02 08:00:00,0.0,526.17,10056.22,21.96,76.5,4.64,8,0,0
2024-09-02 09:00:00,0.0,716.13,10298.21,24.36,70.0,4.65,9,0,0
2024-09-02 10:00:00,2079.44,560.72,9705.49,24.81,70.4,4.51,10,0,0
2024-09-02 11:00:00,3050.44,646.74,9452.59,26.42,78.3,4.07,11,0,0
2024-09-02 12:00:00,3821.03,420.0,9569.94,24.5,67.9,4.01,12,0,0
2024-09-02 13:00:00,3040.12,492.83,9771.97,25.08,65.3,4.62,13,0,0
2024-09-02 14:00:00,2075.97,1145.78,9773.93,28.22,72.4,6.08,14,0,0
2024-09-02 15:00:00,0.0,1188.0,9932.06,29.67,63.0,6.51,15,0,0
2024-09-02 16:00:00,0.0,1006.48,9804.02,27.3,64.2,5.62,16,0,0
2024-09-02 17:00:00,0.0,594.08,10320.65,31.1,69.5,5.17,17,0,0
2024-09-02 18:00:00,0.0,1166.7,10636.8,30.32,71.4,6.07,18,0,0
2024-09-02 19:00:00,0.0,1501.76,10857.97,31.89,73.3,7.96,19,0,0
2024-09-02 20:00:00,0.0,1312.69,10488.03,30.6,66.5,7.19,20,0,0
2024-09-02 21:00:00,0.0,1188.02,10227.67,27.55,73.1,6.86,21,0,0
2024-09-02 22:00:00,0.0,1385.58,10638.64,30.1,70.1,7.16,22,0,0
2024-09-02 23:00:00,0.0,1210.88,10185.78,31.07,70.9,7.52,23,0,0
2024-09-03 00:00:00,0.0,593.66,9844.51,28.01,79.4,5.23,0,1,0
2024-09-03 01:00:00,0.0,868.36,9859.65,27.89,73.4,5.63,1,1,0
2024-09-03 02:00:00,0.0,880.65,9805.94,27.37,77.5,5.28,2,1,0
2024-09-03 03:00:00,0.0,729.62,9975.83,23.33,77.5,5.92,3,1,0
2024-09-03 04:00:00,0.0,651.33,9733.56,28.09,72.8,5.32,4,1,0
2024-09-03 05:00:00,0.0,926.24,9687.71,24.38,80.8,5.55,5,1,0
2024-09-03 06:00:00,0.0,489.17,9574.2,25.59,78.7,4.33,6,1,0
2024-09-03 07:00:00,0.0,693.32,10190.83,24.58,67.7,5.68,7,1,0
2024-09-03 08:00:00,0.0,719.94,10032.59,26.09,75.7,4.43,8,1,0
2024-09-03 09:00:00,0.0,565.17,10252.92,25.17,70.3,5.0,9,1,0
2024-09-03 10:00:00,2426.61,731.15,9815.75,24.7,76.5,5.44,10,1,0
2024-09-03 11:00:00,4161.29,777.65,9745.34,24.39,65.0,5.47,11,1,0
2024-09-03 12:00:00,3634.72,702.6,9659.44,27.04,68.2,5.03,12,1,0
2024-09-03 13:00:00,3049.14,773.13,9887.58,24.56,70.0,5.6,13,1,0
2024-09-03 14:00:00,2468.14,1329.2,9824.89,28.36,68.0,6.58,14,1,0
2024-09-03 15:00:00,0.0,986.48,9818.14,27.04,70.3,5.86,15,1,0
2024-09-03 16:00:00,0.0,672.01,10183.61,30.58,61.0,5.12,16,1,0
2024-09-03 17:00:00,0.0,944.26,10057.29,29.9,73.9,6.41,17,1,0
2024-09-03 18:00:00,0.0,964.71,10559.72,30.95,69.9,6.12,18,1,0
2024-09-03 19:00:00,0.0,425.08,10677.63,30.58,74.0,4.43,19,1,0
2024-09-03 20:00:00,0.0,1394.89,10448.9,28.48,73.1,6.78,20,1,0
2024-09-03 21:00:00,0.0,887.86,10515.93,29.45,70.8,6.54,21,1,0
2024-09-03 22:00:00,0.0,1380.79,10742.62,30.99,67.0,7.34,22,1,0
2024-09-03 23:00:00,0.0,1009.02,10112.47,29.9,71.1,5.71,23,1,0
2024-09-04 00:00:00,0.0,834.11,10040.87,30.4,81.0,4.97,0,2,0
2024-09-04 01:00:00,0.0,771.75,9827.21,28.74,81.3,6.11,1,2,0
2024-09-04 02:00:00,0.0,962.34,10053.21,26.32,74.0,6.03,2,2,0
2024-09-04 03:00:00,0.0,626.93,9945.09,25.75,65.7,5.55,3,2,0
2024-09-04 04:00:00,0.0,892.96,9780.22,26.11,76.3,5.23,4,2,0
2024-09-04 05:00:00,0.0,521.1,9867.94,22.58,75.9,4.12,5,2,0
2024-09-04 06:00:00,0.0,504.16,9673.48,26.89,75.5,4.65,6,2,0
2024-09-04 07:00:00,0.0,638.63,10029.13,25.11,77.8,4.33,7,2,0
2024-09-04 08:00:00,0.0,708.54,9951.37,25.95,78.2,5.36,8,2,0
2024-09-04 09:00:00,0.0,507.41,10135.28,22.69,77.4,4.77,9,2,0
2024-09-04 10:00:00,1986.14,543.29,9821.68,26.38,74.0,4.28,10,2,0
2024-09-04 11:00:00,3982.68,785.44,9921.1,28.04,63.7,5.98,11,2,0
2024-09-04 12:00:00,4268.05,771.76,9760.56,24.4,68.3,4.55,12,2,0
2024-09-04 13:00:00,4203.48,735.1,9913.99,27.63,77.9,5.42,13,2,0
2024-09-04 14:00:00,2229.84,754.51,9864.35,27.48,69.3,5.08,14,2,0
2024-09-04 15:00:00,0.0,1409.13,10081.11,26.41,68.8,6.78,15,2,0
2024-09-04 16:00:00,0.0,832.76,10183.87,29.57,68.6,5.8,16,2,0
2024-09-04 17:00:00,0.0,869.82,10292.66,30.6,69.0,6.06,17,2,0
2024-09-04 18:00:00,0.0,762.43,10561.64,29.36,58.3,6.07,18,2,0
2024-09-04 19:00:00,0.0,1319.42,10658.97,31.78,67.7,6.49,19,2,0
2024-09-04 20:00:00,0.0,1470.56,10385.62,28.48,69.5,7.4,20,2,0
2024-09-04 21:00:00,0.0,1000.26,10634.05,28.59,76.0,7.15,21,2,0
2024-09-04 22:00:00,0.0,939.49,10633.07,30.24,72.4,6.46,22,2,0
2024-09-04 23:00:00,0.0,1629.8,9892.77,29.63,66.9,7.7,23,2,0
2024-09-05 00:00:00,0.0,1166.94,9828.84,28.02,76.5,6.9,0,3,0
2024-09-05 01:00:00,0.0,879.28,9809.63,29.13,72.6,5.64,1,3,0
2024-09-05 02:00:00,0.0,685.88,9685.78,28.02,71.7,4.65,2,3,0
2024-09-05 03:00:00,0.0,855.83,9835.55,27.64,73.7,5.16,3,3,0
2024-09-05 04:00:00,0.0,1050.61,9874.75,25.73,79.4,5.57,4,3,0
2024-09-05 05:00:00,0.0,956.16,9690.25,25.98,82.1,5.47,5,3,0
2024-09-05 06:00:00,0.0,1135.86,9718.85,24.25,78.5,5.87,6,3,0
2024-09-05 07:00:00,0.0,544.74,9929.83,26.95,78.3,3.75,7,3,0
2024-09-05 08:00:00,0.0,393.5,10085.48,23.41,76.6,4.18,8,3,0
2024-09-05 09:00:00,0.0,329.07,9867.48,27.01,74.0,3.55,9,3,0
2024-09-05 10:00:00,2299.74,502.84,9750.1,24.83,75.0,3.46,10,3,0
2024-09-05 11:00:00,3129.29,380.71,9795.55,23.61,61.3,4.13,11,3,0
2024-09-05 12:00:00,4935.08,848.89,9575.31,27.52,70.2,5.08,12,3,0
2024-09-05 13:00:00,4255.88,1017.84,9665.13,26.76,64.5,5.61,13,3,0
2024-09-05 14:00:00,2280.61,566.24,9829.19,28.4,72.6,4.48,14,3,0
2024-09-05 15:00:00,0.0,615.87,9967.79,29.63,66.8,4.85,15,3,0
2024-09-05 16:00:00,0.0,464.12,9930.5,29.29,67.4,4.33,16,3,0
2024-09-05 17:00:00,0.0,716.08,9920.1,28.79,61.4,6.17,17,3,0
2024-09-05 18:00:00,0.0,968.62,10486.3,31.15,72.0,5.62,18,3,0
2024-09-05 19:00:00,0.0,980.09,10662.32,30.28,71.2,7.69,19,3,0
2024-09-05 20:00:00,0.0,1409.55,10654.95,31.2,72.0,6.79,20,3,0
2024-09-05 21:00:00,0.0,897.1,10218.46,27.7,67.7,6.36,21,3,0
2024-09-05 22:00:00,0.0,1083.12,10383.74,30.52,69.2,5.95,22,3,0
2024-09-05 23:00:00,0.0,549.43,9847.13,28.74,74.4,5.16,23,3,0
2024-09-06 00:00:00,0.0,750.47,10196.46,30.77,72.0,5.13,0,4,0
2024-09-06 01:00:00,0.0,750.25,9905.05,28.81,77.6,5.52,1,4,0
2024-09-06 02:00:00,0.0,546.23,9806.5,27.57,68.0,5.22,2,4,0
2024-09-06 03:00:00,0.0,704.78,9745.31,27.09,75.2,4.72,3,4,0
2024-09-06 04:00:00,0.0,1049.6,9778.73,24.58,84.5,5.56,4,4,0
2024-09-06 05:00:00,0.0,571.66,9653.1,27.11,78.9,5.43,5,4,0
2024-09-06 06:00:00,0.0,508.41,9785.43,27.07,77.3,4.44,6,4,0
2024-09-06 07:00:00,0.0,1099.29,10042.07,24.85,83.8,6.2,7,4,0
2024-09-06 08:00:00,0.0,441.73,9966.02,26.19,65.5,3.15,8,4,0
2024-09-06 09:00:00,0.0,500.86,10191.57,23.7,70.4,4.56,9,4,0
2024-09-06 10:00:00,2398.46,430.37,9597.0,23.73,70.7,4.38,10,4,0
2024-09-06 11:00:00,3722.71,385.66,9848.91,25.21,74.5,4.21,11,4,0
2024-09-06 12:00:00,4216.74,458.01,9856.46,26.3,73.3,4.25,12,4,0
2024-09-06 13:00:00,4135.96,529.62,9722.73,26.03,65.3,5.01,13,4,0
2024-09-06 14:00:00,2173.82,663.8,9909.65,27.93,72.0,5.08,14,4,0
2024-09-06 15:00:00,0.0,724.02,9774.38,28.43,65.9,5.2,15,4,0
2024-09-06 16:00:00,0.0,642.17,9712.66,27.58,72.2,4.74,16,4,0
2024-09-06 17:00:00,0.0,509.78,9896.48,30.02,63.4,4.72,17,4,0
2024-09-06 18:00:00,0.0,912.91,10656.91,30.92,67.5,5.99,18,4,0
2024-09-06 19:00:00,0.0,674.95,10474.84,30.38,66.8,6.06,19,4,0
2024-09-06 20:00:00,0.0,854.88,10656.16,31.66,74.0,6.32,20,4,0
2024-09-06 21:00:00,0.0,955.41,10372.88,28.72,68.9,6.43,21,4,0
2024-09-06 22:00:00,0.0,735.97,10594.62,30.44,72.2,6.06,22,4,0
2024-09-06 23:00:00,0.0,1165.8,9936.71,28.0,75.6,6.21,23,4,0
2024-09-07 00:00:00,0.0,686.23,8965.72,27.34,77.1,5.56,0,5,1
2024-09-07 01:00:00,0.0,1403.1,8920.12,27.2,79.5,7.26,1,5,1
2024-09-07 02:00:00,0.0,730.1,8836.41,26.05,77.6,5.16,2,5,1
2024-09-07 03:00:00,0.0,750.41,8805.52,25.75,75.5,5.24,3,5,1
2024-09-07 04:00:00,0.0,696.17,8850.81,25.42,76.0,4.7,4,5,1
2024-09-07 05:00:00,0.0,431.69,8787.25,26.06,77.3,4.45,5,5,1
2024-09-07 06:00:00,0.0,506.51,8769.89,24.2,77.7,4.85,6,5,1
2024-09-07 07:00:00,0.0,555.43,9129.54,22.38,75.3,4.59,7,5,1
2024-09-07 08:00:00,0.0,515.91,9033.59,25.55,75.0,4.21,8,5,1
2024-09-07 09:00:00,0.0,538.75,9040.97,23.28,67.6,4.31,9,5,1
2024-09-07 10:00:00,2041.95,555.25,8968.58,24.51,75.1,4.0,10,5,1
2024-09-07 11:00:00,3888.99,497.1,8688.44,25.59,71.8,4.99,11,5,1
2024-09-07 12:00:00,4113.88,1329.33,8729.23,25.92,73.9,6.48,12,5,1
2024-09-07 13:00:00,3842.16,459.09,9006.79,27.72,68.8,4.34,13,5,1
2024-09-07 14:00:00,2042.26,717.34,8806.94,27.75,61.1,5.6,14,5,1
2024-09-07 15:00:00,0.0,1034.08,9019.12,26.92,66.1,5.57,15,5,1
2024-09-07 16:00:00,0.0,717.6,9088.98,31.29,66.6,6.33,16,5,1
2024-09-07 17:00:00,0.0,1384.66,9037.27,29.53,70.5,6.6,17,5,1
2024-09-07 18:00:00,0.0,749.21,9585.02,29.6,59.8,6.41,18,5,1
2024-09-07 19:00:00,0.0,793.29,9569.5,31.23,69.0,6.37,19,5,1
2024-09-07 20:00:00,0.0,823.72,9793.64,30.48,71.9,6.16,20,5,1
2024-09-07 21:00:00,0.0,885.53,9555.0,30.56,68.4,5.93,21,5,1
2024-09-07 22:00:00,0.0,1046.36,9914.87,32.77,72.7,6.43,22,5,1
2024-09-07 23:00:00,0.0,607.25,8883.21,28.97,71.2,5.38,23,5,1
2024-09-08 00:00:00,0.0,663.78,9055.79,28.2,72.0,5.79,0,6,1
2024-09-08 01:00:00,0.0,835.48,8890.4,27.99,74.3,6.95,1,6,1
2024-09-08 02:00:00,0.0,781.19,9146.71,28.36,73.9,5.9,2,6,1
2024-09-08 03:00:00,0.0,1245.49,8995.49,24.49,80.0,6.27,3,6,1
2024-09-08 04:00:00,0.0,978.84,8954.44,23.22,74.5,6.48,4,6,1
2024-09-08 05:00:00,0.0,795.44,8739.39,24.25,73.7,4.92,5,6,1
2024-09-08 06:00:00,0.0,580.94,8864.06,22.52,83.8,5.02,6,6,1
2024-09-08 07:00:00,0.0,438.77,9101.0,23.67,79.8,4.45,7,6,1
2024-09-08 08:00:00,0.0,507.68,9142.15,24.68,67.5,3.94,8,6,1
2024-09-08 09:00:00,0.0,555.5,9156.73,23.11,70.7,3.8,9,6,1
2024-09-08 10:00:00,2291.55,945.83,8745.92,22.77,73.4,5.27,10,6,1
2024-09-08 11:00:00,3824.66,693.87,8835.21,25.04,72.4,4.86,11,6,1
2024-09-08 12:00:00,4442.21,889.36,8842.43,26.61,64.0,6.33,12,6,1
2024-09-08 13:00:00,3833.45,691.44,8732.77,24.27,73.5,5.84,13,6,1
2024-09-08 14:00:00,2029.56,709.35,8956.89,28.06,71.4,4.72,14,6,1
2024-09-08 15:00:00,0.0,861.01,8976.46,28.84,69.5,6.23,15,6,1
2024-09-08 16:00:00,0.0,1006.57,9147.67,29.72,72.9,5.58,16,6,1
2024-09-08 17:00:00,0.0,1242.96,9215.71,30.66,69.4,7.03,17,6,1
2024-09-08 18:00:00,0.0,1098.42,9596.84,32.32,69.9,5.88,18,6,1
2024-09-08 19:00:00,0.0,870.01,9386.7,29.55,75.1,5.58,19,6,1
2024-09-08 20:00:00,0.0,1054.64,9760.33,30.21,74.3,5.89,20,6,1
2024-09-08 21:00:00,0.0,813.65,9572.93,29.48,67.8,5.96,21,6,1
2024-09-08 22:00:00,0.0,901.57,9306.92,29.68,75.0,5.85,22,6,1
2024-09-08 23:00:00,0.0,665.64,9256.96,31.04,71.1,5.97,23,6,1
2024-09-09 00:00:00,0.0,1230.81,9686.17,26.86,77.0,6.97,0,0,0
2024-09-09 01:00:00,0.0,1299.42,9534.42,26.72,77.9,7.52,1,0,0
2024-09-09 02:00:00,0.0,757.21,10064.25,28.63,71.3,4.78,2,0,0
2024-09-09 03:00:00,0.0,1216.29,9795.04,27.42,76.8,6.59,3,0,0
2024-09-09 04:00:00,0.0,744.88,9812.04,25.04,78.5,4.94,4,0,0
2024-09-09 05:00:00,0.0,581.52,9635.19,25.88,75.6,5.36,5,0,0
2024-09-09 06:00:00,0.0,525.26,9647.62,24.79,78.1,3.55,6,0,0
2024-09-09 07:00:00,0.0,528.06,9910.0,25.88,79.2,5.14,7,0,0
2024-09-09 08:00:00,0.0,403.64,10271.04,24.07,74.9,3.01,8,0,0
2024-09-09 09:00:00,0.0,660.93,9903.8,25.31,74.7,4.83,9,0,0
2024-09-09 10:00:00,2410.27,791.66,9980.01,27.55,78.0,4.82,10,0,0
2024-09-09 11:00:00,3409.58,663.75,9667.59,25.57,73.1,4.87,11,0,0
2024-09-09 12:00:00,4282.79,606.21,9638.65,25.54,70.8,4.29,12,0,0
2024-09-09 13:00:00,3285.71,757.11,9779.36,27.07,65.1,5.52,13,0,0
2024-09-09 14:00:00,1796.84,973.07,9703.89,26.54,70.8,5.64,14,0,0
2024-09-09 15:00:00,0.0,682.68,10127.8,30.62,69.0,5.41,15,0,0
2024-09-09 16:00:00,0.0,1155.63,9767.68,28.69,72.6,6.38,16,0,0
2024-09-09 17:00:00,0.0,768.28,9845.4,28.77,67.8,6.01,17,0,0
2024-09-09 18:00:00,0.0,1242.9,10270.81,28.57,60.9,6.71,18,0,0
2024-09-09 19:00:00,0.0,893.22,10795.29,31.19,62.1,6.35,19,0,0
2024-09-09 20:00:00,0.0,958.07,10732.03,31.02,72.9,6.72,20,0,0
2024-09-09 21:00:00,0.0,1387.65,10481.01,29.28,68.9,7.04,21,0,0
2024-09-09 22:00:00,0.0,1171.14,10702.45,30.27,74.2,6.23,22,0,0
2024-09-09 23:00:00,0.0,900.68,9817.58,27.29,74.2,5.46,23,0,0
2024-09-10 00:00:00,0.0,1322.03,9883.06,28.6,74.3,6.53,0,1,0
2024-09-10 01:00:00,0.0,937.33,9795.55,28.19,75.7,7.05,1,1,0
2024-09-10 02:00:00,0.0,828.33,9815.97,28.92,73.4,6.1,2,1,0
2024-09-10 03:00:00,0.0,792.96,9700.31,25.17,77.3,5.86,3,1,0
2024-09-10 04:00:00,0.0,686.49,9803.65,23.84,75.2,5.31,4,1,0
2024-09-10 05:00:00,0.0,775.42,9908.15,23.68,75.9,5.69,5,1,0
2024-09-10 06:00:00,0.0,727.52,9854.44,22.67,75.5,4.75,6,1,0
2024-09-10 07:00:00,0.0,496.39,10168.75,25.58,75.1,4.37,7,1,0
2024-09-10 08:00:00,0.0,719.65,9968.26,25.73,78.7,5.52,8,1,0
2024-09-10 09:00:00,0.0,558.92,10163.74,24.36,73.3,4.18,9,1,0
2024-09-10 10:00:00,2419.28,642.9,9738.1,25.74,76.6,5.35,10,1,0
2024-09-10 11:00:00,3237.27,779.17,9807.09,24.91,77.4,5.62,11,1,0
2024-09-10 12:00:00,4350.49,580.42,9852.24,25.26,73.4,5.35,12,1,0
2024-09-10 13:00:00,3952.33,660.34,9647.26,25.7,71.1,4.1,13,1,0
2024-09-10 14:00:00,1828.04,704.16,9804.89,26.5,69.5,5.37,14,1,0
2024-09-10 15:00:00,0.0,970.69,9814.35,25.79,71.1,5.44,15,1,0
2024-09-10 16:00:00,0.0,823.8,9992.78,28.69,67.9,5.46,16,1,0
2024-09-10 17:00:00,0.0,828.68,9843.67,28.95,71.6,6.22,17,1,0
2024-09-10 18:00:00,0.0,941.43,10581.27,30.37,70.6,6.93,18,1,0
2024-09-10 19:00:00,0.0,1068.28,10547.28,29.88,67.5,6.1,19,1,0
2024-09-10 20:00:00,0.0,1318.18,10439.67,29.68,73.6,6.43,20,1,0
2024-09-10 21:00:00,0.0,838.39,10317.77,28.73,71.6,6.41,21,1,0
2024-09-10 22:00:00,0.0,982.75,10417.72,29.56,72.1,7.5,22,1,0
2024-09-10 23:00:00,0.0,929.56,10007.55,29.88,71.9,6.26,23,1,0
2024-09-11 00:00:00,0.0,733.26,9995.65,26.9,75.7,5.34,0,2,0
2024-09-11 01:00:00,0.0,797.21,9774.95,27.65,80.1,4.86,1,2,0
2024-09-11 02:00:00,0.0,956.88,9844.5,27.05,80.4,6.17,2,2,0
2024-09-11 03:00:00,0.0,525.93,9789.79,25.13,78.8,5.01,3,2,0
2024-09-11 04:00:00,0.0,1137.21,9749.1,24.57,79.9,5.9,4,2,0
2024-09-11 05:00:00,0.0,475.68,9783.1,24.93,82.5,4.06,5,2,0
2024-09-11 06:00:00,0.0,654.94,9878.32,22.81,76.3,4.48,6,2,0
2024-09-11 07:00:00,0.0,492.15,10094.58,24.29,71.6,3.69,7,2,0
2024-09-11 08:00:00,0.0,521.75,10081.69,22.7,80.2,5.0,8,2,0
2024-09-11 09:00:00,0.0,521.81,10072.83,25.15,71.7,5.14,9,2,0
2024-09-11 10:00:00,1915.41,523.31,9666.78,26.98,69.8,4.93,10,2,0
2024-09-11 11:00:00,3830.95,612.65,9910.81,23.62,64.1,3.89,11,2,0
2024-09-11 12:00:00,4213.91,661.38,9732.37,25.91,72.3,4.32,12,2,0
2024-09-11 13:00:00,3812.33,607.47,9962.33,25.12,62.5,5.31,13,2,0
2024-09-11 14:00:00,1869.06,538.87,9817.88,28.02,65.2,4.01,14,2,0
2024-09-11 15:00:00,0.0,855.53,9954.71,26.03,70.1,5.43,15,2,0
2024-09-11 16:00:00,0.0,837.45,9869.11,28.85,70.4,7.1,16,2,0
2024-09-11 17:00:00,0.0,891.51,9698.02,27.85,65.1,5.98,17,2,0
2024-09-11 18:00:00,0.0,828.83,10556.31,29.12,67.7,5.14,18,2,0
2024-09-11 19:00:00,0.0,762.74,10276.86,28.43,65.5,6.0,19,2,0
2024-09-11 20:00:00,0.0,1150.55,10792.02,30.76,67.8,6.08,20,2,0
2024-09-11 21:00:00,0.0,1561.65,10443.87,28.67,72.3,8.34,21,2,0
2024-09-11 22:00:00,0.0,960.03,10721.52,30.03,70.5,7.92,22,2,0
2024-09-11 23:00:00,0.0,1425.52,9729.3,28.48,72.9,7.07,23,2,0
2024-09-12 00:00:00,0.0,684.08,9904.56,28.03,69.2,6.08,0,3,0
2024-09-12 01:00:00,0.0,1456.43,9696.87,27.62,80.6,7.1,1,3,0
2024-09-12 02:00:00,0.0,636.95,9498.43,25.76,78.9,5.0,2,3,0
2024-09-12 03:00:00,0.0,1174.11,9893.51,26.15,80.6,6.5,3,3,0
2024-09-12 04:00:00,0.0,1128.6,9785.23,27.01,82.7,6.13,4,3,0
2024-09-12 05:00:00,0.0,619.0,9901.49,23.61,74.1,5.02,5,3,0
2024-09-12 06:00:00,0.0,823.95,9797.04,25.48,75.5,5.85,6,3,0
2024-09-12 07:00:00,0.0,587.03,10103.58,25.57,68.5,4.42,7,3,0
2024-09-12 08:00:00,0.0,464.46,10280.72,22.69,87.6,3.66,8,3,0
2024-09-12 09:00:00,0.0,704.47,10115.2,22.03,73.3,5.43,9,3,0
2024-09-12 10:00:00,2189.77,802.89,9728.94,24.43,76.7,4.61,10,3,0
2024-09-12 11:00:00,3391.42,870.48,9775.39,23.89,66.3,5.26,11,3,0
2024-09-12 12:00:00,3859.11,889.59,9804.92,27.41,74.0,6.39,12,3,0
2024-09-12 13:00:00,4057.19,665.03,9444.64,25.94,76.5,4.57,13,3,0
2024-09-12 14:00:00,1780.69,737.1,9844.93,25.71,68.0,5.27,14,3,0
2024-09-12 15:00:00,0.0,1383.93,9949.07,26.07,63.7,6.9,15,3,0
2024-09-12 16:00:00,0.0,933.05,9966.6,29.48,67.0,6.44,16,3,0
2024-09-12 17:00:00,0.0,683.46,9749.37,28.11,58.8,5.58,17,3,0
2024-09-12 18:00:00,0.0,615.37,10502.85,29.32,68.1,5.59,18,3,0
2024-09-12 19:00:00,0.0,1228.4,10840.69,30.71,72.3,6.09,19,3,0
2024-09-12 20:00:00,0.0,861.86,10483.64,29.09,69.9,6.02,20,3,0
2024-09-12 21:00:00,0.0,941.11,10505.98,29.51,70.1,6.83,21,3,0
2024-09-12 22:00:00,0.0,1084.89,10400.63,29.25,74.7,6.67,22,3,0
2024-09-12 23:00:00,0.0,968.48,9860.52,29.61,76.3,6.73,23,3,0
2024-09-13 00:00:00,0.0,729.1,9887.09,28.78,68.4,5.7,0,4,0
2024-09-13 01:00:00,0.0,1026.48,9790.99,27.08,76.5,6.11,1,4,0
2024-09-13 02:00:00,0.0,416.97,9554.15,26.64,86.6,4.28,2,4,0
2024-09-13 03:00:00,0.0,888.3,9698.79,25.34,72.1,5.78,3,4,0
2024-09-13 04:00:00,0.0,947.12,9925.06,23.29,77.2,6.34,4,4,0
2024-09-13 05:00:00,0.0,516.3,9755.03,24.76,85.2,4.02,5,4,0
2024-09-13 06:00:00,0.0,699.5,9491.3,26.24,81.3,5.34,6,4,0
2024-09-13 07:00:00,0.0,585.15,10293.14,22.61,74.1,4.31,7,4,0
2024-09-13 08:00:00,0.0,589.72,9994.02,22.64,75.9,5.34,8,4,0
2024-09-13 09:00:00,0.0,612.37,10044.57,22.62,73.9,4.79,9,4,0
2024-09-13 10:00:00,2485.3,600.71,9913.47,24.84,69.6,5.02,10,4,0
2024-09-13 11:00:00,4286.25,648.83,9696.95,24.98,71.0,4.85,11,4,0
2024-09-13 12:00:00,4792.07,883.48,9549.6,24.88,69.0,6.02,12,4,0
2024-09-13 13:00:00,3978.78,867.06,9812.11,24.69,69.5,5.44,13,4,0
2024-09-13 14:00:00,2468.54,722.04,9881.62,26.68,65.2,4.84,14,4,0
2024-09-13 15:00:00,0.0,829.75,9729.71,25.47,62.6,5.74,15,4,0
2024-09-13 16:00:00,0.0,689.8,9801.5,28.24,67.4,5.63,16,4,0
2024-09-13 17:00:00,0.0,1050.98,9862.4,29.73,74.6,6.29,17,4,0
2024-09-13 18:00:00,0.0,1200.52,10170.54,27.66,68.6,6.03,18,4,0
2024-09-13 19:00:00,0.0,760.09,10251.4,27.63,67.7,5.99,19,4,0
2024-09-13 20:00:00,0.0,834.07,10803.79,31.46,73.1,6.79,20,4,0
2024-09-13 21:00:00,0.0,947.0,10393.71,28.73,70.6,6.71,21,4,0
2024-09-13 22:00:00,0.0,1201.13,10731.19,30.53,80.0,7.48,22,4,0
2024-09-13 23:00:00,0.0,869.79,10047.43,28.5,73.8,6.2,23,4,0
2024-09-14 00:00:00,0.0,793.09,8960.39,27.77,77.9,4.8,0,5,1
2024-09-14 01:00:00,0.0,905.56,8663.2,27.77,73.1,5.89,1,5,1
2024-09-14 02:00:00,0.0,534.9,8819.95,25.4,78.9,4.64,2,5,1
2024-09-14 03:00:00,0.0,1185.57,8959.24,25.85,78.5,6.01,3,5,1
2024-09-14 04:00:00,0.0,403.57,8839.65,24.51,77.4,4.08,4,5,1
2024-09-14 05:00:00,0.0,449.6,8659.68,22.76,75.4,4.39,5,5,1
2024-09-14 06:00:00,0.0,541.71,8787.76,24.27,74.4,4.68,6,5,1
2024-09-14 07:00:00,0.0,711.0,8866.31,23.25,77.2,6.05,7,5,1
2024-09-14 08:00:00,0.0,548.3,9105.7,23.28,77.6,3.86,8,5,1
2024-09-14 09:00:00,0.0,568.89,9056.81,22.11,73.4,4.69,9,5,1
2024-09-14 10:00:00,2435.11,846.82,8810.72,25.78,73.7,5.18,10,5,1
2024-09-14 11:00:00,3490.62,1079.51,8995.78,25.4,71.1,6.0,11,5,1
2024-09-14 12:00:00,4112.51,711.83,8694.23,26.12,70.5,5.6,12,5,1
2024-09-14 13:00:00,3671.41,959.28,8767.81,25.32,68.2,6.06,13,5,1
2024-09-14 14:00:00,2423.46,971.78,8716.99,24.39,68.3,6.11,14,5,1
2024-09-14 15:00:00,0.0,784.07,9162.68,29.58,78.5,4.71,15,5,1
2024-09-14 16:00:00,0.0,712.81,8989.75,27.89,68.8,6.23,16,5,1
2024-09-14 17:00:00,0.0,1010.89,8897.21,27.69,70.3,6.86,17,5,1
2024-09-14 18:00:00,0.0,1036.89,9524.83,29.56,70.0,5.62,18,5,1
2024-09-14 19:00:00,0.0,806.04,9480.6,30.76,68.0,6.08,19,5,1
2024-09-14 20:00:00,0.0,735.28,9498.06,29.44,75.3,6.0,20,5,1
2024-09-14 21:00:00,0.0,1283.64,9505.97,30.9,70.1,7.3,21,5,1
2024-09-14 22:00:00,0.0,949.52,9583.98,30.36,76.8,6.59,22,5,1
2024-09-14 23:00:00,0.0,983.38,8812.8,27.29,72.5,6.29,23,5,1
2024-09-15 00:00:00,0.0,940.17,8782.7,27.05,71.2,5.38,0,6,1
2024-09-15 01:00:00,0.0,981.86,8890.46,28.29,77.6,6.15,1,6,1
2024-09-15 02:00:00,0.0,826.38,8935.27,23.11,72.5,5.5,2,6,1
2024-09-15 03:00:00,0.0,790.65,9067.05,25.41,79.6,5.89,3,6,1
2024-09-15 04:00:00,0.0,710.47,8920.12,23.14,72.8,4.53,4,6,1
2024-09-15 05:00:00,0.0,892.44,9127.36,23.67,76.1,5.34,5,6,1
2024-09-15 06:00:00,0.0,530.46,8878.11,23.4,71.2,4.64,6,6,1
2024-09-15 07:00:00,0.0,422.28,9353.07,23.03,87.4,3.83,7,6,1
2024-09-15 08:00:00,0.0,520.1,9191.27,22.7,68.5,3.67,8,6,1
2024-09-15 09:00:00,0.0,421.54,9167.77,22.15,73.9,3.76,9,6,1
2024-09-15 10:00:00,2071.67,579.44,8833.81,26.51,77.2,4.57,10,6,1
2024-09-15 11:00:00,3455.67,635.6,8889.89,26.48,75.4,4.93,11,6,1
2024-09-15 12:00:00,4980.05,602.88,8905.79,23.47,73.5,5.21,12,6,1
2024-09-15 13:00:00,3342.81,731.69,8683.91,27.48,67.8,5.45,13,6,1
2024-09-15 14:00:00,2348.01,788.28,8938.01,25.88,73.7,4.83,14,6,1
2024-09-15 15:00:00,0.0,1057.18,8675.92,27.29,71.4,6.55,15,6,1
2024-09-15 16:00:00,0.0,821.12,8938.14,27.79,68.4,5.6,16,6,1
2024-09-15 17:00:00,0.0,849.76,8925.87,27.69,68.7,6.56,17,6,1
2024-09-15 18:00:00,0.0,810.61,9724.51,30.14,67.0,6.28,18,6,1
2024-09-15 19:00:00,0.0,830.01,9367.29,29.41,65.4,6.87,19,6,1
2024-09-15 20:00:00,0.0,749.06,9281.61,28.79,75.0,6.49,20,6,1
2024-09-15 21:00:00,0.0,1157.97,9442.87,27.69,76.5,7.01,21,6,1
2024-09-15 22:00:00,0.0,1029.8,9181.02,27.89,69.0,6.66,22,6,1
2024-09-15 23:00:00,0.0,1051.55,8713.21,26.51,73.3,7.22,23,6,1
2024-09-16 00:00:00,0.0,1135.34,9811.03,27.77,74.5,5.77,0,0,0
2024-09-16 01:00:00,0.0,622.86,9780.4,25.6,76.0,4.8,1,0,0
2024-09-16 02:00:00,0.0,877.96,9804.64,25.94,77.2,5.2,2,0,0
2024-09-16 03:00:00,0.0,885.61,9850.53,27.13,81.2,6.57,3,0,0
2024-09-16 04:00:00,0.0,665.73,9851.2,26.2,74.6,5.34,4,0,0
2024-09-16 05:00:00,0.0,801.77,9776.66,24.1,74.0,5.29,5,0,0
2024-09-16 06:00:00,0.0,378.76,9791.78,23.56,81.9,4.17,6,0,0
2024-09-16 07:00:00,0.0,489.95,10092.96,25.62,74.3,4.9,7,0,0
2024-09-16 08:00:00,0.0,387.0,10105.23,23.88,70.0,3.93,8,0,0
2024-09-16 09:00:00,0.0,424.09,9934.51,22.97,71.9,4.02,9,0,0
2024-09-16 10:00:00,2427.27,595.36,9876.77,21.95,71.3,4.43,10,0,0
2024-09-16 11:00:00,3394.61,835.16,9911.88,24.61,77.5,5.21,11,0,0
2024-09-16 12:00:00,4266.43,717.91,9862.49,25.75,73.8,5.45,12,0,0
2024-09-16 13:00:00,3926.47,728.3,9853.26,24.72,73.6,5.68,13,0,0
2024-09-16 14:00:00,2529.37,640.88,9667.13,26.61,71.5,4.19,14,0,0
2024-09-16 15:00:00,0.0,695.28,9616.17,26.6,71.5,5.71,15,0,0
2024-09-16 16:00:00,0.0,986.62,9885.71,27.54,64.8,5.82,16,0,0
2024-09-16 17:00:00,0.0,882.38,9789.43,25.39,67.0,4.99,17,0,0
2024-09-16 18:00:00,0.0,874.02,10384.68,28.59,64.3,6.44,18,0,0
2024-09-16 19:00:00,0.0,774.87,10608.06,30.32,68.2,6.38,19,0,0
2024-09-16 20:00:00,0.0,1517.71,10383.85,28.5,72.8,7.09,20,0,0
2024-09-16 21:00:00,0.0,964.7,10521.3,29.22,71.8,6.78,21,0,0
2024-09-16 22:00:00,0.0,860.25,10278.55,27.95,77.8,6.24,22,0,0
2024-09-16 23:00:00,0.0,1221.05,9659.45,28.81,69.3,7.32,23,0,0
2024-09-17 00:00:00,0.0,534.61,9868.61,27.4,77.1,4.67,0,1,0
2024-09-17 01:00:00,0.0,1260.32,9855.31,25.8,71.1,6.18,1,1,0
2024-09-17 02:00:00,0.0,450.65,9630.64,27.75,77.3,4.58,2,1,0
2024-09-17 03:00:00,0.0,687.98,9646.07,26.49,80.4,5.01,3,1,0
2024-09-17 04:00:00,0.0,937.56,9891.96,23.93,76.7,5.9,4,1,0
2024-09-17 05:00:00,0.0,533.79,9920.29,24.63,79.6,4.22,5,1,0
2024-09-17 06:00:00,0.0,488.79,9466.36,24.2,73.1,3.89,6,1,0
2024-09-17 07:00:00,0.0,1431.96,10153.9,24.03,69.4,6.77,7,1,0
2024-09-17 08:00:00,0.0,545.26,10074.52,21.12,77.3,3.68,8,1,0
2024-09-17 09:00:00,0.0,842.09,10109.9,24.47,80.8,6.06,9,1,0
2024-09-17 10:00:00,2355.89,645.7,9801.75,22.87,68.6,4.63,10,1,0
2024-09-17 11:00:00,4068.35,416.43,9694.54,23.6,76.2,4.45,11,1,0
2024-09-17 12:00:00,3943.91,770.82,9864.32,27.82,70.2,5.48,12,1,0
2024-09-17 13:00:00,4194.37,806.29,9703.42,25.74,63.7,6.3,13,1,0
2024-09-17 14:00:00,2253.92,688.34,9875.64,25.69,63.7,4.56,14,1,0
2024-09-17 15:00:00,0.0,651.89,9902.28,24.29,67.8,5.33,15,1,0
2024-09-17 16:00:00,0.0,1249.77,9847.66,29.32,66.0,6.67,16,1,0
2024-09-17 17:00:00,0.0,929.58,9684.27,26.66,62.5,6.47,17,1,0
2024-09-17 18:00:00,0.0,1541.62,10303.64,27.55,61.5,7.32,18,1,0
2024-09-17 19:00:00,0.0,1128.75,10553.6,28.66,65.6,7.01,19,1,0
2024-09-17 20:00:00,0.0,1672.61,10577.97,30.85,70.8,8.15,20,1,0
2024-09-17 21:00:00,0.0,1223.2,10491.1,29.98,71.2,6.88,21,1,0
2024-09-17 22:00:00,0.0,1456.86,10399.09,28.56,70.6,6.88,22,1,0
2024-09-17 23:00:00,0.0,1294.75,9946.71,28.65,74.7,6.86,23,1,0
2024-09-18 00:00:00,0.0,1150.14,9849.24,26.83,79.2,6.34,0,2,0
2024-09-18 01:00:00,0.0,989.69,9789.88,27.0,77.7,6.93,1,2,0
2024-09-18 02:00:00,0.0,984.52,9749.34,26.14,76.4,6.2,2,2,0
2024-09-18 03:00:00,0.0,897.19,9825.82,26.44,81.1,6.38,3,2,0
2024-09-18 04:00:00,0.0,712.47,9401.93,25.71,73.7,6.25,4,2,0
2024-09-18 05:00:00,0.0,943.49,10010.31,24.52,76.5,5.59,5,2,0
2024-09-18 06:00:00,0.0,681.8,9763.7,23.02,76.1,5.45,6,2,0
2024-09-18 07:00:00,0.0,486.49,10122.88,24.04,71.1,4.08,7,2,0
2024-09-18 08:00:00,0.0,497.61,10352.93,22.94,73.4,4.35,8,2,0
2024-09-18 09:00:00,0.0,660.84,10012.04,21.86,65.6,5.43,9,2,0
2024-09-18 10:00:00,2117.89,682.98,10065.85,22.97,80.2,5.92,10,2,0
2024-09-18 11:00:00,3355.73,352.43,9874.76,24.03,67.5,3.33,11,2,0
2024-09-18 12:00:00,4698.33,466.27,9839.58,25.64,76.4,4.59,12,2,0
2024-09-18 13:00:00,3131.02,784.4,9863.27,25.05,69.2,5.27,13,2,0
2024-09-18 14:00:00,2010.87,473.85,9685.02,24.6,70.5,4.79,14,2,0
2024-09-18 15:00:00,0.0,913.77,9588.13,26.9,65.8,5.09,15,2,0
2024-09-18 16:00:00,0.0,1307.37,9644.34,27.69,68.4,6.39,16,2,0
2024-09-18 17:00:00,0.0,1127.72,9966.89,28.4,70.3,7.52,17,2,0
2024-09-18 18:00:00,0.0,574.68,10398.23,29.75,70.9,4.83,18,2,0
2024-09-18 19:00:00,0.0,803.1,10364.93,30.17,72.1,6.48,19,2,0
2024-09-18 20:00:00,0.0,1465.6,10323.32,28.34,68.6,7.09,20,2,0
2024-09-18 21:00:00,0.0,1308.99,10385.42,28.21,69.3,7.38,21,2,0
2024-09-18 22:00:00,0.0,1232.37,10294.64,27.4,66.2,6.97,22,2,0
2024-09-18 23:00:00,0.0,1692.19,9986.03,29.01,75.9,8.03,23,2,0
2024-09-19 00:00:00,0.0,1305.3,10074.54,29.19,79.4,6.5,0,3,0
2024-09-19 01:00:00,0.0,1470.93,9854.55,26.35,82.5,7.32,1,3,0
2024-09-19 02:00:00,0.0,953.09,9767.51,25.66,78.1,5.51,2,3,0
2024-09-19 03:00:00,0.0,1088.26,9720.68,26.93,74.3,5.81,3,3,0
2024-09-19 04:00:00,0.0,742.6,9878.5,25.06,70.8,4.54,4,3,0
2024-09-19 05:00:00,0.0,860.6,9819.04,24.35,81.5,5.99,5,3,0
2024-09-19 06:00:00,0.0,891.39,9682.71,21.92,69.7,4.96,6,3,0
2024-09-19 07:00:00,0.0,840.25,10257.26,23.87,74.7,5.19,7,3,0
2024-09-19 08:00:00,0.0,563.58,10132.46,21.83,74.1,4.55,8,3,0
2024-09-19 09:00:00,0.0,733.57,10179.35,21.69,73.6,5.24,9,3,0
2024-09-19 10:00:00,2295.89,813.19,9738.96,22.93,72.7,5.12,10,3,0
2024-09-19 11:00:00,4317.01,480.63,9921.69,23.12,71.8,4.11,11,3,0
2024-09-19 12:00:00,3958.72,669.84,9595.76,24.18,60.4,4.31,12,3,0
2024-09-19 13:00:00,4340.04,604.02,9987.06,23.44,69.1,5.25,13,3,0
2024-09-19 14:00:00,2087.32,1170.77,9553.34,27.1,59.3,6.04,14,3,0
2024-09-19 15:00:00,0.0,1077.47,9630.89,28.08,70.6,7.26,15,3,0
2024-09-19 16:00:00,0.0,794.14,9816.22,25.11,65.3,6.27,16,3,0
2024-09-19 17:00:00,0.0,1427.68,9878.55,29.24,59.1,7.07,17,3,0
2024-09-19 18:00:00,0.0,631.64,10250.6,27.57,65.0,5.18,18,3,0
2024-09-19 19:00:00,0.0,1694.77,10461.89,29.87,66.7,8.24,19,3,0
2024-09-19 20:00:00,0.0,1066.44,10305.65,28.87,74.8,7.22,20,3,0
2024-09-19 21:00:00,0.0,1385.47,10438.92,28.88,72.0,6.73,21,3,0
2024-09-19 22:00:00,0.0,896.7,10324.49,28.32,73.9,6.6,22,3,0
2024-09-19 23:00:00,0.0,654.72,10083.7,29.52,78.6,5.75,23,3,0
2024-09-20 00:00:00,0.0,1125.18,9795.62,25.86,74.6,5.83,0,4,0
2024-09-20 01:00:00,0.0,1069.52,9735.98,27.35,79.1,7.81,1,4,0
2024-09-20 02:00:00,0.0,960.71,9878.94,27.17,79.6,5.25,2,4,0
2024-09-20 03:00:00,0.0,835.32,9566.13,25.93,72.2,4.98,3,4,0
2024-09-20 04:00:00,0.0,525.77,9476.19,27.13,83.4,4.96,4,4,0
2024-09-20 05:00:00,0.0,547.58,9595.46,23.09,71.7,4.33,5,4,0
2024-09-20 06:00:00,0.0,543.73,9744.78,24.4,80.5,5.09,6,4,0
2024-09-20 07:00:00,0.0,797.25,10147.98,22.82,70.0,5.79,7,4,0
2024-09-20 08:00:00,0.0,516.41,9780.46,24.33,77.4,4.33,8,4,0
2024-09-20 09:00:00,0.0,474.27,10099.61,22.94,81.3,3.69,9,4,0
2024-09-20 10:00:00,1998.47,917.74,9743.45,22.78,71.7,5.05,10,4,0
2024-09-20 11:00:00,3120.77,546.03,9802.44,25.29,70.2,4.87,11,4,0
2024-09-20 12:00:00,4365.18,815.81,9557.09,23.76,72.5,5.88,12,4,0
2024-09-20 13:00:00,3735.39,723.79,10099.83,23.37,67.7,4.92,13,4,0
2024-09-20 14:00:00,2055.75,627.27,9789.9,25.22,75.5,5.32,14,4,0
2024-09-20 15:00:00,0.0,961.78,9639.94,27.36,68.5,5.66,15,4,0
2024-09-20 16:00:00,0.0,906.26,9930.05,29.02,66.2,6.11,16,4,0
2024-09-20 17:00:00,0.0,1173.4,9977.98,28.1,65.5,5.97,17,4,0
2024-09-20 18:00:00,0.0,1019.01,10391.38,30.03,64.5,6.05,18,4,0
2024-09-20 19:00:00,0.0,683.82,10110.62,27.11,66.5,5.17,19,4,0
2024-09-20 20:00:00,0.0,1134.74,10314.9,28.31,68.6,6.3,20,4,0
2024-09-20 21:00:00,0.0,1488.52,10336.48,28.4,69.3,7.36,21,4,0
2024-09-20 22:00:00,0.0,1477.67,10414.19,28.31,69.9,7.43,22,4,0
2024-09-20 23:00:00,0.0,858.74,9971.86,28.07,82.2,6.27,23,4,0
2024-09-21 00:00:00,0.0,1217.69,8955.58,28.07,70.9,7.55,0,5,1
2024-09-21 01:00:00,0.0,972.2,8687.48,25.98,76.6,6.28,1,5,1
2024-09-21 02:00:00,0.0,657.6,8725.47,25.91,79.2,4.99,2,5,1
2024-09-21 03:00:00,0.0,529.57,8758.2,24.91,79.8,4.48,3,5,1
2024-09-21 04:00:00,0.0,1212.85,8947.32,23.13,77.3,6.52,4,5,1
2024-09-21 05:00:00,0.0,503.43,8926.8,23.48,76.4,5.0,5,5,1
2024-09-21 06:00:00,0.0,461.49,9005.38,22.97,78.6,4.12,6,5,1
2024-09-21 07:00:00,0.0,283.82,9205.97,22.65,77.1,3.13,7,5,1
2024-09-21 08:00:00,0.0,472.12,9063.7,22.78,74.0,4.52,8,5,1
2024-09-21 09:00:00,0.0,636.44,9115.38,22.93,67.5,5.12,9,5,1
2024-09-21 10:00:00,2523.54,641.77,8678.63,22.63,70.6,4.28,10,5,1
2024-09-21 11:00:00,3542.97,663.12,8929.38,25.15,66.6,4.09,11,5,1
2024-09-21 12:00:00,4528.02,636.32,8778.87,22.84,67.3,4.65,12,5,1
2024-09-21 13:00:00,4293.65,907.69,9000.92,24.1,69.1,6.29,13,5,1
2024-09-21 14:00:00,2277.82,699.19,9049.16,29.08,69.6,4.43,14,5,1
2024-09-21 15:00:00,0.0,574.49,9086.56,25.27,74.8,5.29,15,5,1
2024-09-21 16:00:00,0.0,890.44,8904.38,25.62,65.3,7.03,16,5,1
2024-09-21 17:00:00,0.0,995.13,8986.49,28.74,70.8,6.69,17,5,1
2024-09-21 18:00:00,0.0,1052.67,9288.1,25.85,69.4,6.65,18,5,1
2024-09-21 19:00:00,0.0,1140.0,9304.89,28.36,74.1,6.15,19,5,1
2024-09-21 20:00:00,0.0,1396.8,9657.44,31.32,72.3,6.79,20,5,1
2024-09-21 21:00:00,0.0,1040.03,9429.9,26.79,67.2,6.37,21,5,1
2024-09-21 22:00:00,0.0,951.25,9148.17,25.96,65.6,6.08,22,5,1
2024-09-21 23:00:00,0.0,738.33,8861.6,26.06,75.0,5.8,23,5,1
2024-09-22 00:00:00,0.0,1162.28,8679.12,28.22,72.9,7.15,0,6,1
2024-09-22 01:00:00,0.0,1246.73,8898.76,27.76,72.1,6.27,1,6,1
2024-09-22 02:00:00,0.0,946.03,8798.98,25.02,71.7,6.32,2,6,1
2024-09-22 03:00:00,0.0,764.24,8914.43,25.68,77.9,5.94,3,6,1
2024-09-22 04:00:00,0.0,826.49,8764.9,25.81,83.5,5.91,4,6,1
2024-09-22 05:00:00,0.0,736.6,8823.16,25.66,75.7,5.11,5,6,1
2024-09-22 06:00:00,0.0,683.05,8929.88,22.75,79.2,4.72,6,6,1
2024-09-22 07:00:00,0.0,537.68,9154.11,19.98,75.6,4.3,7,6,1
2024-09-22 08:00:00,0.0,522.05,9324.14,21.65,69.8,3.72,8,6,1
2024-09-22 09:00:00,0.0,512.61,9081.21,22.23,76.7,3.92,9,6,1
2024-09-22 10:00:00,2256.4,671.66,8785.84,22.73,68.1,4.56,10,6,1
2024-09-22 11:00:00,3299.55,539.53,9002.42,23.29,71.3,3.67,11,6,1
2024-09-22 12:00:00,3704.87,611.1,8809.94,25.48,68.6,4.0,12,6,1
2024-09-22 13:00:00,3904.23,800.86,8804.41,26.39,72.5,6.15,13,6,1
2024-09-22 14:00:00,2210.28,935.25,8899.97,25.43,63.9,5.73,14,6,1
2024-09-22 15:00:00,0.0,910.11,8834.34,27.73,69.2,5.45,15,6,1
2024-09-22 16:00:00,0.0,1066.08,8816.61,27.57,64.1,7.89,16,6,1
2024-09-22 17:00:00,0.0,848.35,8770.84,27.84,65.6,5.0,17,6,1
2024-09-22 18:00:00,0.0,997.68,9623.96,29.32,53.6,7.3,18,6,1
2024-09-22 19:00:00,0.0,1260.63,9362.6,28.62,77.3,6.59,19,6,1
2024-09-22 20:00:00,0.0,1002.35,9597.08,31.11,72.2,7.41,20,6,1
2024-09-22 21:00:00,0.0,1304.3,9274.37,26.81,68.1,6.9,21,6,1
2024-09-22 22:00:00,0.0,609.44,9352.59,27.62,68.0,5.28,22,6,1
2024-09-22 23:00:00,0.0,1031.39,9029.35,27.61,71.8,6.76,23,6,1
2024-09-23 00:00:00,0.0,884.78,9765.71,27.56,77.8,6.8,0,0,0
2024-09-23 01:00:00,0.0,531.43,9682.46,27.83,68.4,4.57,1,0,0
2024-09-23 02:00:00,0.0,1668.23,10016.26,25.51,76.2,7.64,2,0,0
2024-09-23 03:00:00,0.0,733.6,9802.27,23.05,84.4,6.08,3,0,0
2024-09-23 04:00:00,0.0,907.85,9773.29,25.05,72.9,6.11,4,0,0
2024-09-23 05:00:00,0.0,640.08,9794.62,24.32,77.6,4.4,5,0,0
2024-09-23 06:00:00,0.0,653.42,9636.54,20.61,85.6,5.67,6,0,0
2024-09-23 07:00:00,0.0,689.39,10095.55,22.63,78.5,5.83,7,0,0
2024-09-23 08:00:00,0.0,570.05,10192.15,20.63,75.4,5.07,8,0,0
2024-09-23 09:00:00,0.0,723.79,10247.41,21.84,75.8,4.82,9,0,0
2024-09-23 10:00:00,2142.71,658.82,9743.01,21.85,70.8,4.15,10,0,0
2024-09-23 11:00:00,3356.66,787.14,9808.55,24.39,76.3,4.79,11,0,0
2024-09-23 12:00:00,3606.48,826.35,9934.56,24.18,68.3,4.71,12,0,0
2024-09-23 13:00:00,3529.15,926.68,9790.5,23.22,61.1,5.79,13,0,0
2024-09-23 14:00:00,1839.56,867.13,9872.34,26.59,66.5,4.89,14,0,0
2024-09-23 15:00:00,0.0,885.56,9836.92,24.59,63.7,6.28,15,0,0
2024-09-23 16:00:00,0.0,763.41,9706.29,27.43,66.3,5.42,16,0,0
2024-09-23 17:00:00,0.0,904.15,9676.06,26.68,66.6,6.12,17,0,0
2024-09-23 18:00:00,0.0,858.9,10417.12,27.69,72.9,7.03,18,0,0
2024-09-23 19:00:00,0.0,1152.61,10100.08,29.04,71.7,6.13,19,0,0
2024-09-23 20:00:00,0.0,886.63,10355.93,29.16,71.0,7.31,20,0,0
2024-09-23 21:00:00,0.0,1387.55,10379.6,30.04,71.1,7.27,21,0,0
2024-09-23 22:00:00,0.0,1011.16,10422.34,28.04,68.2,6.58,22,0,0
2024-09-23 23:00:00,0.0,918.34,9952.29,28.02,65.0,7.62,23,0,0
2024-09-24 00:00:00,0.0,943.48,9699.08,26.41,75.4,6.61,0,1,0
2024-09-24 01:00:00,0.0,1101.98,10117.79,26.43,79.1,7.22,1,1,0
2024-09-24 02:00:00,0.0,1627.58,9951.27,25.96,76.3,7.54,2,1,0
2024-09-24 03:00:00,0.0,934.26,9809.66,24.54,75.1,5.65,3,1,0
2024-09-24 04:00:00,0.0,982.93,9966.0,21.77,79.3,6.1,4,1,0
2024-09-24 05:00:00,0.0,522.28,9708.99,23.71,76.9,4.83,5,1,0
2024-09-24 06:00:00,0.0,525.91,9752.81,23.27,83.5,4.31,6,1,0
2024-09-24 07:00:00,0.0,484.79,10156.59,21.72,80.9,4.82,7,1,0
2024-09-24 08:00:00,0.0,536.88,10017.95,20.89,78.8,3.79,8,1,0
2024-09-24 09:00:00,0.0,416.56,9946.88,24.31,76.7,4.09,9,1,0
2024-09-24 10:00:00,2165.88,827.96,9673.44,23.42,67.3,5.35,10,1,0
2024-09-24 11:00:00,3511.04,684.03,9762.4,23.04,73.8,4.56,11,1,0
2024-09-24 12:00:00,4563.02,797.08,9842.32,22.57,71.4,5.7,12,1,0
2024-09-24 13:00:00,3458.72,902.48,9745.45,23.67,71.3,5.58,13,1,0
2024-09-24 14:00:00,2394.55,1360.1,9589.22,27.0,70.1,7.06,14,1,0
2024-09-24 15:00:00,0.0,810.68,9842.44,26.37,69.4,6.26,15,1,0
2024-09-24 16:00:00,0.0,1230.73,9938.8,26.27,78.2,6.99,16,1,0
2024-09-24 17:00:00,0.0,1237.56,9728.23,28.17,67.3,6.66,17,1,0
2024-09-24 18:00:00,0.0,1025.4,10489.53,27.05,71.8,6.8,18,1,0
2024-09-24 19:00:00,0.0,1040.48,10662.64,30.13,67.0,7.64,19,1,0
2024-09-24 20:00:00,0.0,1081.38,10423.06,30.06,73.1,7.34,20,1,0
2024-09-24 21:00:00,0.0,1463.28,10212.25,27.77,74.9,7.01,21,1,0
2024-09-24 22:00:00,0.0,1060.34,10252.44,27.28,73.9,6.97,22,1,0
2024-09-24 23:00:00,0.0,918.84,9763.77,24.41,80.4,7.14,23,1,0
2024-09-25 00:00:00,0.0,710.79,9493.39,25.05,71.3,6.03,0,2,0
2024-09-25 01:00:00,0.0,717.55,9695.62,24.5,74.0,5.78,1,2,0
2024-09-25 02:00:00,0.0,951.15,9719.56,25.49,77.6,7.25,2,2,0
2024-09-25 03:00:00,0.0,1235.49,10012.87,24.16,80.7,7.35,3,2,0
2024-09-25 04:00:00,0.0,612.97,9813.23,22.22,78.1,4.85,4,2,0
2024-09-25 05:00:00,0.0,800.84,9690.24,22.87,82.4,4.82,5,2,0
2024-09-25 06:00:00,0.0,1161.76,9733.38,23.34,74.1,6.06,6,2,0
2024-09-25 07:00:00,0.0,787.79,10152.01,23.07,71.4,5.42,7,2,0
2024-09-25 08:00:00,0.0,986.1,10055.65,20.05,76.1,5.43,8,2,0
2024-09-25 09:00:00,0.0,810.54,10030.76,22.28,73.4,5.57,9,2,0
2024-09-25 10:00:00,2175.47,694.95,9719.61,21.07,74.6,4.7,10,2,0
2024-09-25 11:00:00,3247.38,610.51,9843.57,24.29,71.0,5.25,11,2,0
2024-09-25 12:00:00,4018.28,577.95,9620.19,24.77,68.5,5.35,12,2,0
2024-09-25 13:00:00,3764.02,508.1,9655.57,23.48,68.5,4.67,13,2,0
2024-09-25 14:00:00,2539.66,768.58,9674.68,24.41,68.2,5.85,14,2,0
2024-09-25 15:00:00,0.0,1297.69,9653.51,25.55,66.3,6.85,15,2,0
2024-09-25 16:00:00,0.0,727.11,9687.16,24.13,66.6,5.85,16,2,0
2024-09-25 17:00:00,0.0,819.26,9893.62,27.85,65.9,6.48,17,2,0
2024-09-25 18:00:00,0.0,1381.4,10414.36,27.6,71.5,6.73,18,2,0
2024-09-25 19:00:00,0.0,1165.47,10497.74,29.39,69.6,6.49,19,2,0
2024-09-25 20:00:00,0.0,1221.7,10315.78,27.01,78.9,7.36,20,2,0
2024-09-25 21:00:00,0.0,767.32,10209.6,27.48,71.7,6.31,21,2,0
2024-09-25 22:00:00,0.0,1625.26,10040.27,26.12,70.2,7.89,22,2,0
2024-09-25 23:00:00,0.0,932.44,9803.26,26.25,84.4,7.22,23,2,0
2024-09-26 00:00:00,0.0,953.77,9821.73,25.31,76.5,5.83,0,3,0
2024-09-26 01:00:00,0.0,1445.72,9705.16,27.2,79.8,7.73,1,3,0
2024-09-26 02:00:00,0.0,937.2,9656.87,24.39,79.1,6.26,2,3,0
2024-09-26 03:00:00,0.0,957.2,9633.19,24.6,79.7,5.29,3,3,0
2024-09-26 04:00:00,0.0,771.73,9806.12,23.27,79.5,6.49,4,3,0
2024-09-26 05:00:00,0.0,1043.45,9795.83,21.58,72.8,5.76,5,3,0
2024-09-26 06:00:00,0.0,471.03,9929.35,22.43,78.2,3.74,6,3,0
2024-09-26 07:00:00,0.0,656.67,10004.35,23.05,70.6,4.58,7,3,0
2024-09-26 08:00:00,0.0,945.2,10066.45,20.78,74.2,5.13,8,3,0
2024-09-26 09:00:00,0.0,378.65,10103.06,23.3,70.7,3.14,9,3,0
2024-09-26 10:00:00,2479.35,821.63,9720.02,21.61,73.8,4.97,10,3,0
2024-09-26 11:00:00,3728.09,585.03,9886.68,22.53,72.4,5.13,11,3,0
2024-09-26 12:00:00,4628.68,641.14,9934.58,24.36,71.8,4.21,12,3,0
2024-09-26 13:00:00,3443.97,965.75,9653.33,23.65,70.0,5.58,13,3,0
2024-09-26 14:00:00,2190.57,1076.56,9731.03,25.27,65.6,5.61,14,3,0
2024-09-26 15:00:00,0.0,862.25,9944.95,25.63,66.5,4.91,15,3,0
2024-09-26 16:00:00,0.0,942.37,9824.78,26.88,71.0,6.86,16,3,0
2024-09-26 17:00:00,0.0,1148.58,9800.07,24.49,71.8,7.04,17,3,0
2024-09-26 18:00:00,0.0,1259.79,10330.95,25.63,63.4,6.34,18,3,0
2024-09-26 19:00:00,0.0,1155.72,10477.07,28.86,62.7,6.57,19,3,0
2024-09-26 20:00:00,0.0,1224.86,10521.92,29.47,66.9,7.41,20,3,0
2024-09-26 21:00:00,0.0,846.38,10315.63,27.03,75.2,6.71,21,3,0
2024-09-26 22:00:00,0.0,703.55,10291.15,27.53,77.2,5.29,22,3,0
2024-09-26 23:00:00,0.0,1305.85,9947.79,27.7,69.9,7.12,23,3,0
2024-09-27 00:00:00,0.0,1070.99,9754.05,27.46,76.1,5.94,0,4,0
2024-09-27 01:00:00,0.0,921.79,9786.15,23.47,83.2,6.07,1,4,0
2024-09-27 02:00:00,0.0,907.61,9972.24,24.06,78.3,7.3,2,4,0
2024-09-27 03:00:00,0.0,950.33,9825.09,23.95,82.8,5.77,3,4,0
2024-09-27 04:00:00,0.0,1056.35,9778.01,24.47,81.3,5.62,4,4,0
2024-09-27 05:00:00,0.0,884.09,9861.69,26.0,73.5,5.79,5,4,0
2024-09-27 06:00:00,0.0,1048.17,9813.27,22.25,75.9,5.58,6,4,0
2024-09-27 07:00:00,0.0,508.3,10012.31,20.54,76.0,4.28,7,4,0
2024-09-27 08:00:00,0.0,831.69,10130.41,22.61,75.2,4.87,8,4,0
2024-09-27 09:00:00,0.0,801.94,10003.95,23.81,77.3,4.91,9,4,0
2024-09-27 10:00:00,1961.11,934.36,10005.21,22.66,74.0,5.13,10,4,0
2024-09-27 11:00:00,4237.32,892.11,9814.65,21.92,59.3,5.25,11,4,0
2024-09-27 12:00:00,4111.59,1088.22,9673.42,24.77,64.6,7.24,12,4,0
2024-09-27 13:00:00,3675.27,726.28,9738.88,25.15,60.0,4.44,13,4,0
2024-09-27 14:00:00,2417.06,1130.85,9877.15,23.89,68.7,6.4,14,4,0
2024-09-27 15:00:00,0.0,902.39,9655.06,26.36,68.5,6.83,15,4,0
2024-09-27 16:00:00,0.0,775.55,10112.46,27.82,68.5,6.53,16,4,0
2024-09-27 17:00:00,0.0,831.08,9694.53,28.66,63.7,5.86,17,4,0
2024-09-27 18:00:00,0.0,1580.42,10401.08,27.64,70.7,7.92,18,4,0
2024-09-27 19:00:00,0.0,752.75,10231.61,27.59,71.7,4.99,19,4,0
2024-09-27 20:00:00,0.0,1021.03,10394.54,29.6,64.8,6.3,20,4,0
2024-09-27 21:00:00,0.0,944.08,10354.53,26.57,65.2,7.82,21,4,0
2024-09-27 22:00:00,0.0,1022.44,10267.03,28.25,72.3,6.55,22,4,0
2024-09-27 23:00:00,0.0,1094.76,9976.99,25.6,80.8,8.02,23,4,0
2024-09-28 00:00:00,0.0,772.3,8685.84,27.8,81.6,5.39,0,5,1
2024-09-28 01:00:00,0.0,1055.57,8921.47,25.49,78.1,5.5,1,5,1
2024-09-28 02:00:00,0.0,1063.81,8820.97,26.55,73.7,5.72,2,5,1
2024-09-28 03:00:00,0.0,878.57,8889.55,24.84,80.7,6.23,3,5,1
2024-09-28 04:00:00,0.0,851.64,8915.69,22.06,75.5,5.45,4,5,1
2024-09-28 05:00:00,0.0,706.87,8646.21,24.61,74.0,5.0,5,5,1
2024-09-28 06:00:00,0.0,789.92,8882.08,24.29,68.0,6.32,6,5,1
2024-09-28 07:00:00,0.0,1276.57,9269.69,23.18,76.2,6.24,7,5,1
2024-09-28 08:00:00,0.0,591.2,9194.97,21.11,72.3,4.59,8,5,1
2024-09-28 09:00:00,0.0,421.09,9094.75,21.76,74.0,3.52,9,5,1
2024-09-28 10:00:00,2467.35,402.03,8684.34,22.6,63.1,3.2,10,5,1
2024-09-28 11:00:00,4377.33,617.97,8914.95,22.06,71.7,5.22,11,5,1
2024-09-28 12:00:00,3832.42,725.61,9079.13,25.55,60.1,5.71,12,5,1
2024-09-28 13:00:00,4061.49,659.38,8933.42,24.42,73.1,5.44,13,5,1
2024-09-28 14:00:00,1887.87,780.29,8992.93,21.78,70.0,5.58,14,5,1
2024-09-28 15:00:00,0.0,627.15,8965.96,26.21,66.3,5.25,15,5,1
2024-09-28 16:00:00,0.0,1363.6,8806.83,26.11,69.5,6.67,16,5,1
2024-09-28 17:00:00,0.0,1481.82,8864.86,27.05,63.5,7.73,17,5,1
2024-09-28 18:00:00,0.0,822.98,9414.22,27.18,68.2,4.82,18,5,1
2024-09-28 19:00:00,0.0,1321.84,9221.89,28.89,71.9,6.7,19,5,1
2024-09-28 20:00:00,0.0,1067.67,9544.39,29.37,57.4,6.08,20,5,1
2024-09-28 21:00:00,0.0,734.11,9490.71,28.26,69.2,5.7,21,5,1
2024-09-28 22:00:00,0.0,985.95,9303.84,27.21,72.2,5.95,22,5,1
2024-09-28 23:00:00,0.0,959.92,8951.68,27.09,72.8,7.06,23,5,1
2024-09-29 00:00:00,0.0,900.25,8787.48,26.44,80.6,6.93,0,6,1
2024-09-29 01:00:00,0.0,1384.39,8858.59,24.73,71.3,7.57,1,6,1
2024-09-29 02:00:00,0.0,1046.17,8821.23,25.62,74.1,6.17,2,6,1
2024-09-29 03:00:00,0.0,478.76,8909.18,24.7,69.4,4.5,3,6,1
2024-09-29 04:00:00,0.0,737.17,8841.46,25.27,83.3,5.45,4,6,1
2024-09-29 05:00:00,0.0,415.62,8652.86,24.31,76.1,4.29,5,6,1
2024-09-29 06:00:00,0.0,615.63,8767.82,21.5,74.8,4.23,6,6,1
2024-09-29 07:00:00,0.0,1053.51,9372.1,23.01,75.6,5.5,7,6,1
2024-09-29 08:00:00,0.0,828.32,9207.1,20.78,77.3,5.09,8,6,1
2024-09-29 09:00:00,0.0,948.66,8887.25,22.86,74.9,5.37,9,6,1
2024-09-29 10:00:00,1958.71,622.12,8998.94,21.7,82.8,4.65,10,6,1
2024-09-29 11:00:00,3728.53,653.92,8715.66,21.57,72.8,5.67,11,6,1
2024-09-29 12:00:00,4380.63,765.56,8961.2,23.76,67.9,4.86,12,6,1
2024-09-29 13:00:00,4144.22,861.06,9009.07,20.94,66.5,6.3,13,6,1
2024-09-29 14:00:00,2322.86,856.09,8866.2,22.82,66.4,5.92,14,6,1
2024-09-29 15:00:00,0.0,978.76,8734.37,25.48,61.4,5.74,15,6,1
2024-09-29 16:00:00,0.0,1252.92,8768.18,26.52,67.4,6.33,16,6,1
2024-09-29 17:00:00,0.0,1017.58,8929.51,26.6,70.6,6.39,17,6,1
2024-09-29 18:00:00,0.0,1712.25,9173.74,25.62,65.5,7.89,18,6,1
2024-09-29 19:00:00,0.0,1168.71,9240.17,26.84,65.5,6.96,19,6,1
2024-09-29 20:00:00,0.0,883.14,9416.01,28.39,75.8,6.87,20,6,1
2024-09-29 21:00:00,0.0,1111.16,9291.14,28.52,65.3,6.71,21,6,1
2024-09-29 22:00:00,0.0,1549.33,9480.49,27.5,64.0,7.54,22,6,1
2024-09-29 23:00:00,0.0,1262.55,8778.45,28.43,68.9,7.33,23,6,1
2024-09-30 00:00:00,0.0,1178.04,9391.42,26.8,68.6,6.4,0,0,0
2024-09-30 01:00:00,0.0,839.46,9692.61,24.7,77.3,5.49,1,0,0
2024-09-30 02:00:00,0.0,829.11,9823.21,24.48,75.1,5.45,2,0,0
2024-09-30 03:00:00,0.0,769.71,9889.6,22.36,76.2,5.77,3,0,0
2024-09-30 04:00:00,0.0,909.8,9736.99,23.19,81.8,6.73,4,0,0
2024-09-30 05:00:00,0.0,654.81,9752.73,24.03,74.3,5.21,5,0,0
2024-09-30 06:00:00,0.0,625.18,9782.29,23.04,79.7,4.73,6,0,0
2024-09-30 07:00:00,0.0,519.59,10310.03,23.6,81.8,3.64,7,0,0
2024-09-30 08:00:00,0.0,1160.56,10146.45,21.46,72.9,6.16,8,0,0
2024-09-30 09:00:00,0.0,632.72,10041.87,23.54,76.5,5.37,9,0,0
2024-09-30 10:00:00,2320.04,863.21,10032.21,21.99,71.3,5.58,10,0,0
2024-09-30 11:00:00,3463.38,848.85,9787.34,24.46,74.6,5.82,11,0,0
2024-09-30 12:00:00,4311.35,751.55,9536.96,23.29,63.4,5.07,12,0,0
2024-09-30 13:00:00,3603.97,884.83,9619.58,24.89,62.1,5.48,13,0,0
2024-09-30 14:00:00,1917.94,982.21,9852.99,26.59,66.3,6.84,14,0,0
2024-09-30 15:00:00,0.0,1183.07,9572.73,25.36,63.8,6.06,15,0,0
2024-09-30 16:00:00,0.0,1360.83,9845.77,26.58,65.2,6.64,16,0,0
2024-09-30 17:00:00,0.0,912.22,9754.14,28.49,66.5,7.11,17,0,0
2024-09-30 18:00:00,0.0,1334.72,10431.33,27.26,70.8,7.13,18,0,0
2024-09-30 19:00:00,0.0,792.49,10310.1,26.13,67.1,6.68,19,0,0
2024-09-30 20:00:00,0.0,829.15,10394.7,30.39,66.4,6.85,20,0,0
2024-09-30 21:00:00,0.0,1619.82,10399.71,27.15,69.5,7.53,21,0,0
2024-09-30 22:00:00,0.0,1415.64,10453.63,27.61,69.2,7.5,22,0,0
2024-09-30 23:00:00,0.0,1176.61,9674.36,28.33,69.8,7.71,23,0,0
2024-10-01 00:00:00,0.0,1297.16,9689.67,25.49,68.2,7.07,0,1,0
2024-10-01 01:00:00,0.0,1374.19,9846.29,24.29,76.0,6.9,1,1,0
2024-10-01 02:00:00,0.0,1087.78,9867.81,25.02,74.3,5.82,2,1,0
2024-10-01 03:00:00,0.0,581.21,10068.39,21.79,80.9,5.46,3,1,0
2024-10-01 04:00:00,0.0,1190.36,9892.91,22.87,71.4,6.29,4,1,0
2024-10-01 05:00:00,0.0,842.1,10074.09,22.89,74.9,4.96,5,1,0
2024-10-01 06:00:00,0.0,792.64,9788.33,21.8,83.8,5.2,6,1,0
2024-10-01 07:00:00,0.0,960.89,10147.04,19.97,72.0,6.16,7,1,0
2024-10-01 08:00:00,0.0,708.43,10032.82,23.63,73.8,5.93,8,1,0
2024-10-01 09:00:00,0.0,627.91,10038.29,21.95,68.6,5.16,9,1,0
2024-10-01 10:00:00,2316.17,642.0,9803.65,23.84,66.8,4.72,10,1,0
2024-10-01 11:00:00,4132.81,846.97,9716.1,22.29,77.1,4.96,11,1,0
2024-10-01 12:00:00,3963.48,1076.94,9478.31,22.16,70.4,5.91,12,1,0
2024-10-01 13:00:00,3582.44,791.61,9705.98,24.27,69.2,5.39,13,1,0
2024-10-01 14:00:00,2127.46,881.8,9915.2,24.46,61.1,5.22,14,1,0
2024-10-01 15:00:00,0.0,1317.82,9794.74,24.08,68.8,6.89,15,1,0
2024-10-01 16:00:00,0.0,1059.0,9795.41,27.98,71.8,6.33,16,1,0
2024-10-01 17:00:00,0.0,773.37,9694.39,26.09,72.0,5.96,17,1,0
2024-10-01 18:00:00,0.0,1061.93,10329.95,25.11,70.5,7.01,18,1,0
2024-10-01 19:00:00,0.0,1030.46,10641.5,29.21,64.1,7.57,19,1,0
2024-10-01 20:00:00,0.0,677.21,10458.08,27.11,71.0,6.08,20,1,0
2024-10-01 21:00:00,0.0,836.52,10333.9,26.89,73.6,6.76,21,1,0
2024-10-01 22:00:00,0.0,1261.89,10187.55,25.2,65.0,6.69,22,1,0
2024-10-01 23:00:00,0.0,868.26,10115.24,28.93,69.0,7.15,23,1,0
2024-10-02 00:00:00,0.0,1124.12,9913.11,24.57,78.2,7.14,0,2,0
2024-10-02 01:00:00,0.0,1199.17,9608.3,25.46,79.2,5.99,1,2,0
2024-10-02 02:00:00,0.0,828.61,9575.18,25.71,70.3,5.0,2,2,0
2024-10-02 03:00:00,0.0,1274.26,9614.95,24.35,80.2,6.76,3,2,0
2024-10-02 04:00:00,0.0,571.1,9726.76,23.05,77.6,4.78,4,2,0
2024-10-02 05:00:00,0.0,924.54,9894.21,20.45,80.1,5.65,5,2,0
2024-10-02 06:00:00,0.0,732.0,9891.35,21.05,74.0,5.12,6,2,0
2024-10-02 07:00:00,0.0,805.12,10141.89,21.95,78.3,5.2,7,2,0
2024-10-02 08:00:00,0.0,964.81,10084.15,20.67,78.0,6.29,8,2,0
2024-10-02 09:00:00,0.0,1263.8,10385.56,21.96,72.1,7.36,9,2,0
2024-10-02 10:00:00,2085.98,570.17,9790.08,22.84,72.2,3.66,10,2,0
2024-10-02 11:00:00,3228.01,809.59,9775.56,23.65,68.3,5.85,11,2,0
2024-10-02 12:00:00,4132.3,606.66,9725.09,21.65,76.3,5.1,12,2,0
2024-10-02 13:00:00,4235.2,967.78,10051.44,26.48,68.2,6.27,13,2,0
2024-10-02 14:00:00,2559.21,1052.28,9872.51,25.54,64.2,6.44,14,2,0
2024-10-02 15:00:00,0.0,890.21,9661.86,25.39,64.5,7.06,15,2,0
2024-10-02 16:00:00,0.0,1218.71,9647.64,27.43,67.7,6.42,16,2,0
2024-10-02 17:00:00,0.0,829.78,9783.48,29.58,70.4,5.72,17,2,0
2024-10-02 18:00:00,0.0,1181.76,10278.39,25.49,62.5,7.38,18,2,0
2024-10-02 19:00:00,0.0,1246.16,10110.18,27.25,76.0,6.89,19,2,0
2024-10-02 20:00:00,0.0,1275.92,10149.89,24.76,70.9,6.71,20,2,0
2024-10-02 21:00:00,0.0,1366.54,10418.2,27.75,72.7,6.55,21,2,0
2024-10-02 22:00:00,0.0,1058.47,10396.92,27.65,71.8,7.7,22,2,0
2024-10-02 23:00:00,0.0,1256.13,9964.97,26.69,73.5,8.08,23,2,0
2024-10-03 00:00:00,0.0,694.34,9609.56,25.23,74.1,5.69,0,3,0
2024-10-03 01:00:00,0.0,1408.58,9665.72,22.83,79.8,6.94,1,3,0
2024-10-03 02:00:00,0.0,937.63,9710.57,24.97,76.4,5.9,2,3,0
2024-10-03 03:00:00,0.0,792.27,9982.81,25.49,80.0,4.77,3,3,0
2024-10-03 04:00:00,0.0,1141.83,9793.55,22.31,75.4,5.8,4,3,0
2024-10-03 05:00:00,0.0,675.6,10004.64,22.92,77.8,4.77,5,3,0
2024-10-03 06:00:00,0.0,385.69,9861.29,20.04,73.3,3.97,6,3,0
2024-10-03 07:00:00,0.0,541.66,10087.51,22.17,80.5,4.45,7,3,0
2024-10-03 08:00:00,0.0,386.1,10169.86,21.05,71.3,4.15,8,3,0
2024-10-03 09:00:00,0.0,703.7,9893.47,20.71,72.1,4.42,9,3,0
2024-10-03 10:00:00,2146.3,348.57,9539.49,21.01,70.9,3.91,10,3,0
2024-10-03 11:00:00,3788.83,689.56,9817.11,21.92,69.4,4.76,11,3,0
2024-10-03 12:00:00,4082.58,486.33,9787.73,23.48,72.5,4.66,12,3,0
2024-10-03 13:00:00,3261.48,621.05,10018.03,22.17,67.3,5.74,13,3,0
2024-10-03 14:00:00,1907.48,832.9,9620.53,24.04,73.4,6.16,14,3,0
2024-10-03 15:00:00,0.0,999.63,9830.69,25.24,64.0,6.15,15,3,0
2024-10-03 16:00:00,0.0,703.05,9869.43,24.7,67.8,6.01,16,3,0
2024-10-03 17:00:00,0.0,1055.52,9927.94,28.8,64.2,6.23,17,3,0
2024-10-03 18:00:00,0.0,1024.45,10421.87,26.09,69.5,5.98,18,3,0
2024-10-03 19:00:00,0.0,1241.04,10214.12,26.61,68.5,6.16,19,3,0
2024-10-03 20:00:00,0.0,1560.99,10389.87,26.34,69.0,7.47,20,3,0
2024-10-03 21:00:00,0.0,858.08,10555.2,29.57,75.6,5.53,21,3,0
2024-10-03 22:00:00,0.0,1323.26,10429.9,27.78,69.5,6.84,22,3,0
2024-10-03 23:00:00,0.0,977.51,9724.66,25.52,75.8,6.55,23,3,0
2024-10-04 00:00:00,0.0,1252.44,9643.66,27.25,71.5,7.13,0,4,0
2024-10-04 01:00:00,0.0,731.22,9710.57,25.44,76.1,5.31,1,4,0
2024-10-04 02:00:00,0.0,891.82,9658.43,24.73,71.7,6.22,2,4,0
2024-10-04 03:00:00,0.0,1118.45,9718.2,23.23,74.3,6.22,3,4,0
2024-10-04 04:00:00,0.0,470.82,9745.89,22.02,76.8,4.17,4,4,0
2024-10-04 05:00:00,0.0,574.97,9676.63,22.7,84.2,4.59,5,4,0
2024-10-04 06:00:00,0.0,685.61,9786.93,21.17,76.9,5.17,6,4,0
2024-10-04 07:00:00,0.0,994.32,9959.52,23.7,82.3,5.49,7,4,0
2024-10-04 08:00:00,0.0,592.32,10092.22,19.89,75.5,5.13,8,4,0
2024-10-04 09:00:00,0.0,740.31,10041.57,23.36,71.9,5.4,9,4,0
2024-10-04 10:00:00,2409.69,645.13,9771.45,21.69,78.3,4.12,10,4,0
2024-10-04 11:00:00,3914.45,335.11,9833.2,22.66,72.6,3.81,11,4,0
2024-10-04 12:00:00,3860.01,979.55,9735.81,23.92,67.0,5.31,12,4,0
2024-10-04 13:00:00,3827.63,730.68,9692.64,22.89,70.5,4.46,13,4,0
2024-10-04 14:00:00,2012.62,671.88,9707.46,25.46,66.6,5.0,14,4,0
2024-10-04 15:00:00,0.0,1193.25,9908.77,21.95,59.3,6.69,15,4,0
2024-10-04 16:00:00,0.0,1313.25,9939.16,25.05,70.9,6.36,16,4,0
2024-10-04 17:00:00,0.0,962.81,9724.21,25.43,71.7,5.99,17,4,0
2024-10-04 18:00:00,0.0,731.12,10271.46,25.51,75.1,6.1,18,4,0
2024-10-04 19:00:00,0.0,1486.73,10085.47,27.06,70.3,7.31,19,4,0
2024-10-04 20:00:00,0.0,927.23,10268.17,27.88,68.6,7.08,20,4,0
2024-10-04 21:00:00,0.0,797.49,10135.97,28.16,74.2,5.98,21,4,0
2024-10-04 22:00:00,0.0,959.51,10231.4,27.31,75.5,5.36,22,4,0
2024-10-04 23:00:00,0.0,1219.37,9915.28,25.74,80.0,8.32,23,4,0
2024-10-05 00:00:00,0.0,984.4,8673.77,26.26,74.4,5.68,0,5,1
2024-10-05 01:00:00,0.0,1102.43,8745.76,25.24,75.0,6.88,1,5,1
2024-10-05 02:00:00,0.0,1445.2,8746.35,25.44,73.6,7.42,2,5,1
2024-10-05 03:00:00,0.0,801.58,8653.74,24.47,79.1,6.07,3,5,1
2024-10-05 04:00:00,0.0,719.23,8957.52,22.86,70.9,5.22,4,5,1
2024-10-05 05:00:00,0.0,501.8,8887.27,21.12,80.0,4.31,5,5,1
2024-10-05 06:00:00,0.0,444.53,9071.06,20.94,78.8,4.1,6,5,1
2024-10-05 07:00:00,0.0,706.89,9019.56,20.76,78.0,5.39,7,5,1
2024-10-05 08:00:00,0.0,869.04,8926.34,20.94,75.2,6.15,8,5,1
2024-10-05 09:00:00,0.0,797.25,9251.96,21.74,79.5,4.64,9,5,1
2024-10-05 10:00:00,2013.11,622.09,8810.7,22.58,75.6,4.55,10,5,1
2024-10-05 11:00:00,3994.2,834.35,8798.01,22.14,68.4,5.65,11,5,1
2024-10-05 12:00:00,4906.71,642.64,9031.36,22.84,67.2,4.7,12,5,1
2024-10-05 13:00:00,3539.5,1111.45,8874.37,23.71,65.0,5.68,13,5,1
2024-10-05 14:00:00,2303.6,950.76,8962.5,23.7,70.0,5.73,14,5,1
2024-10-05 15:00:00,0.0,950.35,8779.28,23.98,63.3,5.63,15,5,1
2024-10-05 16:00:00,0.0,874.08,8766.98,23.71,71.4,6.2,16,5,1
2024-10-05 17:00:00,0.0,1320.34,8810.16,25.61,72.6,7.87,17,5,1
2024-10-05 18:00:00,0.0,974.25,9390.44,27.48,64.3,7.15,18,5,1
2024-10-05 19:00:00,0.0,1452.77,9316.11,26.37,67.8,7.7,19,5,1
2024-10-05 20:00:00,0.0,889.79,9366.16,27.03,69.7,6.19,20,5,1
2024-10-05 21:00:00,0.0,1530.23,8997.61,27.78,74.3,7.83,21,5,1
2024-10-05 22:00:00,0.0,1043.84,9084.16,27.54,78.5,7.43,22,5,1
2024-10-05 23:00:00,0.0,798.39,8595.56,25.14,66.7,5.62,23,5,1
2024-10-06 00:00:00,0.0,1165.73,8808.48,26.92,73.3,7.1,0,6,1
2024-10-06 01:00:00,0.0,760.98,8686.28,26.35,74.5,6.05,1,6,1
2024-10-06 02:00:00,0.0,523.98,9056.76,22.86,70.8,4.98,2,6,1
2024-10-06 03:00:00,0.0,848.99,8851.43,22.45,75.0,6.07,3,6,1
2024-10-06 04:00:00,0.0,993.27,8880.0,24.15,78.8,6.14,4,6,1
2024-10-06 05:00:00,0.0,912.37,8723.22,21.92,75.8,5.58,5,6,1
2024-10-06 06:00:00,0.0,711.03,8719.48,18.96,70.2,5.17,6,6,1
2024-10-06 07:00:00,0.0,669.16,9325.15,19.64,87.1,4.83,7,6,1
2024-10-06 08:00:00,0.0,1186.8,9352.89,20.92,75.6,6.97,8,6,1
2024-10-06 09:00:00,0.0,510.16,9188.9,19.93,73.8,4.02,9,6,1
2024-10-06 10:00:00,2494.77,656.55,8610.19,21.13,67.7,5.7,10,6,1
2024-10-06 11:00:00,3759.63,689.52,8802.94,22.14,71.8,5.11,11,6,1
2024-10-06 12:00:00,5085.58,507.45,8891.59,24.47,68.9,4.57,12,6,1
2024-10-06 13:00:00,4242.79,816.25,8826.64,23.09,61.0,5.42,13,6,1
2024-10-06 14:00:00,2510.22,712.3,8599.58,25.51,63.5,4.59,14,6,1
2024-10-06 15:00:00,0.0,854.6,9075.94,26.71,70.4,5.49,15,6,1
2024-10-06 16:00:00,0.0,817.17,8753.74,27.44,74.9,6.18,16,6,1
2024-10-06 17:00:00,0.0,625.17,8693.06,26.68,68.7,5.22,17,6,1
2024-10-06 18:00:00,0.0,858.12,9306.29,24.46,72.2,7.07,18,6,1
2024-10-06 19:00:00,0.0,907.93,9452.11,27.67,67.9,6.06,19,6,1
2024-10-06 20:00:00,0.0,846.49,9426.28,28.48,69.2,5.77,20,6,1
2024-10-06 21:00:00,0.0,809.79,9152.12,27.02,75.1,6.1,21,6,1
2024-10-06 22:00:00,0.0,1710.54,9236.07,28.91,78.7,8.67,22,6,1
2024-10-06 23:00:00,0.0,710.85,8591.01,27.37,78.6,5.25,23,6,1
2024-10-07 00:00:00,0.0,1284.82,9751.01,26.3,70.3,7.02,0,0,0
2024-10-07 01:00:00,0.0,979.16,9729.23,26.2,75.3,5.87,1,0,0
2024-10-07 02:00:00,0.0,980.2,9847.66,24.52,77.5,5.95,2,0,0
2024-10-07 03:00:00,0.0,1289.33,9703.74,20.35,75.9,6.45,3,0,0
2024-10-07 04:00:00,0.0,693.81,9902.84,22.02,78.6,6.15,4,0,0
2024-10-07 05:00:00,0.0,513.56,9864.56,23.44,80.2,4.92,5,0,0
2024-10-07 06:00:00,0.0,606.82,9698.53,20.55,80.4,4.18,6,0,0
2024-10-07 07:00:00,0.0,769.28,10147.94,20.96,82.3,5.6,7,0,0
2024-10-07 08:00:00,0.0,1035.32,10260.48,19.87,73.2,5.44,8,0,0
2024-10-07 09:00:00,0.0,541.44,9985.72,23.36,67.9,4.74,9,0,0
2024-10-07 10:00:00,1858.09,640.17,9760.4,23.54,73.5,5.36,10,0,0
2024-10-07 11:00:00,4085.27,685.8,9758.07,20.94,78.3,4.75,11,0,0
2024-10-07 12:00:00,4210.5,539.98,9743.07,22.8,67.7,4.6,12,0,0
2024-10-07 13:00:00,3192.87,735.66,9882.23,22.53,71.3,5.47,13,0,0
2024-10-07 14:00:00,2473.58,1204.46,9891.73,24.86,70.5,6.13,14,0,0
2024-10-07 15:00:00,0.0,711.49,9834.8,25.51,68.0,6.22,15,0,0
2024-10-07 16:00:00,0.0,1103.26,9829.07,26.6,67.1,6.64,16,0,0
2024-10-07 17:00:00,0.0,814.66,9718.53,26.64,63.5,5.86,17,0,0
2024-10-07 18:00:00,0.0,1233.13,10611.9,30.24,58.6,7.94,18,0,0
2024-10-07 19:00:00,0.0,907.05,10135.78,25.79,64.1,6.56,19,0,0
2024-10-07 20:00:00,0.0,886.12,10587.43,25.07,68.0,6.84,20,0,0
2024-10-07 21:00:00,0.0,663.69,10452.03,26.55,75.2,5.91,21,0,0
2024-10-07 22:00:00,0.0,1434.93,10404.78,24.84,71.6,6.78,22,0,0
2024-10-07 23:00:00,0.0,1335.26,9835.0,24.45,71.3,7.26,23,0,0
2024-10-08 00:00:00,0.0,1426.5,9835.1,24.32,71.0,7.29,0,1,0
2024-10-08 01:00:00,0.0,977.75,9583.19,23.69,78.2,7.72,1,1,0
2024-10-08 02:00:00,0.0,775.79,9634.97,22.88,81.8,6.65,2,1,0
2024-10-08 03:00:00,0.0,1039.63,9649.92,23.87,81.1,6.2,3,1,0
2024-10-08 04:00:00,0.0,890.24,9793.0,21.92,79.5,5.36,4,1,0
2024-10-08 05:00:00,0.0,652.06,9752.22,21.69,71.0,4.95,5,1,0
2024-10-08 06:00:00,0.0,882.0,9883.36,22.5,75.0,6.04,6,1,0
2024-10-08 07:00:00,0.0,843.15,9985.13,20.21,83.4,5.87,7,1,0
2024-10-08 08:00:00,0.0,422.51,10224.19,20.71,79.0,4.15,8,1,0
2024-10-08 09:00:00,0.0,954.26,10002.55,21.56,67.2,5.55,9,1,0
2024-10-08 10:00:00,1818.47,687.32,9735.84,19.1,71.8,5.53,10,1,0
2024-10-08 11:00:00,4425.38,488.15,9893.45,19.04,72.2,4.22,11,1,0
2024-10-08 12:00:00,4771.61,952.15,9846.56,22.94,66.5,5.7,12,1,0
2024-10-08 13:00:00,3250.16,443.9,9635.83,23.84,59.3,4.64,13,1,0
2024-10-08 14:00:00,2133.56,534.1,9913.69,26.5,68.1,3.77,14,1,0
2024-10-08 15:00:00,0.0,1111.23,9796.68,24.99,64.1,5.85,15,1,0
2024-10-08 16:00:00,0.0,763.81,9528.94,26.51,63.9,6.44,16,1,0
2024-10-08 17:00:00,0.0,1078.72,9684.88,25.91,65.8,6.38,17,1,0
2024-10-08 18:00:00,0.0,1443.89,10240.84,26.98,67.2,8.98,18,1,0
2024-10-08 19:00:00,0.0,898.3,10265.6,28.92,68.5,7.14,19,1,0
2024-10-08 20:00:00,0.0,1303.32,10451.13,24.47,66.0,7.06,20,1,0
2024-10-08 21:00:00,0.0,1314.27,10245.03,27.42,69.9,7.32,21,1,0
2024-10-08 22:00:00,0.0,1161.87,10493.9,29.18,65.0,6.59,22,1,0
2024-10-08 23:00:00,0.0,1523.44,9810.79,26.48,74.6,7.58,23,1,0
2024-10-09 00:00:00,0.0,1014.25,9870.69,27.41,63.1,6.98,0,2,0
2024-10-09 01:00:00,0.0,1218.73,9986.77,23.95,74.4,6.73,1,2,0
2024-10-09 02:00:00,0.0,999.45,9867.08,23.89,80.0,5.74,2,2,0
2024-10-09 03:00:00,0.0,521.54,9995.11,23.19,72.6,4.73,3,2,0
2024-10-09 04:00:00,0.0,986.62,9870.27,19.77,79.9,5.32,4,2,0
2024-10-09 05:00:00,0.0,785.69,9801.78,20.4,81.5,5.71,5,2,0
2024-10-09 06:00:00,0.0,775.06,9824.57,20.01,63.1,4.92,6,2,0
2024-10-09 07:00:00,0.0,901.59,9785.96,22.02,75.0,5.35,7,2,0
2024-10-09 08:00:00,0.0,670.64,10046.38,21.97,63.0,4.83,8,2,0
2024-10-09 09:00:00,0.0,607.74,10083.77,21.42,72.9,5.32,9,2,0
2024-10-09 10:00:00,2556.45,474.21,9838.57,22.32,72.0,4.23,10,2,0
2024-10-09 11:00:00,3205.47,646.45,9782.94,21.61,60.8,5.27,11,2,0
2024-10-09 12:00:00,3871.68,661.26,9826.07,23.87,77.2,4.76,12,2,0
2024-10-09 13:00:00,3788.17,472.92,9627.22,23.16,69.6,4.25,13,2,0
2024-10-09 14:00:00,2493.94,862.59,9596.24,24.0,64.3,5.59,14,2,0
2024-10-09 15:00:00,0.0,1058.83,9644.02,24.38,73.1,7.21,15,2,0
2024-10-09 16:00:00,0.0,509.67,9974.54,26.25,59.9,5.07,16,2,0
2024-10-09 17:00:00,0.0,983.59,9633.85,25.54,62.3,6.58,17,2,0
2024-10-09 18:00:00,0.0,1312.53,10195.37,27.7,58.5,7.33,18,2,0
2024-10-09 19:00:00,0.0,1722.33,10302.62,25.47,75.7,8.69,19,2,0
2024-10-09 20:00:00,0.0,767.91,10099.01,25.61,70.9,6.55,20,2,0
2024-10-09 21:00:00,0.0,895.88,10185.32,27.65,73.4,6.47,21,2,0
2024-10-09 22:00:00,0.0,1205.01,10371.21,26.42,73.2,6.01,22,2,0
2024-10-09 23:00:00,0.0,1136.57,9733.43,25.5,75.6,7.76,23,2,0
2024-10-10 00:00:00,0.0,1087.46,9988.02,26.4,74.8,6.0,0,3,0
2024-10-10 01:00:00,0.0,984.78,9582.17,23.88,76.6,6.19,1,3,0
2024-10-10 02:00:00,0.0,508.72,9744.53,23.59,76.8,4.76,2,3,0
2024-10-10 03:00:00,0.0,1187.05,9733.47,24.73,74.4,6.69,3,3,0
2024-10-10 04:00:00,0.0,1383.42,9784.93,24.18,76.8,6.65,4,3,0
2024-10-10 05:00:00,0.0,1193.64,9638.79,23.6,78.0,6.16,5,3,0
2024-10-10 06:00:00,0.0,557.17,9716.34,20.89,76.8,3.99,6,3,0
2024-10-10 07:00:00,0.0,847.83,10195.69,22.41,69.7,5.6,7,3,0
2024-10-10 08:00:00,0.0,398.88,10068.67,19.69,69.1,3.68,8,3,0
2024-10-10 09:00:00,0.0,652.65,9972.63,19.84,77.7,5.03,9,3,0
2024-10-10 10:00:00,2314.23,678.48,10035.61,18.41,70.8,5.18,10,3,0
2024-10-10 11:00:00,3473.67,984.82,9791.89,23.72,73.1,5.37,11,3,0
2024-10-10 12:00:00,3992.97,720.04,9859.6,21.29,65.2,5.71,12,3,0
2024-10-10 13:00:00,3214.53,755.72,9877.7,22.9,62.6,5.48,13,3,0
2024-10-10 14:00:00,1871.11,511.54,9777.51,22.74,64.3,4.16,14,3,0
2024-10-10 15:00:00,0.0,975.28,9691.23,25.44,66.3,6.41,15,3,0
2024-10-10 16:00:00,0.0,715.18,9809.9,24.88,64.4,6.32,16,3,0
2024-10-10 17:00:00,0.0,760.55,9701.99,24.39,72.4,5.76,17,3,0
2024-10-10 18:00:00,0.0,804.27,10334.59,26.96,68.4,5.44,18,3,0
2024-10-10 19:00:00,0.0,1593.36,10270.29,25.01,75.9,8.08,19,3,0
2024-10-10 20:00:00,0.0,1411.39,10413.53,25.82,71.1,7.94,20,3,0
2024-10-10 21:00:00,0.0,1193.5,10153.02,24.2,61.1,7.55,21,3,0
2024-10-10 22:00:00,0.0,1130.61,10376.22,24.72,76.3,6.41,22,3,0
2024-10-10 23:00:00,0.0,736.7,9859.65,26.17,67.3,4.84,23,3,0
2024-10-11 00:00:00,0.0,1048.22,9757.32,22.88,75.4,7.31,0,4,0
2024-10-11 01:00:00,0.0,855.16,9873.62,22.73,72.5,6.78,1,4,0
2024-10-11 02:00:00,0.0,1087.98,9836.27,23.73,84.9,5.95,2,4,0
2024-10-11 03:00:00,0.0,1159.64,9866.06,22.3,82.6,6.89,3,4,0
2024-10-11 04:00:00,0.0,834.42,9858.42,24.62,74.1,6.41,4,4,0
2024-10-11 05:00:00,0.0,729.97,9792.01,23.81,76.3,5.63,5,4,0
2024-10-11 06:00:00,0.0,896.8,9714.46,20.09,77.3,5.31,6,4,0
2024-10-11 07:00:00,0.0,808.34,10028.07,21.5,79.0,5.16,7,4,0
2024-10-11 08:00:00,0.0,1053.49,10075.24,21.63,74.6,5.57,8,4,0
2024-10-11 09:00:00,0.0,548.39,10202.18,20.12,69.2,4.3,9,4,0
2024-10-11 10:00:00,2132.8,579.44,9861.87,19.34,69.2,5.36,10,4,0
2024-10-11 11:00:00,3375.41,645.86,9906.72,21.6,70.7,4.39,11,4,0
2024-10-11 12:00:00,4803.37,870.04,9918.75,22.03,74.5,6.35,12,4,0
2024-10-11 13:00:00,4160.87,819.27,9759.96,22.43,70.2,5.91,13,4,0
2024-10-11 14:00:00,2583.79,612.85,10021.49,24.26,64.6,5.18,14,4,0
2024-10-11 15:00:00,0.0,840.29,9773.52,23.61,69.8,6.05,15,4,0
2024-10-11 16:00:00,0.0,993.92,9726.73,23.85,65.5,5.56,16,4,0
2024-10-11 17:00:00,0.0,1367.13,9826.0,25.99,70.8,7.69,17,4,0
2024-10-11 18:00:00,0.0,1051.36,10348.05,26.79,77.8,7.99,18,4,0
2024-10-11 19:00:00,0.0,1315.34,10201.01,25.22,67.1,7.41,19,4,0
2024-10-11 20:00:00,0.0,1513.21,10270.96,27.85,72.7,8.2,20,4,0
2024-10-11 21:00:00,0.0,1456.93,10236.36,24.51,67.7,7.11,21,4,0
2024-10-11 22:00:00,0.0,1555.92,10306.99,25.64,71.6,7.57,22,4,0
2024-10-11 23:00:00,0.0,991.89,9881.5,25.55,73.4,7.83,23,4,0
2024-10-12 00:00:00,0.0,1330.84,8822.09,24.37,73.7,6.69,0,5,1
2024-10-12 01:00:00,0.0,781.99,8922.73,23.74,85.4,6.55,1,5,1
2024-10-12 02:00:00,0.0,927.17,8687.34,25.88,75.1,7.0,2,5,1
2024-10-12 03:00:00,0.0,812.83,8960.77,21.84,79.2,6.51,3,5,1
2024-10-12 04:00:00,0.0,597.21,8799.59,25.07,69.3,5.13,4,5,1
2024-10-12 05:00:00,0.0,538.03,8797.45,22.04,78.6,3.74,5,5,1
2024-10-12 06:00:00,0.0,817.71,8902.04,21.15,80.9,5.14,6,5,1
2024-10-12 07:00:00,0.0,453.33,9193.35,21.31,73.4,3.45,7,5,1
2024-10-12 08:00:00,0.0,681.96,9125.52,23.67,64.5,4.23,8,5,1
2024-10-12 09:00:00,0.0,522.48,9032.34,19.55,73.2,4.29,9,5,1
2024-10-12 10:00:00,2233.3,434.8,8796.45,19.7,72.1,4.57,10,5,1
2024-10-12 11:00:00,3685.35,956.28,8865.43,20.61,73.6,5.78,11,5,1
2024-10-12 12:00:00,4461.75,1168.71,8912.78,22.18,77.6,6.11,12,5,1
2024-10-12 13:00:00,3497.28,1167.03,8755.25,20.79,67.0,5.9,13,5,1
2024-10-12 14:00:00,2196.76,911.69,8777.18,23.67,64.3,6.24,14,5,1
2024-10-12 15:00:00,0.0,1255.96,8885.55,26.45,62.5,6.52,15,5,1
2024-10-12 16:00:00,0.0,663.2,8844.01,25.32,67.8,4.25,16,5,1
2024-10-12 17:00:00,0.0,831.39,8871.58,25.41,69.1,6.5,17,5,1
2024-10-12 18:00:00,0.0,823.07,8996.27,25.49,65.5,5.26,18,5,1
2024-10-12 19:00:00,0.0,987.27,9274.61,27.61,71.6,7.27,19,5,1
2024-10-12 20:00:00,0.0,744.37,9412.39,25.65,71.4,5.28,20,5,1
2024-10-12 21:00:00,0.0,1383.02,9321.6,28.75,70.9,6.85,21,5,1
2024-10-12 22:00:00,0.0,1462.27,9432.22,28.56,68.4,7.4,22,5,1
2024-10-12 23:00:00,0.0,963.95,8708.95,26.07,71.4,5.96,23,5,1
2024-10-13 00:00:00,0.0,1493.46,8666.47,25.03,64.8,7.47,0,6,1
2024-10-13 01:00:00,0.0,908.7,8904.14,25.56,76.5,6.9,1,6,1
2024-10-13 02:00:00,0.0,873.92,8847.46,24.86,76.5,6.56,2,6,1
2024-10-13 03:00:00,0.0,880.75,8813.69,21.8,77.6,6.55,3,6,1
2024-10-13 04:00:00,0.0,938.31,8955.58,21.41,79.0,5.45,4,6,1
2024-10-13 05:00:00,0.0,1041.11,8816.58,19.84,78.4,5.62,5,6,1
2024-10-13 06:00:00,0.0,801.6,8778.09,21.44,75.9,5.3,6,6,1
2024-10-13 07:00:00,0.0,929.9,9050.1,21.45,75.8,5.12,7,6,1
2024-10-13 08:00:00,0.0,678.1,9024.72,18.92,68.9,4.49,8,6,1
2024-10-13 09:00:00,0.0,521.76,9195.0,20.1,71.0,4.0,9,6,1
2024-10-13 10:00:00,2526.11,697.03,8816.55,19.33,72.2,4.76,10,6,1
2024-10-13 11:00:00,4283.27,804.03,8991.1,20.34,67.8,4.82,11,6,1
2024-10-13 12:00:00,4464.72,486.77,8499.72,22.71,73.0,4.7,12,6,1
2024-10-13 13:00:00,3235.5,786.25,8964.74,21.89,65.9,6.18,13,6,1
2024-10-13 14:00:00,1878.68,571.53,8897.16,23.18,68.6,4.8,14,6,1
2024-10-13 15:00:00,0.0,1111.82,8843.1,22.37,67.7,5.86,15,6,1
2024-10-13 16:00:00,0.0,1520.69,8699.03,25.27,70.0,7.19,16,6,1
2024-10-13 17:00:00,0.0,1109.14,8654.81,25.61,70.8,7.22,17,6,1
2024-10-13 18:00:00,0.0,1629.32,9400.13,25.27,70.5,7.67,18,6,1
2024-10-13 19:00:00,0.0,1054.15,9339.06,26.21,60.1,6.39,19,6,1
2024-10-13 20:00:00,0.0,1268.0,9336.79,26.76,74.3,7.59,20,6,1
2024-10-13 21:00:00,0.0,1157.14,9297.7,25.46,76.8,6.14,21,6,1
2024-10-13 22:00:00,0.0,1136.01,9411.98,24.37,70.1,6.74,22,6,1
2024-10-13 23:00:00,0.0,1072.01,8783.7,27.83,74.3,6.72,23,6,1
2024-10-14 00:00:00,0.0,708.86,9745.63,24.19,71.0,6.24,0,0,0
2024-10-14 01:00:00,0.0,702.08,9764.81,24.11,67.8,6.21,1,0,0
2024-10-14 02:00:00,0.0,970.01,9760.36,24.66,73.4,5.86,2,0,0
2024-10-14 03:00:00,0.0,563.83,9946.39,26.91,74.7,5.21,3,0,0
2024-10-14 04:00:00,0.0,1176.77,9635.47,20.46,75.6,6.42,4,0,0
2024-10-14 05:00:00,0.0,840.83,9551.45,21.87,73.0,5.35,5,0,0
2024-10-14 06:00:00,0.0,787.17,9611.52,20.0,73.4,5.45,6,0,0
2024-10-14 07:00:00,0.0,858.26,10183.04,19.91,75.5,5.26,7,0,0
2024-10-14 08:00:00,0.0,930.7,10088.91,19.59,71.4,5.07,8,0,0
2024-10-14 09:00:00,0.0,613.81,9909.15,19.2,75.5,5.07,9,0,0
2024-10-14 10:00:00,2434.32,682.65,9797.96,20.8,74.8,4.79,10,0,0
2024-10-14 11:00:00,3510.35,1199.3,9747.12,19.56,80.3,6.27,11,0,0
2024-10-14 12:00:00,4458.52,652.55,9853.14,23.09,74.0,5.9,12,0,0
2024-10-14 13:00:00,3300.04,677.84,9881.31,22.74,69.5,5.51,13,0,0
2024-10-14 14:00:00,2462.46,800.98,10088.18,23.96,65.2,5.38,14,0,0
2024-10-14 15:00:00,0.0,939.65,9644.14,23.67,68.4,5.9,15,0,0
2024-10-14 16:00:00,0.0,811.09,9562.47,24.51,68.3,6.59,16,0,0
2024-10-14 17:00:00,0.0,1238.72,9856.69,25.92,65.1,7.7,17,0,0
2024-10-14 18:00:00,0.0,853.95,10408.41,24.65,70.8,5.61,18,0,0
2024-10-14 19:00:00,0.0,1190.92,10136.92,25.92,62.9,7.39,19,0,0
2024-10-14 20:00:00,0.0,1499.16,10137.03,25.42,68.6,7.86,20,0,0
2024-10-14 21:00:00,0.0,1032.79,10331.32,25.28,73.0,5.81,21,0,0
2024-10-14 22:00:00,0.0,1097.76,10495.74,23.52,70.9,6.82,22,0,0
2024-10-14 23:00:00,0.0,896.35,9680.81,27.18,72.5,6.01,23,0,0
2024-10-15 00:00:00,0.0,1316.89,9796.45,24.03,74.0,7.05,0,1,0
2024-10-15 01:00:00,0.0,1016.05,9558.1,25.53,72.2,6.21,1,1,0
2024-10-15 02:00:00,0.0,1181.42,9762.17,24.64,81.1,6.15,2,1,0
2024-10-15 03:00:00,0.0,848.52,9772.36,21.04,72.8,5.67,3,1,0
2024-10-15 04:00:00,0.0,1053.78,9962.1,20.55,78.3,6.32,4,1,0
2024-10-15 05:00:00,0.0,672.5,9701.2,24.31,78.5,5.68,5,1,0
2024-10-15 06:00:00,0.0,975.04,9868.37,22.86,72.6,5.48,6,1,0
2024-10-15 07:00:00,0.0,729.05,10008.39,20.42,75.9,5.26,7,1,0
2024-10-15 08:00:00,0.0,921.64,10111.84,20.67,70.9,5.49,8,1,0
2024-10-15 09:00:00,0.0,633.09,10350.28,19.7,78.9,4.79,9,1,0
2024-10-15 10:00:00,2496.5,724.76,10001.17,21.28,67.5,6.39,10,1,0
2024-10-15 11:00:00,3848.94,498.08,10021.27,20.37,68.1,4.14,11,1,0
2024-10-15 12:00:00,4529.04,385.66,9833.71,19.42,64.6,3.91,12,1,0
2024-10-15 13:00:00,4402.58,481.62,9760.77,20.99,63.1,4.05,13,1,0
2024-10-15 14:00:00,2401.17,463.35,9820.19,23.38,74.1,4.08,14,1,0
2024-10-15 15:00:00,0.0,874.91,9841.93,22.78,69.4,6.54,15,1,0
2024-10-15 16:00:00,0.0,854.2,9832.72,24.78,67.6,6.7,16,1,0
2024-10-15 17:00:00,0.0,1431.54,9700.63,24.19,64.6,7.46,17,1,0
2024-10-15 18:00:00,0.0,1037.56,10199.81,25.02,71.3,5.86,18,1,0
2024-10-15 19:00:00,0.0,1087.45,10218.45,27.28,65.2,7.46,19,1,0
2024-10-15 20:00:00,0.0,1162.9,10418.44,26.65,72.7,7.01,20,1,0
2024-10-15 21:00:00,0.0,1167.13,10431.48,26.24,67.3,7.13,21,1,0
2024-10-15 22:00:00,0.0,1154.44,10672.01,27.01,69.5,7.46,22,1,0
2024-10-15 23:00:00,0.0,865.45,9837.08,26.05,76.4,6.26,23,1,0
2024-10-16 00:00:00,0.0,1220.61,9691.39,26.5,78.0,8.78,0,2,0
2024-10-16 01:00:00,0.0,1565.93,9728.53,23.49,78.0,7.57,1,2,0
2024-10-16 02:00:00,0.0,1070.82,9767.1,22.75,72.2,5.83,2,2,0
2024-10-16 03:00:00,0.0,698.99,9966.75,20.93,75.1,5.13,3,2,0
2024-10-16 04:00:00,0.0,969.68,9873.95,21.25,77.7,5.67,4,2,0
2024-10-16 05:00:00,0.0,852.56,9624.38,22.3,73.5,5.65,5,2,0
2024-10-16 06:00:00,0.0,731.69,9779.18,22.23,81.9,6.14,6,2,0
2024-10-16 07:00:00,0.0,643.03,9924.42,21.52,66.0,4.2,7,2,0
2024-10-16 08:00:00,0.0,637.81,10172.1,18.11,71.4,5.26,8,2,0
2024-10-16 09:00:00,0.0,519.91,10016.18,21.67,71.3,3.78,9,2,0
2024-10-16 10:00:00,2320.57,803.98,9712.65,18.46,60.7,5.38,10,2,0
2024-10-16 11:00:00,4399.51,797.39,9560.55,22.22,65.2,5.05,11,2,0
2024-10-16 12:00:00,4455.12,1109.4,9876.82,21.32,72.1,6.84,12,2,0
2024-10-16 13:00:00,3543.9,617.91,9931.04,23.33,68.6,4.26,13,2,0
2024-10-16 14:00:00,2052.12,818.38,9702.85,21.67,74.0,6.84,14,2,0
2024-10-16 15:00:00,0.0,458.98,9766.56,25.45,73.4,4.64,15,2,0
2024-10-16 16:00:00,0.0,925.42,9728.48,23.01,68.8,5.2,16,2,0
2024-10-16 17:00:00,0.0,850.39,9759.81,24.58,68.5,5.16,17,2,0
2024-10-16 18:00:00,0.0,1365.18,10191.64,24.66,68.0,6.91,18,2,0
2024-10-16 19:00:00,0.0,895.18,10157.97,24.06,57.9,5.93,19,2,0
2024-10-16 20:00:00,0.0,887.71,10454.23,26.38,64.0,5.89,20,2,0
2024-10-16 21:00:00,0.0,1222.77,10014.81,28.33,71.2,7.16,21,2,0
2024-10-16 22:00:00,0.0,1048.71,10484.05,29.06,74.5,7.33,22,2,0
2024-10-16 23:00:00,0.0,1298.74,9820.0,25.5,74.5,6.9,23,2,0
2024-10-17 00:00:00,0.0,1276.92,9984.47,26.01,71.0,6.58,0,3,0
2024-10-17 01:00:00,0.0,1685.4,9757.63,24.23,79.4,7.96,1,3,0
2024-10-17 02:00:00,0.0,1033.81,9741.44,23.77,82.3,6.38,2,3,0
2024-10-17 03:00:00,0.0,1028.9,9688.98,21.99,80.7,6.64,3,3,0
2024-10-17 04:00:00,0.0,1077.93,9828.67,21.91,81.0,5.86,4,3,0
2024-10-17 05:00:00,0.0,717.48,9701.01,21.7,74.7,4.62,5,3,0
2024-10-17 06:00:00,0.0,1060.37,9650.55,19.88,80.7,5.73,6,3,0
2024-10-17 07:00:00,0.0,679.59,10012.55,20.18,76.2,4.61,7,3,0
2024-10-17 08:00:00,0.0,854.44,9987.38,20.1,76.6,4.96,8,3,0
2024-10-17 09:00:00,0.0,575.87,9980.29,21.27,74.8,5.24,9,3,0
2024-10-17 10:00:00,2158.73,456.87,9796.24,19.3,71.6,3.48,10,3,0
2024-10-17 11:00:00,3795.97,360.73,9762.66,20.99,67.3,3.85,11,3,0
2024-10-17 12:00:00,4288.42,1077.26,9851.95,23.97,69.2,6.02,12,3,0
2024-10-17 13:00:00,3523.33,752.27,9803.67,23.79,72.5,4.97,13,3,0
2024-10-17 14:00:00,2215.79,544.85,9641.67,24.79,66.0,5.25,14,3,0
2024-10-17 15:00:00,0.0,1021.74,9531.29,23.98,70.8,6.13,15,3,0
2024-10-17 16:00:00,0.0,731.2,9659.26,25.06,70.0,5.95,16,3,0
2024-10-17 17:00:00,0.0,889.37,9877.65,26.5,66.0,6.83,17,3,0
2024-10-17 18:00:00,0.0,866.02,10378.93,27.64,73.3,6.67,18,3,0
2024-10-17 19:00:00,0.0,1157.27,10408.16,23.73,67.1,7.02,19,3,0
2024-10-17 20:00:00,0.0,795.65,10390.55,24.59,75.6,6.4,20,3,0
2024-10-17 21:00:00,0.0,933.14,10420.46,27.64,72.5,7.15,21,3,0
2024-10-17 22:00:00,0.0,1146.97,10338.76,25.44,72.0,7.85,22,3,0
2024-10-17 23:00:00,0.0,727.93,10002.35,24.49,69.8,6.41,23,3,0
2024-10-18 00:00:00,0.0,1091.89,9821.24,23.08,74.2,7.44,0,4,0
2024-10-18 01:00:00,0.0,1114.63,10025.91,23.19,74.8,6.46,1,4,0
2024-10-18 02:00:00,0.0,1198.31,9710.83,21.4,71.4,6.85,2,4,0
2024-10-18 03:00:00,0.0,1223.07,9707.77,24.82,76.0,6.1,3,4,0
2024-10-18 04:00:00,0.0,673.27,9762.91,21.56,73.9,5.71,4,4,0
2024-10-18 05:00:00,0.0,1073.64,9781.5,20.89,79.3,5.78,5,4,0
2024-10-18 06:00:00,0.0,931.96,9747.45,21.19,81.6,6.26,6,4,0
2024-10-18 07:00:00,0.0,725.9,10165.76,21.34,70.7,5.32,7,4,0
2024-10-18 08:00:00,0.0,729.19,10088.72,21.22,81.4,5.42,8,4,0
2024-10-18 09:00:00,0.0,501.45,10028.14,21.47,72.9,4.71,9,4,0
2024-10-18 10:00:00,2497.5,989.99,9738.48,19.73,68.2,6.29,10,4,0
2024-10-18 11:00:00,3383.53,997.66,9932.11,20.6,73.8,5.65,11,4,0
2024-10-18 12:00:00,4071.2,957.61,9824.06,22.51,67.8,5.35,12,4,0
2024-10-18 13:00:00,3268.2,1012.46,9584.85,21.67,68.2,5.4,13,4,0
2024-10-18 14:00:00,2041.74,1233.07,9967.27,23.08,66.1,6.52,14,4,0
2024-10-18 15:00:00,0.0,880.48,9838.02,24.34,64.0,5.51,15,4,0
2024-10-18 16:00:00,0.0,668.08,9862.7,25.52,70.0,4.83,16,4,0
2024-10-18 17:00:00,0.0,1299.92,9897.49,23.07,66.1,6.56,17,4,0
2024-10-18 18:00:00,0.0,1485.65,10407.69,26.54,62.0,7.66,18,4,0
2024-10-18 19:00:00,0.0,1114.95,10179.71,25.7,70.8,8.14,19,4,0
2024-10-18 20:00:00,0.0,1259.59,10161.57,26.93,64.8,6.88,20,4,0
2024-10-18 21:00:00,0.0,1123.09,10577.57,26.91,66.2,7.03,21,4,0
2024-10-18 22:00:00,0.0,1315.54,10206.23,27.61,76.9,7.38,22,4,0
2024-10-18 23:00:00,0.0,1340.0,9831.44,26.83,68.6,6.65,23,4,0
2024-10-19 00:00:00,0.0,1296.98,9049.78,26.11,65.3,7.12,0,5,1
2024-10-19 01:00:00,0.0,1302.27,8800.78,25.5,78.1,6.43,1,5,1
2024-10-19 02:00:00,0.0,1433.47,8810.79,23.34,75.2,7.07,2,5,1
2024-10-19 03:00:00,0.0,836.14,8965.18,22.25,76.1,6.58,3,5,1
2024-10-19 04:00:00,0.0,731.18,8879.54,22.54,75.9,6.39,4,5,1
2024-10-19 05:00:00,0.0,726.81,8913.41,21.75,77.9,5.33,5,5,1
2024-10-19 06:00:00,0.0,1368.31,8844.35,20.02,73.4,6.83,6,5,1
2024-10-19 07:00:00,0.0,692.63,9075.84,20.58,81.6,5.52,7,5,1
2024-10-19 08:00:00,0.0,842.46,9099.05,19.95,68.7,5.23,8,5,1
2024-10-19 09:00:00,0.0,569.59,9282.28,19.07,75.2,4.39,9,5,1
2024-10-19 10:00:00,2097.53,798.16,8818.53,21.94,74.7,4.96,10,5,1
2024-10-19 11:00:00,4302.57,606.17,8905.45,20.94,67.8,5.22,11,5,1
2024-10-19 12:00:00,4179.36,535.84,8737.74,23.95,65.5,4.66,12,5,1
2024-10-19 13:00:00,4276.91,650.18,9098.83,20.27,72.6,5.27,13,5,1
2024-10-19 14:00:00,2194.83,868.19,8892.26,22.32,63.8,5.61,14,5,1
2024-10-19 15:00:00,0.0,827.49,8894.75,23.81,64.9,6.04,15,5,1
2024-10-19 16:00:00,0.0,796.83,8965.15,25.86,70.7,4.85,16,5,1
2024-10-19 17:00:00,0.0,933.42,8796.29,25.59,67.4,6.39,17,5,1
2024-10-19 18:00:00,0.0,1125.48,9453.25,25.96,60.6,6.4,18,5,1
2024-10-19 19:00:00,0.0,1429.07,9128.04,24.54,75.6,6.85,19,5,1
2024-10-19 20:00:00,0.0,1411.05,9236.27,24.6,67.5,7.79,20,5,1
2024-10-19 21:00:00,0.0,1251.93,9213.85,26.28,69.2,8.64,21,5,1
2024-10-19 22:00:00,0.0,1519.38,9084.33,23.95,73.1,7.51,22,5,1
2024-10-19 23:00:00,0.0,646.9,8790.56,24.48,75.9,5.88,23,5,1
2024-10-20 00:00:00,0.0,886.88,8847.77,25.0,82.5,6.43,0,6,1
2024-10-20 01:00:00,0.0,1080.8,8723.21,22.5,69.0,6.97,1,6,1
2024-10-20 02:00:00,0.0,889.6,8705.88,24.83,79.8,6.64,2,6,1
2024-10-20 03:00:00,0.0,1185.66,8858.93,23.6,79.9,6.79,3,6,1
2024-10-20 04:00:00,0.0,884.91,8844.4,19.52,76.6,5.66,4,6,1
2024-10-20 05:00:00,0.0,711.3,8822.11,19.66,80.1,5.21,5,6,1
2024-10-20 06:00:00,0.0,962.3,8702.06,17.56,80.2,6.69,6,6,1
2024-10-20 07:00:00,0.0,716.96,9091.66,19.07,70.1,5.18,7,6,1
2024-10-20 08:00:00,0.0,477.51,9059.05,20.82,81.6,4.22,8,6,1
2024-10-20 09:00:00,0.0,816.84,9149.31,19.51,67.2,6.18,9,6,1
2024-10-20 10:00:00,2398.95,430.97,8786.94,20.86,67.6,3.83,10,6,1
2024-10-20 11:00:00,4455.42,274.07,8849.35,18.96,69.8,2.34,11,6,1
2024-10-20 12:00:00,4797.76,993.74,8696.7,22.36,77.3,5.91,12,6,1
2024-10-20 13:00:00,3594.58,870.84,8686.38,21.46,67.4,6.23,13,6,1
2024-10-20 14:00:00,2278.09,1201.74,8920.9,22.92,67.7,6.07,14,6,1
2024-10-20 15:00:00,0.0,599.6,8945.84,23.57,73.0,4.96,15,6,1
2024-10-20 16:00:00,0.0,1106.83,8806.87,22.88,65.9,6.21,16,6,1
2024-10-20 17:00:00,0.0,754.07,8857.32,23.64,62.6,6.28,17,6,1
2024-10-20 18:00:00,0.0,1097.34,9256.03,26.66,66.1,6.28,18,6,1
2024-10-20 19:00:00,0.0,1333.07,9441.67,26.28,74.1,7.99,19,6,1
2024-10-20 20:00:00,0.0,1004.62,9285.63,27.16,69.9,6.13,20,6,1
2024-10-20 21:00:00,0.0,991.67,9250.13,26.19,78.6,7.25,21,6,1
2024-10-20 22:00:00,0.0,1299.39,9425.96,25.67,75.1,7.92,22,6,1
2024-10-20 23:00:00,0.0,1389.05,8761.11,22.95,70.9,7.17,23,6,1
2024-10-21 00:00:00,0.0,1515.88,9804.79,23.99,74.9,7.7,0,0,0
2024-10-21 01:00:00,0.0,974.98,9660.18,23.56,72.3,6.95,1,0,0
2024-10-21 02:00:00,0.0,981.07,9865.75,25.16,73.8,6.6,2,0,0
2024-10-21 03:00:00,0.0,710.02,9883.85,22.86,94.9,6.29,3,0,0
2024-10-21 04:00:00,0.0,750.23,9631.36,23.16,81.2,6.23,4,0,0
2024-10-21 05:00:00,0.0,583.92,9612.64,21.41,80.4,5.19,5,0,0
2024-10-21 06:00:00,0.0,483.4,9820.63,19.36,74.0,4.25,6,0,0
2024-10-21 07:00:00,0.0,1047.84,10333.9,20.06,82.0,5.89,7,0,0
2024-10-21 08:00:00,0.0,931.23,10207.08,20.1,79.1,5.96,8,0,0
2024-10-21 09:00:00,0.0,879.62,10075.52,18.79,81.0,5.2,9,0,0
2024-10-21 10:00:00,1900.05,711.15,9683.48,19.76,79.5,4.59,10,0,0
2024-10-21 11:00:00,3939.97,505.83,9640.07,20.45,65.0,3.88,11,0,0
2024-10-21 12:00:00,4527.68,786.6,9872.05,23.24,65.2,5.36,12,0,0
2024-10-21 13:00:00,3318.23,731.86,9896.73,19.54,64.6,4.42,13,0,0
2024-10-21 14:00:00,2114.27,635.03,9710.26,24.26,64.1,4.55,14,0,0
2024-10-21 15:00:00,0.0,920.93,9756.39,22.47,68.6,5.98,15,0,0
2024-10-21 16:00:00,0.0,1035.87,9791.63,22.67,64.9,5.64,16,0,0
2024-10-21 17:00:00,0.0,832.27,10003.54,26.35,75.6,6.77,17,0,0
2024-10-21 18:00:00,0.0,1167.8,10297.82,26.29,75.5,6.58,18,0,0
2024-10-21 19:00:00,0.0,790.57,10172.29,27.22,68.6,6.38,19,0,0
2024-10-21 20:00:00,0.0,1000.18,10151.2,26.78,77.5,5.6,20,0,0
2024-10-21 21:00:00,0.0,1180.73,10204.59,28.19,76.8,6.31,21,0,0
2024-10-21 22:00:00,0.0,1009.45,10441.68,26.08,70.4,6.31,22,0,0
2024-10-21 23:00:00,0.0,992.88,9847.58,24.75,65.4,5.88,23,0,0
2024-10-22 00:00:00,0.0,1203.81,9744.54,24.64,73.8,6.44,0,1,0
2024-10-22 01:00:00,0.0,828.96,9434.96,25.0,73.2,5.58,1,1,0
2024-10-22 02:00:00,0.0,1193.01,9683.68,21.79,77.4,6.12,2,1,0
2024-10-22 03:00:00,0.0,943.1,9827.28,21.17,77.4,6.19,3,1,0
2024-10-22 04:00:00,0.0,887.81,9828.26,20.86,77.5,5.07,4,1,0
2024-10-22 05:00:00,0.0,938.86,9827.22,18.08,79.1,5.83,5,1,0
2024-10-22 06:00:00,0.0,517.07,9624.32,20.3,71.7,4.2,6,1,0
2024-10-22 07:00:00,0.0,388.32,10122.24,17.57,77.4,4.24,7,1,0
2024-10-22 08:00:00,0.0,609.54,9983.89,19.79,72.9,4.94,8,1,0
2024-10-22 09:00:00,0.0,1007.13,10101.23,20.87,74.3,5.54,9,1,0
2024-10-22 10:00:00,2329.29,833.19,9693.87,19.56,76.0,5.72,10,1,0
2024-10-22 11:00:00,3633.46,985.1,9914.45,22.62,66.0,6.42,11,1,0
2024-10-22 12:00:00,4781.24,697.24,9826.49,19.48,68.6,4.98,12,1,0
2024-10-22 13:00:00,3210.46,693.76,9768.81,23.38,68.2,5.39,13,1,0
2024-10-22 14:00:00,2096.82,682.93,9951.65,23.54,65.8,4.91,14,1,0
2024-10-22 15:00:00,0.0,652.37,9741.3,21.45,71.0,4.99,15,1,0
2024-10-22 16:00:00,0.0,1284.44,9616.19,27.48,64.3,6.43,16,1,0
2024-10-22 17:00:00,0.0,938.66,9912.7,24.77,65.2,5.87,17,1,0
2024-10-22 18:00:00,0.0,1565.22,10320.27,24.27,65.0,7.69,18,1,0
2024-10-22 19:00:00,0.0,957.51,10251.76,23.94,73.0,5.69,19,1,0
2024-10-22 20:00:00,0.0,1029.62,10212.75,25.46,67.7,7.35,20,1,0
2024-10-22 21:00:00,0.0,1191.19,10351.29,25.47,72.7,6.19,21,1,0
2024-10-22 22:00:00,0.0,761.0,10387.64,25.45,80.1,6.3,22,1,0
2024-10-22 23:00:00,0.0,1189.44,9693.99,24.49,73.2,7.29,23,1,0
2024-10-23 00:00:00,0.0,823.18,9853.84,24.9,79.2,6.16,0,2,0
2024-10-23 01:00:00,0.0,974.77,9816.07,22.95,82.5,6.08,1,2,0
2024-10-23 02:00:00,0.0,742.8,9686.47,20.32,80.7,5.6,2,2,0
2024-10-23 03:00:00,0.0,1417.97,9786.46,21.69,77.0,7.42,3,2,0
2024-10-23 04:00:00,0.0,954.65,9720.4,18.3,79.8,5.24,4,2,0
2024-10-23 05:00:00,0.0,927.19,9934.84,20.95,71.9,5.53,5,2,0
2024-10-23 06:00:00,0.0,670.21,9708.13,18.87,73.5,5.12,6,2,0
2024-10-23 07:00:00,0.0,818.53,10282.06,19.94,73.4,5.3,7,2,0
2024-10-23 08:00:00,0.0,744.58,10116.77,21.22,83.7,4.53,8,2,0
2024-10-23 09:00:00,0.0,578.55,9891.54,18.61,70.3,4.83,9,2,0
2024-10-23 10:00:00,2191.62,606.46,9525.23,21.32,68.9,5.34,10,2,0
2024-10-23 11:00:00,3990.88,458.54,9760.97,20.0,66.8,4.43,11,2,0
2024-10-23 12:00:00,3612.83,967.11,9946.04,23.25,72.0,6.15,12,2,0
2024-10-23 13:00:00,3880.96,1179.1,9933.67,21.43,69.3,6.44,13,2,0
2024-10-23 14:00:00,2163.89,1077.62,9805.96,21.63,72.3,6.22,14,2,0
2024-10-23 15:00:00,0.0,921.01,9697.55,24.24,70.1,6.05,15,2,0
2024-10-23 16:00:00,0.0,542.02,9735.92,23.62,61.7,3.86,16,2,0
2024-10-23 17:00:00,0.0,1215.03,9810.88,23.75,64.2,6.83,17,2,0
2024-10-23 18:00:00,0.0,1100.77,10420.48,24.67,73.4,6.38,18,2,0
2024-10-23 19:00:00,0.0,897.43,10358.3,25.49,67.9,6.66,19,2,0
2024-10-23 20:00:00,0.0,716.21,10406.19,27.25,74.5,5.44,20,2,0
2024-10-23 21:00:00,0.0,1133.28,10367.24,23.22,70.3,7.39,21,2,0
2024-10-23 22:00:00,0.0,1049.33,10402.67,25.27,68.4,5.8,22,2,0
2024-10-23 23:00:00,0.0,1339.57,9514.66,25.51,72.3,6.95,23,2,0
2024-10-24 00:00:00,0.0,1071.26,9678.89,24.29,70.9,7.42,0,3,0
2024-10-24 01:00:00,0.0,709.31,9653.42,24.91,73.6,6.11,1,3,0
2024-10-24 02:00:00,0.0,1402.51,9642.02,22.47,77.4,7.22,2,3,0
2024-10-24 03:00:00,0.0,751.44,9786.67,21.56,79.2,5.39,3,3,0
2024-10-24 04:00:00,0.0,821.85,9612.33,21.77,70.9,6.21,4,3,0
2024-10-24 05:00:00,0.0,455.36,9672.75,20.56,77.0,4.44,5,3,0
2024-10-24 06:00:00,0.0,683.72,9774.16,19.49,74.3,6.1,6,3,0
2024-10-24 07:00:00,0.0,854.99,9908.57,20.28,73.2,5.82,7,3,0
2024-10-24 08:00:00,0.0,720.78,10042.66,18.77,75.3,5.4,8,3,0
2024-10-24 09:00:00,0.0,708.48,10177.66,18.93,71.4,4.67,9,3,0
2024-10-24 10:00:00,2066.99,620.67,9638.95,19.33,77.8,3.9,10,3,0
2024-10-24 11:00:00,3711.01,550.1,9881.56,22.06,75.7,4.81,11,3,0
2024-10-24 12:00:00,4848.61,827.38,9689.26,17.19,74.5,6.17,12,3,0
2024-10-24 13:00:00,4337.4,759.15,9818.6,22.26,66.8,5.59,13,3,0
2024-10-24 14:00:00,2072.83,585.92,9653.26,22.6,64.1,4.49,14,3,0
2024-10-24 15:00:00,0.0,810.3,9840.4,21.32,67.8,5.09,15,3,0
2024-10-24 16:00:00,0.0,1112.02,9749.57,24.43,66.7,7.25,16,3,0
2024-10-24 17:00:00,0.0,872.62,9841.94,25.25,65.0,6.88,17,3,0
2024-10-24 18:00:00,0.0,984.85,10224.58,25.86,63.2,5.71,18,3,0
2024-10-24 19:00:00,0.0,944.46,10356.73,22.27,68.6,5.44,19,3,0
2024-10-24 20:00:00,0.0,885.4,10391.63,27.2,68.2,6.45,20,3,0
2024-10-24 21:00:00,0.0,645.6,10304.37,24.57,73.7,5.51,21,3,0
2024-10-24 22:00:00,0.0,1144.69,10232.45,25.98,74.9,6.83,22,3,0
2024-10-24 23:00:00,0.0,1243.93,9757.96,25.57,78.0,8.81,23,3,0
2024-10-25 00:00:00,0.0,739.0,9634.29,22.92,69.8,5.41,0,4,0
2024-10-25 01:00:00,0.0,1177.07,9810.35,24.04,77.5,6.33,1,4,0
2024-10-25 02:00:00,0.0,1024.21,9860.76,22.01,73.7,7.29,2,4,0
2024-10-25 03:00:00,0.0,1262.33,9973.95,19.21,72.3,6.58,3,4,0
2024-10-25 04:00:00,0.0,927.98,9943.0,22.37,75.6,5.6,4,4,0
2024-10-25 05:00:00,0.0,658.87,9668.72,19.42,81.4,5.37,5,4,0
2024-10-25 06:00:00,0.0,578.65,9811.45,18.85,75.2,4.35,6,4,0
2024-10-25 07:00:00,0.0,730.07,10085.04,19.09,82.1,4.9,7,4,0
2024-10-25 08:00:00,0.0,619.99,10247.16,19.8,77.0,5.21,8,4,0
2024-10-25 09:00:00,0.0,715.69,10015.9,19.51,72.0,5.87,9,4,0
2024-10-25 10:00:00,2285.84,615.09,9891.37,20.53,77.0,4.52,10,4,0
2024-10-25 11:00:00,3555.33,776.74,9667.56,18.74,72.8,4.96,11,4,0
2024-10-25 12:00:00,3975.73,591.61,9773.28,20.08,66.1,4.52,12,4,0
2024-10-25 13:00:00,3389.05,639.29,9679.86,21.56,76.2,5.66,13,4,0
2024-10-25 14:00:00,2104.53,1270.88,9550.2,24.75,69.0,6.35,14,4,0
2024-10-25 15:00:00,0.0,1169.27,9677.47,23.11,67.6,6.49,15,4,0
2024-10-25 16:00:00,0.0,828.14,9755.1,25.28,63.9,5.3,16,4,0
2024-10-25 17:00:00,0.0,1164.96,9957.14,24.64,72.2,6.6,17,4,0
2024-10-25 18:00:00,0.0,912.19,10159.52,24.49,70.1,6.15,18,4,0
2024-10-25 19:00:00,0.0,1673.23,10217.31,25.07,71.3,7.66,19,4,0
2024-10-25 20:00:00,0.0,881.16,10117.16,25.27,67.8,6.82,20,4,0
2024-10-25 21:00:00,0.0,1005.27,10428.63,26.1,74.4,5.77,21,4,0
2024-10-25 22:00:00,0.0,1061.0,10234.74,26.72,76.0,6.77,22,4,0
2024-10-25 23:00:00,0.0,1483.27,9745.4,25.03,70.9,7.22,23,4,0
2024-10-26 00:00:00,0.0,1282.81,8812.27,25.31,69.2,6.88,0,5,1
2024-10-26 01:00:00,0.0,986.2,8619.93,22.01,78.2,6.07,1,5,1
2024-10-26 02:00:00,0.0,1108.2,8678.01,21.89,70.4,5.77,2,5,1
2024-10-26 03:00:00,0.0,929.73,8739.79,20.74,77.8,5.19,3,5,1
2024-10-26 04:00:00,0.0,586.23,8927.92,21.27,75.6,5.4,4,5,1
2024-10-26 05:00:00,0.0,541.05,8554.09,19.84,82.1,4.79,5,5,1
2024-10-26 06:00:00,0.0,1044.72,8918.96,20.67,75.1,6.05,6,5,1
2024-10-26 07:00:00,0.0,721.11,9180.17,18.38,80.3,4.39,7,5,1
2024-10-26 08:00:00,0.0,700.4,8921.21,19.44,72.8,5.11,8,5,1
2024-10-26 09:00:00,0.0,517.47,9100.96,20.32,77.7,5.02,9,5,1
2024-10-26 10:00:00,1922.06,955.58,8993.66,17.31,80.6,5.77,10,5,1
2024-10-26 11:00:00,3766.4,763.24,8725.54,22.81,66.8,5.98,11,5,1
2024-10-26 12:00:00,4327.19,922.84,8787.76,20.55,71.0,5.83,12,5,1
2024-10-26 13:00:00,3652.5,819.34,9185.33,19.18,79.8,5.76,13,5,1
2024-10-26 14:00:00,2200.41,703.04,8893.11,22.58,68.3,4.88,14,5,1
2024-10-26 15:00:00,0.0,918.9,8823.04,23.21,67.8,5.12,15,5,1
2024-10-26 16:00:00,0.0,825.61,8796.75,23.79,70.5,5.56,16,5,1
2024-10-26 17:00:00,0.0,857.99,8898.77,25.7,67.7,7.08,17,5,1
2024-10-26 18:00:00,0.0,1158.67,9392.19,25.89,61.2,6.74,18,5,1
2024-10-26 19:00:00,0.0,1147.17,9051.31,25.65,73.4,7.54,19,5,1
2024-10-26 20:00:00,0.0,1535.75,9041.93,25.93,61.9,7.75,20,5,1
2024-10-26 21:00:00,0.0,1010.0,9190.23,25.16,69.4,6.4,21,5,1
2024-10-26 22:00:00,0.0,1321.73,9291.54,27.12,77.2,6.97,22,5,1
2024-10-26 23:00:00,0.0,1397.13,8863.07,22.74,72.2,6.83,23,5,1
2024-10-27 00:00:00,0.0,949.14,8649.58,23.98,72.1,6.42,0,6,1
2024-10-27 01:00:00,0.0,1216.2,8829.43,23.16,79.5,6.04,1,6,1
2024-10-27 02:00:00,0.0,955.26,8845.38,23.28,73.3,7.18,2,6,1
2024-10-27 03:00:00,0.0,1016.7,8752.02,20.52,72.4,6.01,3,6,1
2024-10-27 04:00:00,0.0,631.66,8789.86,18.72,78.5,5.72,4,6,1
2024-10-27 05:00:00,0.0,556.12,8766.82,20.38,76.5,4.83,5,6,1
2024-10-27 06:00:00,0.0,958.19,8909.72,20.05,71.8,5.8,6,6,1
2024-10-27 07:00:00,0.0,410.47,9139.82,21.2,78.5,4.3,7,6,1
2024-10-27 08:00:00,0.0,604.14,9001.93,17.78,76.8,5.37,8,6,1
2024-10-27 09:00:00,0.0,689.96,9253.61,20.8,72.3,5.36,9,6,1
2024-10-27 10:00:00,2391.13,665.53,8689.92,22.55,71.3,4.68,10,6,1
2024-10-27 11:00:00,3153.32,562.69,8648.45,19.73,73.0,5.36,11,6,1
2024-10-27 12:00:00,4575.9,789.8,8824.58,19.26,74.7,5.41,12,6,1
2024-10-27 13:00:00,4365.81,864.49,8823.97,21.04,67.8,5.44,13,6,1
2024-10-27 14:00:00,1922.89,819.79,8862.73,22.33,70.7,5.72,14,6,1
2024-10-27 15:00:00,0.0,700.69,8712.24,23.76,69.8,6.02,15,6,1
2024-10-27 16:00:00,0.0,1077.96,8961.17,23.1,70.9,6.33,16,6,1
2024-10-27 17:00:00,0.0,1121.6,9059.77,26.3,67.7,6.52,17,6,1
2024-10-27 18:00:00,0.0,891.45,9307.4,23.57,64.4,5.8,18,6,1
2024-10-27 19:00:00,0.0,1226.65,9347.92,23.12,67.0,6.72,19,6,1
2024-10-27 20:00:00,0.0,990.96,9056.18,26.64,71.3,7.15,20,6,1
2024-10-27 21:00:00,0.0,1298.35,9257.81,22.48,78.4,7.05,21,6,1
2024-10-27 22:00:00,0.0,1049.17,9226.48,24.66,70.5,7.7,22,6,1
2024-10-27 23:00:00,0.0,1156.97,8770.41,28.17,76.9,7.33,23,6,1
2024-10-28 00:00:00,0.0,693.68,9707.1,23.71,73.7,5.98,0,0,0
2024-10-28 01:00:00,0.0,1201.93,9719.07,21.66,76.4,6.33,1,0,0
2024-10-28 02:00:00,0.0,951.25,9611.41,22.16,82.9,5.98,2,0,0
2024-10-28 03:00:00,0.0,1182.14,9727.53,21.39,80.4,5.96,3,0,0
2024-10-28 04:00:00,0.0,1090.07,9661.0,20.92,72.5,5.7,4,0,0
2024-10-28 05:00:00,0.0,1197.12,9880.6,20.9,75.0,5.96,5,0,0
2024-10-28 06:00:00,0.0,609.14,9825.64,18.38,81.8,5.4,6,0,0
2024-10-28 07:00:00,0.0,1013.49,10140.8,21.35,76.6,6.08,7,0,0
2024-10-28 08:00:00,0.0,707.53,10218.21,19.52,70.4,5.19,8,0,0
2024-10-28 09:00:00,0.0,570.7,10001.85,20.2,70.5,4.3,9,0,0
2024-10-28 10:00:00,1929.89,556.22,9818.37,18.88,75.3,4.63,10,0,0
2024-10-28 11:00:00,3823.37,614.63,9914.43,21.65,75.2,5.58,11,0,0
2024-10-28 12:00:00,4311.64,558.21,9678.46,20.42,70.0,3.97,12,0,0
2024-10-28 13:00:00,3519.48,736.06,9542.5,21.78,78.8,4.39,13,0,0
2024-10-28 14:00:00,2185.64,886.22,9703.12,21.11,71.4,5.72,14,0,0
2024-10-28 15:00:00,0.0,993.12,9900.78,21.81,66.7,6.73,15,0,0
2024-10-28 16:00:00,0.0,1537.39,9671.63,24.55,64.2,7.27,16,0,0
2024-10-28 17:00:00,0.0,922.85,9730.19,23.82,63.7,6.29,17,0,0
2024-10-28 18:00:00,0.0,1584.82,10196.44,23.8,69.5,7.52,18,0,0
2024-10-28 19:00:00,0.0,1378.12,10267.16,24.35,67.0,6.89,19,0,0
2024-10-28 20:00:00,0.0,881.98,10164.18,26.07,76.7,5.71,20,0,0
2024-10-28 21:00:00,0.0,1275.38,10112.03,24.37,77.0,6.96,21,0,0
2024-10-28 22:00:00,0.0,1159.68,10237.1,24.68,75.0,6.44,22,0,0
2024-10-28 23:00:00,0.0,1390.82,9753.55,24.37,69.0,7.57,23,0,0
2024-10-29 00:00:00,0.0,868.97,9919.98,21.35,72.3,6.65,0,1,0
2024-10-29 01:00:00,0.0,896.23,9793.95,21.16,81.1,5.44,1,1,0
2024-10-29 02:00:00,0.0,502.8,9645.39,22.55,74.6,5.02,2,1,0
2024-10-29 03:00:00,0.0,1034.76,9698.2,20.49,81.8,5.94,3,1,0
2024-10-29 04:00:00,0.0,474.88,9871.62,21.92,79.4,3.76,4,1,0
2024-10-29 05:00:00,0.0,613.8,9735.14,21.19,77.6,5.04,5,1,0
2024-10-29 06:00:00,0.0,948.78,9654.83,20.41,74.0,5.44,6,1,0
2024-10-29 07:00:00,0.0,519.53,10110.88,21.43,75.7,4.25,7,1,0
2024-10-29 08:00:00,0.0,878.55,10006.21,19.05,75.8,5.79,8,1,0
2024-10-29 09:00:00,0.0,660.03,10158.38,20.03,77.9,5.91,9,1,0
2024-10-29 10:00:00,2112.45,505.54,9829.56,18.85,69.0,4.18,10,1,0
2024-10-29 11:00:00,3154.72,541.6,9648.31,22.97,70.2,4.85,11,1,0
2024-10-29 12:00:00,4075.96,822.03,10000.2,23.03,70.2,6.05,12,1,0
2024-10-29 13:00:00,4271.78,691.51,9771.25,21.39,71.6,5.46,13,1,0
2024-10-29 14:00:00,1855.93,451.76,9466.35,22.61,64.6,4.58,14,1,0
2024-10-29 15:00:00,0.0,876.76,9831.67,24.56,62.4,5.84,15,1,0
2024-10-29 16:00:00,0.0,838.95,9474.21,23.47,70.2,5.54,16,1,0
2024-10-29 17:00:00,0.0,1290.9,9910.78,23.48,61.6,7.35,17,1,0
2024-10-29 18:00:00,0.0,1170.05,10296.85,25.79,73.3,7.15,18,1,0
2024-10-29 19:00:00,0.0,1299.35,10272.46,25.14,68.4,6.57,19,1,0
2024-10-29 20:00:00,0.0,853.83,10279.84,25.37,63.8,7.04,20,1,0
2024-10-29 21:00:00,0.0,975.15,10350.21,24.04,69.3,5.91,21,1,0
2024-10-29 22:00:00,0.0,1227.09,10222.18,22.68,74.0,6.32,22,1,0
2024-10-29 23:00:00,0.0,1007.32,9774.61,24.55,71.7,8.07,23,1,0
2024-10-30 00:00:00,0.0,1094.59,9790.0,24.66,75.2,6.7,0,2,0
2024-10-30 01:00:00,0.0,1270.61,9430.09,22.57,79.1,7.2,1,2,0
2024-10-30 02:00:00,0.0,841.24,9847.12,23.79,76.1,6.4,2,2,0
2024-10-30 03:00:00,0.0,994.53,9867.37,20.45,73.7,7.0,3,2,0
2024-10-30 04:00:00,0.0,606.93,9830.09,19.3,76.4,4.09,4,2,0
2024-10-30 05:00:00,0.0,803.67,9821.61,19.87,83.1,5.3,5,2,0
2024-10-30 06:00:00,0.0,949.64,9967.37,19.37,83.6,6.56,6,2,0
2024-10-30 07:00:00,0.0,1040.11,10085.51,20.1,68.0,5.85,7,2,0
2024-10-30 08:00:00,0.0,1084.08,10089.64,18.14,79.4,6.05,8,2,0
2024-10-30 09:00:00,0.0,631.84,10012.54,20.81,74.9,4.95,9,2,0
2024-10-30 10:00:00,1883.28,608.14,9546.15,21.83,76.3,4.56,10,2,0
2024-10-30 11:00:00,4321.55,605.56,9830.75,19.9,69.1,4.26,11,2,0
2024-10-30 12:00:00,4062.42,520.86,9710.5,22.07,63.0,4.37,12,2,0
2024-10-30 13:00:00,4027.36,1031.1,9544.84,20.02,71.4,6.1,13,2,0
2024-10-30 14:00:00,2514.71,818.04,9766.78,23.36,64.5,6.1,14,2,0
2024-10-30 15:00:00,0.0,800.1,9763.42,24.1,62.2,5.9,15,2,0
2024-10-30 16:00:00,0.0,958.63,9748.18,24.61,62.3,6.62,16,2,0
2024-10-30 17:00:00,0.0,1341.12,9792.08,24.17,70.2,6.57,17,2,0
2024-10-30 18:00:00,0.0,1502.18,10092.48,21.12,68.8,7.43,18,2,0
2024-10-30 19:00:00,0.0,1335.55,10398.86,24.2,72.2,7.58,19,2,0
2024-10-30 20:00:00,0.0,987.11,10331.82,24.32,72.8,6.07,20,2,0
2024-10-30 21:00:00,0.0,887.39,10428.93,23.79,69.6,7.17,21,2,0
2024-10-30 22:00:00,0.0,910.81,10213.25,24.81,72.3,5.58,22,2,0
2024-10-30 23:00:00,0.0,1030.44,9827.42,23.69,71.8,6.92,23,2,0
2024-10-31 00:00:00,0.0,1271.09,9551.56,22.5,74.3,7.13,0,3,0
2024-10-31 01:00:00,0.0,952.32,9675.79,21.5,72.3,5.39,1,3,0
2024-10-31 02:00:00,0.0,662.77,9611.14,21.13,78.5,5.87,2,3,0
2024-10-31 03:00:00,0.0,981.46,9806.99,22.56,81.8,5.95,3,3,0
2024-10-31 04:00:00,0.0,938.79,9643.27,19.7,74.4,5.87,4,3,0
2024-10-31 05:00:00,0.0,624.73,9723.32,19.25,82.6,5.22,5,3,0
2024-10-31 06:00:00,0.0,608.17,9775.33,18.85,77.4,4.3,6,3,0
2024-10-31 07:00:00,0.0,737.87,10041.91,19.5,77.1,5.04,7,3,0
2024-10-31 08:00:00,0.0,512.57,9932.86,19.54,68.3,3.66,8,3,0
2024-10-31 09:00:00,0.0,504.27,10288.33,15.44,66.7,4.76,9,3,0
2024-10-31 10:00:00,2210.0,605.93,9789.65,20.62,73.2,4.63,10,3,0
2024-10-31 11:00:00,3668.59,904.28,9974.41,21.59,74.5,4.97,11,3,0
2024-10-31 12:00:00,5010.99,734.02,9651.98,19.23,67.5,4.79,12,3,0
2024-10-31 13:00:00,4264.86,607.68,9730.72,20.05,75.8,4.24,13,3,0
2024-10-31 14:00:00,2285.78,708.5,9786.25,21.45,71.2,5.39,14,3,0
2024-10-31 15:00:00,0.0,833.19,9959.7,21.86,64.2,6.69,15,3,0
2024-10-31 16:00:00,0.0,1529.32,9973.56,23.76,67.8,7.21,16,3,0
2024-10-31 17:00:00,0.0,1103.62,9723.71,21.78,77.7,8.4,17,3,0
2024-10-31 18:00:00,0.0,1763.3,10192.25,23.25,63.3,8.0,18,3,0
2024-10-31 19:00:00,0.0,701.85,10279.16,26.74,71.2,5.85,19,3,0
2024-10-31 20:00:00,0.0,862.57,10423.85,23.88,68.8,6.58,20,3,0
2024-10-31 21:00:00,0.0,1019.08,10296.1,26.38,74.2,6.93,21,3,0
2024-10-31 22:00:00,0.0,1136.73,10318.0,25.02,77.7,6.84,22,3,0
2024-10-31 23:00:00,0.0,1329.14,9918.74,21.94,72.4,6.87,23,3,0
2024-11-01 00:00:00,0.0,1870.61,9899.38,24.18,79.7,8.57,0,4,0
2024-11-01 01:00:00,0.0,765.54,9904.02,22.55,85.1,5.57,1,4,0
2024-11-01 02:00:00,0.0,607.65,9860.65,21.37,77.3,5.62,2,4,0
2024-11-01 03:00:00,0.0,1301.63,9948.25,21.43,80.7,7.25,3,4,0
2024-11-01 04:00:00,0.0,838.46,9640.19,20.98,75.3,5.18,4,4,0
2024-11-01 05:00:00,0.0,823.75,10055.91,20.64,77.6,5.75,5,4,0
2024-11-01 06:00:00,0.0,772.32,9913.24,20.73,76.3,6.06,6,4,0
2024-11-01 07:00:00,0.0,717.16,10081.76,19.51,79.4,5.46,7,4,0
2024-11-01 08:00:00,0.0,799.69,10234.17,17.26,80.0,5.12,8,4,0
2024-11-01 09:00:00,0.0,859.73,10059.31,18.45,73.6,5.69,9,4,0
2024-11-01 10:00:00,1913.92,631.18,9842.98,22.85,78.8,4.26,10,4,0
2024-11-01 11:00:00,3533.37,529.8,9857.04,20.66,77.5,4.67,11,4,0
2024-11-01 12:00:00,3816.33,1027.86,9889.46,23.26,73.6,5.66,12,4,0
2024-11-01 13:00:00,4279.55,369.69,9730.84,22.81,67.1,3.78,13,4,0
2024-11-01 14:00:00,1985.65,1009.56,9892.01,22.21,65.9,6.81,14,4,0
2024-11-01 15:00:00,0.0,1029.47,9732.97,23.05,64.6,6.18,15,4,0
2024-11-01 16:00:00,0.0,1150.32,9873.72,23.37,71.5,6.32,16,4,0
2024-11-01 17:00:00,0.0,633.72,9783.85,21.95,63.0,5.13,17,4,0
2024-11-01 18:00:00,0.0,1066.64,10071.12,24.54,71.1,5.61,18,4,0
2024-11-01 19:00:00,0.0,1173.56,10201.59,26.27,64.8,6.48,19,4,0
2024-11-01 20:00:00,0.0,1067.6,10391.77,24.2,73.5,7.55,20,4,0
2024-11-01 21:00:00,0.0,867.99,10253.56,25.31,71.5,5.27,21,4,0
2024-11-01 22:00:00,0.0,1423.54,10435.63,25.54,78.0,7.53,22,4,0
2024-11-01 23:00:00,0.0,1210.17,9640.4,22.95,78.6,6.51,23,4,0
2024-11-02 00:00:00,0.0,1296.98,8937.54,22.8,81.0,6.46,0,5,1
2024-11-02 01:00:00,0.0,1215.69,8848.3,21.4,82.1,6.63,1,5,1
2024-11-02 02:00:00,0.0,938.62,8824.39,20.85,77.7,6.4,2,5,1
2024-11-02 03:00:00,0.0,921.1,8712.6,19.52,73.0,5.36,3,5,1
2024-11-02 04:00:00,0.0,1087.01,8879.2,19.26,73.5,6.17,4,5,1
2024-11-02 05:00:00,0.0,446.58,8732.93,21.42,69.2,3.57,5,5,1
2024-11-02 06:00:00,0.0,617.43,8777.67,18.14,72.8,4.86,6,5,1
2024-11-02 07:00:00,0.0,930.72,9122.12,19.09,76.6,5.18,7,5,1
2024-11-02 08:00:00,0.0,644.08,9095.11,18.24,73.0,4.69,8,5,1
2024-11-02 09:00:00,0.0,442.63,9262.33,20.36,73.3,3.47,9,5,1
2024-11-02 10:00:00,2160.59,793.31,8543.18,20.82,74.7,5.57,10,5,1
2024-11-02 11:00:00,3586.41,598.94,8832.59,20.76,70.2,4.06,11,5,1
2024-11-02 12:00:00,3668.46,674.18,8810.47,20.71,65.8,5.17,12,5,1
2024-11-02 13:00:00,3784.38,981.96,8852.98,20.79,69.0,5.55,13,5,1
2024-11-02 14:00:00,2376.59,661.94,8788.69,20.41,64.8,5.68,14,5,1
2024-11-02 15:00:00,0.0,1272.25,8976.87,24.95,66.8,6.86,15,5,1
2024-11-02 16:00:00,0.0,954.55,8823.07,22.43,73.1,6.14,16,5,1
2024-11-02 17:00:00,0.0,1242.9,8869.95,24.76,66.8,6.77,17,5,1
2024-11-02 18:00:00,0.0,1091.72,9417.07,25.71,75.5,6.59,18,5,1
2024-11-02 19:00:00,0.0,961.01,9316.24,24.07,74.9,7.28,19,5,1
2024-11-02 20:00:00,0.0,1350.39,9157.69,26.09,67.9,8.01,20,5,1
2024-11-02 21:00:00,0.0,1493.25,9258.81,25.66,67.0,7.04,21,5,1
2024-11-02 22:00:00,0.0,1465.13,9295.11,26.51,72.5,7.52,22,5,1
2024-11-02 23:00:00,0.0,1199.88,8656.41,23.4,78.7,7.96,23,5,1
2024-11-03 00:00:00,0.0,1654.78,8768.58,21.72,73.4,7.71,0,6,1
2024-11-03 01:00:00,0.0,1118.34,8845.81,21.94,80.0,6.11,1,6,1
2024-11-03 02:00:00,0.0,1073.21,9095.46,22.02,82.0,7.01,2,6,1
2024-11-03 03:00:00,0.0,1021.72,8898.53,21.06,74.6,6.12,3,6,1
2024-11-03 04:00:00,0.0,1016.93,8872.93,19.79,75.1,6.55,4,6,1
2024-11-03 05:00:00,0.0,690.01,9056.88,17.35,80.5,5.87,5,6,1
2024-11-03 06:00:00,0.0,947.15,8924.54,19.73,77.8,5.43,6,6,1
2024-11-03 07:00:00,0.0,651.18,9226.47,21.24,73.6,5.4,7,6,1
2024-11-03 08:00:00,0.0,723.18,9090.17,19.32,73.9,5.16,8,6,1
2024-11-03 09:00:00,0.0,827.37,8987.14,19.6,73.8,5.15,9,6,1
2024-11-03 10:00:00,1788.5,836.46,8885.4,19.86,66.6,4.82,10,6,1
2024-11-03 11:00:00,3423.1,500.16,9072.66,20.12,74.6,4.85,11,6,1
2024-11-03 12:00:00,4013.72,1011.02,9035.56,21.38,68.4,6.62,12,6,1
2024-11-03 13:00:00,4383.02,948.19,8932.94,21.46,58.2,5.8,13,6,1
2024-11-03 14:00:00,2527.85,873.75,8771.61,21.39,68.4,5.2,14,6,1
2024-11-03 15:00:00,0.0,1079.19,8667.92,21.59,65.0,5.7,15,6,1
2024-11-03 16:00:00,0.0,825.09,8755.33,22.97,74.6,7.02,16,6,1
2024-11-03 17:00:00,0.0,962.57,8880.13,24.26,65.7,5.83,17,6,1
2024-11-03 18:00:00,0.0,571.48,9253.48,23.99,64.1,5.44,18,6,1
2024-11-03 19:00:00,0.0,1000.31,9430.25,25.04,71.3,5.66,19,6,1
2024-11-03 20:00:00,0.0,650.01,9131.3,25.29,67.7,5.5,20,6,1
2024-11-03 21:00:00,0.0,1117.49,9294.55,25.66,68.4,5.88,21,6,1
2024-11-03 22:00:00,0.0,734.14,9218.0,25.9,74.9,5.94,22,6,1
2024-11-03 23:00:00,0.0,1555.98,8972.95,23.98,70.0,7.89,23,6,1
2024-11-04 00:00:00,0.0,937.06,9851.11,21.62,69.6,6.58,0,0,0
2024-11-04 01:00:00,0.0,995.48,9686.28,22.06,83.3,6.12,1,0,0
2024-11-04 02:00:00,0.0,753.37,9888.51,21.75,79.5,5.01,2,0,0
2024-11-04 03:00:00,0.0,733.14,9591.27,18.71,76.7,5.79,3,0,0
2024-11-04 04:00:00,0.0,486.75,9571.62,21.86,77.9,4.26,4,0,0
2024-11-04 05:00:00,0.0,561.71,9679.78,19.74,79.7,5.11,5,0,0
2024-11-04 06:00:00,0.0,801.69,9548.05,19.55,81.1,6.85,6,0,0
2024-11-04 07:00:00,0.0,706.93,10087.49,20.43,73.4,5.57,7,0,0
2024-11-04 08:00:00,0.0,662.4,10091.31,17.94,76.9,4.77,8,0,0
2024-11-04 09:00:00,0.0,913.84,10052.34,19.49,72.2,5.47,9,0,0
2024-11-04 10:00:00,2237.81,708.32,9850.67,18.96,72.1,4.52,10,0,0
2024-11-04 11:00:00,4156.78,433.03,9699.19,19.35,72.2,4.4,11,0,0
2024-11-04 12:00:00,4540.73,922.47,9630.28,19.27,70.4,6.56,12,0,0
2024-11-04 13:00:00,3547.86,692.94,9690.33,22.92,72.3,4.49,13,0,0
2024-11-04 14:00:00,2088.16,780.06,9639.55,21.24,70.5,5.37,14,0,0
2024-11-04 15:00:00,0.0,788.7,9712.59,23.31,62.0,6.15,15,0,0
2024-11-04 16:00:00,0.0,749.62,9857.52,20.94,62.5,5.42,16,0,0
2024-11-04 17:00:00,0.0,993.18,9575.23,25.23,66.6,6.93,17,0,0
2024-11-04 18:00:00,0.0,751.31,10249.24,25.55,75.9,6.37,18,0,0
2024-11-04 19:00:00,0.0,1419.14,10404.91,24.71,65.9,7.3,19,0,0
2024-11-04 20:00:00,0.0,1085.44,10418.61,24.42,69.6,7.34,20,0,0
2024-11-04 21:00:00,0.0,1387.07,10208.16,25.07,69.4,6.71,21,0,0
2024-11-04 22:00:00,0.0,1731.86,10555.59,27.04,70.7,8.24,22,0,0
2024-11-04 23:00:00,0.0,1117.11,9659.81,21.7,74.9,6.24,23,0,0
2024-11-05 00:00:00,0.0,1172.93,9758.58,24.06,81.1,7.68,0,1,0
2024-11-05 01:00:00,0.0,1076.87,9645.57,21.31,78.3,7.34,1,1,0
2024-11-05 02:00:00,0.0,1265.55,9837.97,21.6,74.1,7.57,2,1,0
2024-11-05 03:00:00,0.0,863.58,10122.15,20.55,88.8,6.04,3,1,0
2024-11-05 04:00:00,0.0,875.32,10007.25,19.61,78.3,5.01,4,1,0
2024-11-05 05:00:00,0.0,916.43,9887.57,19.49,75.5,7.06,5,1,0
2024-11-05 06:00:00,0.0,779.42,9713.1,17.66,82.9,4.92,6,1,0
2024-11-05 07:00:00,0.0,613.31,10080.85,19.96,74.6,4.38,7,1,0
2024-11-05 08:00:00,0.0,776.97,10234.93,16.47,82.1,4.78,8,1,0
2024-11-05 09:00:00,0.0,536.48,10190.94,19.37,70.8,4.11,9,1,0
2024-11-05 10:00:00,2202.55,844.16,9795.95,18.63,78.7,5.35,10,1,0
2024-11-05 11:00:00,3254.09,776.26,9803.03,18.1,72.5,4.55,11,1,0
2024-11-05 12:00:00,4680.95,529.88,9912.68,20.37,75.6,4.96,12,1,0
2024-11-05 13:00:00,3551.67,748.16,9942.41,18.98,77.0,6.17,13,1,0
2024-11-05 14:00:00,2465.52,907.15,9605.91,21.67,64.1,6.14,14,1,0
2024-11-05 15:00:00,0.0,899.31,9813.24,20.69,73.2,5.91,15,1,0
2024-11-05 16:00:00,0.0,825.65,9855.38,23.68,62.3,6.29,16,1,0
2024-11-05 17:00:00,0.0,777.53,9722.14,22.63,63.9,6.41,17,1,0
2024-11-05 18:00:00,0.0,715.83,10443.48,23.68,65.4,6.26,18,1,0
2024-11-05 19:00:00,0.0,1283.39,10255.38,24.87,71.4,6.76,19,1,0
2024-11-05 20:00:00,0.0,1209.43,10446.81,23.7,70.6,7.26,20,1,0
2024-11-05 21:00:00,0.0,1345.7,10245.8,24.45,71.0,6.8,21,1,0
2024-11-05 22:00:00,0.0,1108.54,10321.12,22.4,73.5,7.2,22,1,0
2024-11-05 23:00:00,0.0,1070.45,9814.47,24.5,76.6,6.09,23,1,0
2024-11-06 00:00:00,0.0,954.22,9985.52,25.17,78.2,6.11,0,2,0
2024-11-06 01:00:00,0.0,946.85,9874.92,25.68,80.9,5.8,1,2,0
2024-11-06 02:00:00,0.0,796.81,9731.08,21.66,84.6,5.69,2,2,0
2024-11-06 03:00:00,0.0,863.91,9753.33,21.72,77.8,6.92,3,2,0
2024-11-06 04:00:00,0.0,1243.0,9752.86,17.92,75.9,6.21,4,2,0
2024-11-06 05:00:00,0.0,723.43,9788.22,21.23,80.3,4.52,5,2,0
2024-11-06 06:00:00,0.0,734.28,9672.65,19.89,72.8,5.53,6,2,0
2024-11-06 07:00:00,0.0,817.13,10091.24,18.07,73.8,4.71,7,2,0
2024-11-06 08:00:00,0.0,506.43,10265.17,20.04,79.5,4.37,8,2,0
2024-11-06 09:00:00,0.0,434.63,10259.84,18.35,73.8,3.7,9,2,0
2024-11-06 10:00:00,1886.82,994.83,9598.22,18.4,68.2,5.7,10,2,0
2024-11-06 11:00:00,3694.22,435.09,9579.22,20.0,65.8,3.93,11,2,0
2024-11-06 12:00:00,3670.89,660.93,9714.82,18.78,70.7,5.14,12,2,0
2024-11-06 13:00:00,4085.91,593.57,9572.51,22.0,74.1,4.63,13,2,0
2024-11-06 14:00:00,2120.8,974.89,9634.39,20.29,73.2,6.25,14,2,0
2024-11-06 15:00:00,0.0,659.04,9828.15,21.07,68.6,5.62,15,2,0
2024-11-06 16:00:00,0.0,676.32,9781.45,21.96,76.1,6.04,16,2,0
2024-11-06 17:00:00,0.0,1252.79,9579.49,24.59,67.8,6.3,17,2,0
2024-11-06 18:00:00,0.0,1029.01,10430.4,23.41,68.1,6.83,18,2,0
2024-11-06 19:00:00,0.0,850.34,10239.36,22.83,59.2,6.76,19,2,0
2024-11-06 20:00:00,0.0,1295.4,10227.81,23.83,68.7,6.82,20,2,0
2024-11-06 21:00:00,0.0,918.46,10411.99,24.41,75.1,6.47,21,2,0
2024-11-06 22:00:00,0.0,682.3,10339.31,22.73,79.3,5.59,22,2,0
2024-11-06 23:00:00,0.0,1147.82,9780.91,22.29,71.0,5.86,23,2,0
2024-11-07 00:00:00,0.0,1495.35,9726.65,25.52,77.4,7.16,0,3,0
2024-11-07 01:00:00,0.0,741.49,9854.35,21.23,80.8,6.13,1,3,0
2024-11-07 02:00:00,0.0,1039.53,9734.06,21.1,77.5,5.6,2,3,0
2024-11-07 03:00:00,0.0,801.87,9758.6,20.27,68.8,4.75,3,3,0
2024-11-07 04:00:00,0.0,591.58,9644.82,19.48,79.1,4.24,4,3,0
2024-11-07 05:00:00,0.0,676.39,9923.11,20.11,81.0,4.81,5,3,0
2024-11-07 06:00:00,0.0,756.21,9972.31,20.02,73.6,5.88,6,3,0
2024-11-07 07:00:00,0.0,475.87,10126.43,18.22,75.6,4.56,7,3,0
2024-11-07 08:00:00,0.0,804.58,10042.66,17.0,71.0,5.23,8,3,0
2024-11-07 09:00:00,0.0,687.17,10213.25,20.12,64.1,4.39,9,3,0
2024-11-07 10:00:00,2175.95,889.18,9856.64,18.77,77.2,5.42,10,3,0
2024-11-07 11:00:00,3830.05,526.11,9732.75,21.44,71.8,4.73,11,3,0
2024-11-07 12:00:00,4414.81,470.4,9924.14,17.29,77.0,4.18,12,3,0
2024-11-07 13:00:00,3096.23,761.73,9735.07,20.94,73.0,5.16,13,3,0
2024-11-07 14:00:00,2379.75,1268.36,9631.66,23.79,67.3,7.08,14,3,0
2024-11-07 15:00:00,0.0,921.05,9778.1,21.84,67.9,7.31,15,3,0
2024-11-07 16:00:00,0.0,1126.71,9916.12,22.71,70.4,6.52,16,3,0
2024-11-07 17:00:00,0.0,1134.1,9798.33,23.96,72.1,6.26,17,3,0
2024-11-07 18:00:00,0.0,913.35,10149.28,23.41,70.0,6.82,18,3,0
2024-11-07 19:00:00,0.0,988.36,10241.63,24.01,74.0,6.99,19,3,0
2024-11-07 20:00:00,0.0,962.69,10433.56,24.08,69.4,6.81,20,3,0
2024-11-07 21:00:00,0.0,1527.8,10322.86,23.63,67.8,7.23,21,3,0
2024-11-07 22:00:00,0.0,1102.41,10287.73,25.56,72.8,7.01,22,3,0
2024-11-07 23:00:00,0.0,1067.83,9770.35,24.16,75.2,6.49,23,3,0
2024-11-08 00:00:00,0.0,955.51,9915.59,23.22,70.9,5.61,0,4,0
2024-11-08 01:00:00,0.0,862.14,9907.76,23.16,71.3,5.99,1,4,0
2024-11-08 02:00:00,0.0,852.87,9617.86,21.1,79.3,6.76,2,4,0
2024-11-08 03:00:00,0.0,979.1,9898.79,19.71,76.4,5.84,3,4,0
2024-11-08 04:00:00,0.0,985.94,9847.97,19.19,77.5,5.84,4,4,0
2024-11-08 05:00:00,0.0,633.2,9977.16,19.3,76.5,5.14,5,4,0
2024-11-08 06:00:00,0.0,408.28,9777.7,17.55,83.6,4.31,6,4,0
2024-11-08 07:00:00,0.0,727.07,10237.23,17.92,81.7,4.8,7,4,0
2024-11-08 08:00:00,0.0,579.72,10157.27,17.8,70.7,4.08,8,4,0
2024-11-08 09:00:00,0.0,361.39,9967.33,21.07,72.3,3.99,9,4,0
2024-11-08 10:00:00,1977.1,1004.82,9908.47,15.49,76.6,5.86,10,4,0
2024-11-08 11:00:00,3329.72,796.42,9883.13,19.08,74.3,4.66,11,4,0
2024-11-08 12:00:00,3895.59,496.55,9708.01,21.99,70.5,4.56,12,4,0
2024-11-08 13:00:00,4275.23,1101.54,9820.74,20.79,65.1,6.66,13,4,0
2024-11-08 14:00:00,2124.66,1108.34,10038.93,22.32,66.1,6.25,14,4,0
2024-11-08 15:00:00,0.0,700.37,9728.04,22.31,66.3,5.56,15,4,0
2024-11-08 16:00:00,0.0,1196.25,9873.14,22.12,69.3,6.46,16,4,0
2024-11-08 17:00:00,0.0,1185.76,9654.61,20.85,75.1,6.17,17,4,0
2024-11-08 18:00:00,0.0,1110.77,10221.56,24.26,66.1,6.01,18,4,0
2024-11-08 19:00:00,0.0,1019.51,10387.27,23.38,65.5,7.11,19,4,0
2024-11-08 20:00:00,0.0,1258.34,10320.8,23.46,70.2,6.57,20,4,0
2024-11-08 21:00:00,0.0,1087.9,10265.85,23.72,76.0,6.92,21,4,0
2024-11-08 22:00:00,0.0,1119.88,10494.3,26.11,67.4,7.64,22,4,0
2024-11-08 23:00:00,0.0,1015.43,9675.38,26.42,80.3,7.46,23,4,0
2024-11-09 00:00:00,0.0,1194.73,8836.48,23.11,75.0,6.12,0,5,1
2024-11-09 01:00:00,0.0,1058.47,8913.01,21.57,73.8,6.74,1,5,1
2024-11-09 02:00:00,0.0,914.63,8749.42,19.94,71.2,5.21,2,5,1
2024-11-09 03:00:00,0.0,786.97,8915.11,21.14,80.9,6.21,3,5,1
2024-11-09 04:00:00,0.0,1003.55,8982.96,21.99,77.5,5.71,4,5,1
2024-11-09 05:00:00,0.0,657.62,8840.25,18.93,78.7,5.65,5,5,1
2024-11-09 06:00:00,0.0,490.01,8771.77,15.9,74.0,4.9,6,5,1
2024-11-09 07:00:00,0.0,1401.75,9101.51,19.26,75.5,6.65,7,5,1
2024-11-09 08:00:00,0.0,399.19,8817.59,19.53,73.8,4.16,8,5,1
2024-11-09 09:00:00,0.0,829.56,9259.73,16.55,74.1,5.63,9,5,1
2024-11-09 10:00:00,2126.39,628.44,8885.75,18.96,70.5,4.06,10,5,1
2024-11-09 11:00:00,4057.82,942.58,8832.83,19.77,65.8,5.39,11,5,1
2024-11-09 12:00:00,4502.43,827.54,8653.99,19.76,81.6,5.6,12,5,1
2024-11-09 13:00:00,3607.18,845.25,8987.08,19.63,64.2,5.39,13,5,1
2024-11-09 14:00:00,1844.22,805.3,8801.49,22.57,69.6,5.19,14,5,1
2024-11-09 15:00:00,0.0,713.2,8921.83,21.64,61.3,5.96,15,5,1
2024-11-09 16:00:00,0.0,881.89,8852.63,21.07,60.2,6.32,16,5,1
2024-11-09 17:00:00,0.0,1170.44,8660.21,21.01,68.8,7.78,17,5,1
2024-11-09 18:00:00,0.0,837.6,9462.23,25.46,69.6,5.86,18,5,1
2024-11-09 19:00:00,0.0,865.29,9439.43,24.99,74.7,6.27,19,5,1
2024-11-09 20:00:00,0.0,1001.33,9401.68,24.46,72.3,7.04,20,5,1
2024-11-09 21:00:00,0.0,990.8,9347.78,23.72,71.3,6.64,21,5,1
2024-11-09 22:00:00,0.0,1025.35,9166.3,23.31,69.4,6.73,22,5,1
2024-11-09 23:00:00,0.0,1274.58,8958.28,22.18,80.5,7.57,23,5,1
2024-11-10 00:00:00,0.0,450.83,9118.6,22.27,79.5,4.29,0,6,1
2024-11-10 01:00:00,0.0,1055.33,8867.94,19.52,71.8,5.86,1,6,1
2024-11-10 02:00:00,0.0,777.47,8870.28,20.4,77.8,4.7,2,6,1
2024-11-10 03:00:00,0.0,579.12,8721.78,20.14,78.7,4.88,3,6,1
2024-11-10 04:00:00,0.0,988.63,8605.55,20.52,76.9,7.5,4,6,1
2024-11-10 05:00:00,0.0,1007.09,8810.91,19.12,81.2,5.81,5,6,1
2024-11-10 06:00:00,0.0,1136.21,9031.8,19.64,81.0,5.89,6,6,1
2024-11-10 07:00:00,0.0,497.09,9300.25,20.01,76.1,4.9,7,6,1
2024-11-10 08:00:00,0.0,581.59,9131.15,19.56,74.7,5.48,8,6,1
2024-11-10 09:00:00,0.0,328.48,9190.62,18.95,80.6,3.42,9,6,1
2024-11-10 10:00:00,2257.82,959.03,8707.8,18.7,77.0,5.7,10,6,1
2024-11-10 11:00:00,4250.51,715.53,8867.35,17.99,72.3,4.31,11,6,1
2024-11-10 12:00:00,4170.92,735.86,8791.07,20.67,64.3,4.7,12,6,1
2024-11-10 13:00:00,3387.08,911.87,8860.56,22.53,71.1,5.74,13,6,1
2024-11-10 14:00:00,1843.3,1000.9,8821.04,21.7,71.8,5.83,14,6,1
2024-11-10 15:00:00,0.0,767.22,8818.9,24.36,57.4,5.9,15,6,1
2024-11-10 16:00:00,0.0,784.31,8973.57,20.96,69.3,5.0,16,6,1
2024-11-10 17:00:00,0.0,924.34,9089.67,22.02,66.8,6.42,17,6,1
2024-11-10 18:00:00,0.0,1029.76,9289.67,24.91,68.1,7.31,18,6,1
2024-11-10 19:00:00,0.0,845.32,9480.24,24.5,66.1,6.28,19,6,1
2024-11-10 20:00:00,0.0,1471.19,9161.01,25.86,70.2,7.85,20,6,1
2024-11-10 21:00:00,0.0,1119.83,9298.93,24.17,77.6,6.14,21,6,1
2024-11-10 22:00:00,0.0,1175.77,9154.46,22.84,71.5,6.81,22,6,1
2024-11-10 23:00:00,0.0,1006.7,8816.52,23.15,78.5,7.93,23,6,1
2024-11-11 00:00:00,0.0,677.5,9871.88,20.88,72.6,5.98,0,0,0
2024-11-11 01:00:00,0.0,999.35,9920.24,20.65,79.9,7.16,1,0,0
2024-11-11 02:00:00,0.0,1138.62,9692.58,22.39,77.7,7.66,2,0,0
2024-11-11 03:00:00,0.0,873.82,9840.97,21.49,79.6,5.96,3,0,0
2024-11-11 04:00:00,0.0,553.21,9933.6,20.16,78.4,5.14,4,0,0
2024-11-11 05:00:00,0.0,726.34,9916.53,17.04,80.8,4.7,5,0,0
2024-11-11 06:00:00,0.0,1093.35,9817.07,18.19,67.4,6.16,6,0,0
2024-11-11 07:00:00,0.0,846.42,10030.3,16.86,71.2,5.98,7,0,0
2024-11-11 08:00:00,0.0,972.08,10018.34,19.63,77.5,6.01,8,0,0
2024-11-11 09:00:00,0.0,505.43,9999.88,17.62,66.5,4.79,9,0,0
2024-11-11 10:00:00,2258.5,819.66,9782.21,17.32,71.2,5.69,10,0,0
2024-11-11 11:00:00,4293.33,833.33,9687.22,19.14,71.9,4.92,11,0,0
2024-11-11 12:00:00,4668.46,636.72,9867.36,18.95,67.6,4.41,12,0,0
2024-11-11 13:00:00,3250.79,756.57,9813.4,22.23,67.1,6.22,13,0,0
2024-11-11 14:00:00,2338.02,1367.32,9807.96,20.34,70.1,6.87,14,0,0
2024-11-11 15:00:00,0.0,781.04,9565.14,20.32,72.6,5.0,15,0,0
2024-11-11 16:00:00,0.0,740.68,9789.33,20.14,64.5,5.25,16,0,0
2024-11-11 17:00:00,0.0,1131.48,9730.91,23.31,66.2,6.35,17,0,0
2024-11-11 18:00:00,0.0,990.45,10549.97,23.15,66.1,7.29,18,0,0
2024-11-11 19:00:00,0.0,909.87,10136.41,22.41,60.1,5.78,19,0,0
2024-11-11 20:00:00,0.0,1237.68,10265.35,25.65,71.4,6.97,20,0,0
2024-11-11 21:00:00,0.0,1272.4,10335.97,24.92,75.8,6.35,21,0,0
2024-11-11 22:00:00,0.0,923.42,10173.27,23.79,77.4,7.35,22,0,0
2024-11-11 23:00:00,0.0,876.96,10017.39,24.98,71.2,6.05,23,0,0
2024-11-12 00:00:00,0.0,1498.7,10019.85,23.46,70.9,7.13,0,1,0
2024-11-12 01:00:00,0.0,814.52,9682.99,20.95,77.1,6.18,1,1,0
2024-11-12 02:00:00,0.0,920.82,9714.98,19.91,81.1,5.32,2,1,0
2024-11-12 03:00:00,0.0,637.76,10043.62,21.37,78.9,5.86,3,1,0
2024-11-12 04:00:00,0.0,362.66,9953.43,20.14,79.6,4.0,4,1,0
2024-11-12 05:00:00,0.0,607.02,9741.68,19.24,82.8,4.86,5,1,0
2024-11-12 06:00:00,0.0,913.55,9837.77,17.55,74.8,5.37,6,1,0
2024-11-12 07:00:00,0.0,321.97,9934.59,18.99,76.1,3.52,7,1,0
2024-11-12 08:00:00,0.0,290.05,10364.61,17.25,82.5,2.78,8,1,0
2024-11-12 09:00:00,0.0,260.69,10109.74,18.14,73.9,2.94,9,1,0
2024-11-12 10:00:00,2011.88,763.41,9856.27,20.3,68.4,5.9,10,1,0
2024-11-12 11:00:00,3145.57,681.03,9673.79,18.25,69.5,4.88,11,1,0
2024-11-12 12:00:00,3945.71,567.52,9649.67,17.77,67.2,4.67,12,1,0
2024-11-12 13:00:00,3893.32,788.2,9840.13,19.12,71.3,6.06,13,1,0
2024-11-12 14:00:00,2401.96,707.65,10015.96,22.35,65.5,5.22,14,1,0
2024-11-12 15:00:00,0.0,1050.81,9721.14,22.24,69.7,6.02,15,1,0
2024-11-12 16:00:00,0.0,742.01,9668.51,22.51,65.5,6.09,16,1,0
2024-11-12 17:00:00,0.0,907.61,9822.62,22.67,60.1,5.93,17,1,0
2024-11-12 18:00:00,0.0,961.42,10486.46,24.34,70.3,6.75,18,1,0
2024-11-12 19:00:00,0.0,1138.93,10213.37,23.04,70.5,7.29,19,1,0
2024-11-12 20:00:00,0.0,1282.83,10260.01,24.53,73.0,6.62,20,1,0
2024-11-12 21:00:00,0.0,1299.68,10390.45,23.18,69.4,6.44,21,1,0
2024-11-12 22:00:00,0.0,892.33,10403.33,22.68,70.3,6.5,22,1,0
2024-11-12 23:00:00,0.0,720.21,9751.87,22.52,76.3,4.83,23,1,0
2024-11-13 00:00:00,0.0,1218.48,9917.6,22.15,82.1,6.73,0,2,0
2024-11-13 01:00:00,0.0,934.21,9849.45,21.82,77.1,5.32,1,2,0
2024-11-13 02:00:00,0.0,1312.22,9787.94,21.38,79.5,6.55,2,2,0
2024-11-13 03:00:00,0.0,853.28,9894.29,15.9,77.0,5.72,3,2,0
2024-11-13 04:00:00,0.0,1086.72,9877.75,18.63,72.3,5.62,4,2,0
2024-11-13 05:00:00,0.0,1149.2,9660.36,18.51,82.2,5.85,5,2,0
2024-11-13 06:00:00,0.0,569.98,9964.02,20.31,81.5,4.34,6,2,0
2024-11-13 07:00:00,0.0,773.62,10142.45,16.91,79.9,5.22,7,2,0
2024-11-13 08:00:00,0.0,785.35,10266.07,18.3,75.3,5.04,8,2,0
2024-11-13 09:00:00,0.0,582.13,10107.22,20.0,77.2,4.64,9,2,0
2024-11-13 10:00:00,2003.82,567.12,9815.72,16.93,77.1,4.08,10,2,0
2024-11-13 11:00:00,3503.76,802.48,9833.87,19.45,78.7,5.4,11,2,0
2024-11-13 12:00:00,3595.14,620.19,9851.62,18.64,75.0,5.65,12,2,0
2024-11-13 13:00:00,4065.35,955.39,9969.38,19.72,70.2,5.38,13,2,0
2024-11-13 14:00:00,2042.44,802.27,9841.97,20.14,63.9,4.68,14,2,0
2024-11-13 15:00:00,0.0,569.07,9782.64,21.0,69.3,5.37,15,2,0
2024-11-13 16:00:00,0.0,1094.09,9907.14,25.87,69.5,6.0,16,2,0
2024-11-13 17:00:00,0.0,1052.71,9837.65,24.24,71.5,6.84,17,2,0
2024-11-13 18:00:00,0.0,795.34,10644.66,25.02,74.6,5.23,18,2,0
2024-11-13 19:00:00,0.0,984.04,10324.97,24.59,69.6,6.21,19,2,0
2024-11-13 20:00:00,0.0,1068.75,10438.52,22.17,79.4,6.44,20,2,0
2024-11-13 21:00:00,0.0,1100.64,10395.85,24.47,65.2,6.73,21,2,0
2024-11-13 22:00:00,0.0,1050.43,10044.01,24.99,75.2,5.72,22,2,0
2024-11-13 23:00:00,0.0,1159.65,9697.59,22.2,71.6,6.48,23,2,0
2024-11-14 00:00:00,0.0,937.89,9733.27,23.7,68.4,6.23,0,3,0
2024-11-14 01:00:00,0.0,896.78,9606.04,22.66,76.3,5.45,1,3,0
2024-11-14 02:00:00,0.0,1172.92,9738.57,23.26,72.1,5.94,2,3,0
2024-11-14 03:00:00,0.0,589.02,9621.46,19.76,77.8,5.34,3,3,0
2024-11-14 04:00:00,0.0,853.8,9652.9,18.22,78.7,5.91,4,3,0
2024-11-14 05:00:00,0.0,748.15,9814.99,18.49,82.9,4.57,5,3,0
2024-11-14 06:00:00,0.0,840.66,10016.33,20.17,71.9,5.14,6,3,0
2024-11-14 07:00:00,0.0,693.38,9937.53,15.95,80.7,4.26,7,3,0
2024-11-14 08:00:00,0.0,412.67,9955.14,15.56,76.5,4.33,8,3,0
2024-11-14 09:00:00,0.0,859.33,10037.07,18.25,79.0,5.01,9,3,0
2024-11-14 10:00:00,2140.57,827.18,9768.34,17.91,71.8,5.0,10,3,0
2024-11-14 11:00:00,3913.4,730.57,9600.94,18.93,67.0,4.58,11,3,0
2024-11-14 12:00:00,4606.35,711.88,9702.11,20.68,66.2,4.85,12,3,0
2024-11-14 13:00:00,3894.37,385.44,9691.03,19.6,64.9,4.11,13,3,0
2024-11-14 14:00:00,2217.31,1108.27,9824.2,18.79,71.2,6.64,14,3,0
2024-11-14 15:00:00,0.0,957.05,9837.08,24.27,74.7,6.33,15,3,0
2024-11-14 16:00:00,0.0,1081.99,9767.67,21.35,66.3,6.56,16,3,0
2024-11-14 17:00:00,0.0,805.79,9740.67,21.89,71.3,5.0,17,3,0
2024-11-14 18:00:00,0.0,990.25,10204.84,24.96,63.2,6.01,18,3,0
2024-11-14 19:00:00,0.0,896.63,10296.19,23.48,70.8,6.37,19,3,0
2024-11-14 20:00:00,0.0,794.38,10172.87,23.97,73.7,5.2,20,3,0
2024-11-14 21:00:00,0.0,957.09,10475.67,24.52,66.5,7.49,21,3,0
2024-11-14 22:00:00,0.0,957.46,10110.25,24.94,72.8,7.91,22,3,0
2024-11-14 23:00:00,0.0,1336.4,9707.24,22.76,77.7,8.29,23,3,0
2024-11-15 00:00:00,0.0,977.16,9890.18,24.31,64.4,5.63,0,4,0
2024-11-15 01:00:00,0.0,1209.54,9738.16,19.2,82.5,6.35,1,4,0
2024-11-15 02:00:00,0.0,1216.13,9866.64,21.9,79.4,7.08,2,4,0
2024-11-15 03:00:00,0.0,1012.79,9992.06,19.2,81.3,5.56,3,4,0
2024-11-15 04:00:00,0.0,559.24,9885.97,21.13,77.0,5.05,4,4,0
2024-11-15 05:00:00,0.0,587.84,9641.76,19.03,71.6,3.77,5,4,0
2024-11-15 06:00:00,0.0,1155.3,9647.49,17.58,80.1,5.96,6,4,0
2024-11-15 07:00:00,0.0,719.52,10078.51,18.88,76.9,4.88,7,4,0
2024-11-15 08:00:00,0.0,401.64,10154.17,19.06,76.3,4.21,8,4,0
2024-11-15 09:00:00,0.0,684.84,10245.74,18.86,79.3,4.99,9,4,0
2024-11-15 10:00:00,2249.2,558.61,9691.8,17.15,76.7,4.92,10,4,0
2024-11-15 11:00:00,3465.28,766.44,9727.81,18.28,80.0,5.03,11,4,0
2024-11-15 12:00:00,3580.32,555.85,9755.92,19.48,71.8,4.88,12,4,0
2024-11-15 13:00:00,4202.11,1053.65,9753.51,20.16,67.3,6.56,13,4,0
2024-11-15 14:00:00,2169.87,656.1,9965.48,21.88,68.6,5.39,14,4,0
2024-11-15 15:00:00,0.0,956.83,9773.51,19.34,70.5,7.06,15,4,0
2024-11-15 16:00:00,0.0,889.5,9804.37,22.89,72.7,6.47,16,4,0
2024-11-15 17:00:00,0.0,766.78,9895.38,22.76,62.9,6.54,17,4,0
2024-11-15 18:00:00,0.0,1153.68,10480.93,22.58,69.3,6.38,18,4,0
2024-11-15 19:00:00,0.0,1109.29,10285.78,22.99,76.5,7.41,19,4,0
2024-11-15 20:00:00,0.0,1255.02,10441.1,23.73,70.2,6.82,20,4,0
2024-11-15 21:00:00,0.0,1021.96,10509.33,19.56,76.1,6.01,21,4,0
2024-11-15 22:00:00,0.0,687.66,10276.76,22.74,75.6,5.95,22,4,0
2024-11-15 23:00:00,0.0,1027.46,9718.36,22.05,78.8,6.96,23,4,0
2024-11-16 00:00:00,0.0,903.86,9116.45,23.07,73.0,5.72,0,5,1
2024-11-16 01:00:00,0.0,1220.42,8988.53,20.74,74.0,6.19,1,5,1
2024-11-16 02:00:00,0.0,1065.11,8855.5,20.67,78.1,6.85,2,5,1
2024-11-16 03:00:00,0.0,935.29,8932.0,22.0,72.4,5.99,3,5,1
2024-11-16 04:00:00,0.0,787.33,8728.6,20.62,77.6,4.91,4,5,1
2024-11-16 05:00:00,0.0,1203.44,8987.13,19.89,79.6,6.37,5,5,1
2024-11-16 06:00:00,0.0,1014.0,8638.0,17.73,85.2,5.47,6,5,1
2024-11-16 07:00:00,0.0,861.26,9267.48,18.68,78.9,5.69,7,5,1
2024-11-16 08:00:00,0.0,275.15,9052.39,17.65,78.7,2.96,8,5,1
2024-11-16 09:00:00,0.0,818.35,8940.53,17.8,79.7,5.01,9,5,1
2024-11-16 10:00:00,1892.96,629.45,8613.84,18.82,69.9,5.45,10,5,1
2024-11-16 11:00:00,3857.64,943.43,8796.86,18.09,71.8,6.24,11,5,1
2024-11-16 12:00:00,4724.35,515.54,8939.33,21.22,80.9,3.87,12,5,1
2024-11-16 13:00:00,3136.88,1095.1,8687.21,19.96,69.9,6.21,13,5,1
2024-11-16 14:00:00,2406.54,1273.01,8705.73,21.67,73.8,6.8,14,5,1
2024-11-16 15:00:00,0.0,432.14,8794.69,23.45,72.7,4.13,15,5,1
2024-11-16 16:00:00,0.0,1316.53,8950.91,23.67,62.8,6.39,16,5,1
2024-11-16 17:00:00,0.0,896.81,8965.9,21.36,70.1,6.74,17,5,1
2024-11-16 18:00:00,0.0,746.67,9326.78,24.06,70.0,6.19,18,5,1
2024-11-16 19:00:00,0.0,1081.56,9428.0,24.85,71.5,6.22,19,5,1
2024-11-16 20:00:00,0.0,1509.16,9392.51,25.0,68.2,7.24,20,5,1
2024-11-16 21:00:00,0.0,1028.06,9259.96,22.49,68.0,6.25,21,5,1
2024-11-16 22:00:00,0.0,1120.03,9419.14,22.74,71.8,6.54,22,5,1
2024-11-16 23:00:00,0.0,1247.78,8699.9,24.24,74.6,7.26,23,5,1
2024-11-17 00:00:00,0.0,977.48,8912.38,21.46,81.0,7.84,0,6,1
2024-11-17 01:00:00,0.0,1203.92,8714.08,21.29,84.6,6.66,1,6,1
2024-11-17 02:00:00,0.0,876.29,8871.14,22.77,83.7,6.09,2,6,1
2024-11-17 03:00:00,0.0,973.98,9000.23,20.04,82.1,5.31,3,6,1
2024-11-17 04:00:00,0.0,516.37,8879.58,18.5,74.8,4.66,4,6,1
2024-11-17 05:00:00,0.0,848.88,8852.49,17.7,77.0,6.11,5,6,1
2024-11-17 06:00:00,0.0,686.12,8881.12,18.68,79.0,4.9,6,6,1
2024-11-17 07:00:00,0.0,871.86,9218.6,16.38,74.8,5.78,7,6,1
2024-11-17 08:00:00,0.0,564.75,9395.08,17.58,78.6,4.5,8,6,1
2024-11-17 09:00:00,0.0,483.23,9217.29,18.38,78.0,4.21,9,6,1
2024-11-17 10:00:00,1802.24,576.99,8793.7,19.83,75.9,5.1,10,6,1
2024-11-17 11:00:00,4138.7,787.71,8828.96,19.55,76.6,4.8,11,6,1
2024-11-17 12:00:00,3861.59,496.73,8745.86,18.52,67.7,4.05,12,6,1
2024-11-17 13:00:00,3083.79,1139.32,8705.29,21.51,74.0,6.68,13,6,1
2024-11-17 14:00:00,2184.29,718.57,8562.1,20.51,66.7,4.97,14,6,1
2024-11-17 15:00:00,0.0,1090.73,8798.61,20.17,65.2,6.47,15,6,1
2024-11-17 16:00:00,0.0,1218.97,8685.47,22.17,70.9,6.66,16,6,1
2024-11-17 17:00:00,0.0,812.41,8865.65,24.72,73.8,5.22,17,6,1
2024-11-17 18:00:00,0.0,735.87,9248.86,23.67,71.4,5.63,18,6,1
2024-11-17 19:00:00,0.0,1048.72,9179.74,23.79,70.3,6.35,19,6,1
2024-11-17 20:00:00,0.0,794.48,9057.58,25.84,72.5,6.0,20,6,1
2024-11-17 21:00:00,0.0,1459.52,9268.08,22.05,73.0,8.11,21,6,1
2024-11-17 22:00:00,0.0,1015.8,9099.71,21.93,69.3,6.53,22,6,1
2024-11-17 23:00:00,0.0,895.74,8938.74,21.06,70.1,7.3,23,6,1
2024-11-18 00:00:00,0.0,1281.29,9816.59,22.77,76.0,6.83,0,0,0
2024-11-18 01:00:00,0.0,895.92,9758.78,21.8,77.7,6.42,1,0,0
2024-11-18 02:00:00,0.0,1166.11,9960.09,22.67,78.2,6.0,2,0,0
2024-11-18 03:00:00,0.0,955.37,9787.18,20.34,81.4,6.7,3,0,0
2024-11-18 04:00:00,0.0,853.43,9832.33,18.84,78.0,4.79,4,0,0
2024-11-18 05:00:00,0.0,1048.56,9868.5,18.7,80.9,6.59,5,0,0
2024-11-18 06:00:00,0.0,358.85,9723.97,18.36,77.6,3.97,6,0,0
2024-11-18 07:00:00,0.0,609.48,10039.65,15.92,84.7,5.47,7,0,0
2024-11-18 08:00:00,0.0,328.96,10105.97,21.07,76.7,3.62,8,0,0
2024-11-18 09:00:00,0.0,437.32,9939.42,18.55,84.5,4.46,9,0,0
2024-11-18 10:00:00,1948.93,575.81,10000.24,18.48,75.3,4.82,10,0,0
2024-11-18 11:00:00,3185.88,528.94,9805.29,19.44,71.7,4.45,11,0,0
2024-11-18 12:00:00,3997.26,521.05,9761.89,20.17,67.8,4.86,12,0,0
2024-11-18 13:00:00,3346.13,502.54,10036.26,19.88,64.5,4.1,13,0,0
2024-11-18 14:00:00,2419.98,582.85,9653.82,20.06,65.6,4.66,14,0,0
2024-11-18 15:00:00,0.0,1037.75,9970.34,22.32,65.5,6.11,15,0,0
2024-11-18 16:00:00,0.0,765.81,9883.6,22.78,70.4,5.99,16,0,0
2024-11-18 17:00:00,0.0,1064.1,9920.04,21.97,66.9,5.66,17,0,0
2024-11-18 18:00:00,0.0,1277.89,10268.93,25.12,70.3,7.48,18,0,0
2024-11-18 19:00:00,0.0,903.08,10296.7,24.07,75.4,5.6,19,0,0
2024-11-18 20:00:00,0.0,748.0,10248.8,24.7,71.0,6.39,20,0,0
2024-11-18 21:00:00,0.0,1039.93,10409.56,25.39,80.9,6.3,21,0,0
2024-11-18 22:00:00,0.0,1107.77,10337.01,23.45,69.1,7.17,22,0,0
2024-11-18 23:00:00,0.0,1345.09,9718.98,23.32,74.5,6.61,23,0,0
2024-11-19 00:00:00,0.0,1235.83,9724.49,23.24,74.3,6.31,0,1,0
2024-11-19 01:00:00,0.0,697.89,9784.22,20.68,81.2,4.72,1,1,0
2024-11-19 02:00:00,0.0,1254.03,9746.13,20.83,69.3,6.64,2,1,0
2024-11-19 03:00:00,0.0,893.36,9959.01,20.14,73.0,5.52,3,1,0
2024-11-19 04:00:00,0.0,589.4,9882.99,18.12,78.5,5.52,4,1,0
2024-11-19 05:00:00,0.0,692.31,9882.73,21.43,85.0,4.59,5,1,0
2024-11-19 06:00:00,0.0,447.25,9814.07,16.48,79.1,4.26,6,1,0
2024-11-19 07:00:00,0.0,1040.59,10001.82,16.31,72.0,6.02,7,1,0
2024-11-19 08:00:00,0.0,275.22,10184.53,19.35,71.6,3.31,8,1,0
2024-11-19 09:00:00,0.0,422.9,9849.22,18.73,81.9,3.85,9,1,0
2024-11-19 10:00:00,1915.94,923.07,9806.89,16.94,71.4,5.91,10,1,0
2024-11-19 11:00:00,3842.07,705.36,9688.55,19.38,68.8,5.34,11,1,0
2024-11-19 12:00:00,3573.17,719.28,9679.31,21.03,77.3,4.72,12,1,0
2024-11-19 13:00:00,4016.67,992.46,9730.4,19.96,74.4,6.19,13,1,0
2024-11-19 14:00:00,2441.31,1125.51,9775.93,23.89,74.7,5.79,14,1,0
2024-11-19 15:00:00,0.0,831.1,9783.19,19.48,65.3,5.88,15,1,0
2024-11-19 16:00:00,0.0,1091.36,9880.83,23.1,62.8,6.13,16,1,0
2024-11-19 17:00:00,0.0,1275.46,9765.13,24.29,69.6,6.56,17,1,0
2024-11-19 18:00:00,0.0,957.29,10277.79,24.44,70.9,6.8,18,1,0
2024-11-19 19:00:00,0.0,1634.56,10122.53,23.42,71.8,8.31,19,1,0
2024-11-19 20:00:00,0.0,985.3,10138.15,23.42,77.3,6.5,20,1,0
2024-11-19 21:00:00,0.0,832.45,10324.45,24.2,65.7,6.56,21,1,0
2024-11-19 22:00:00,0.0,607.51,10365.68,24.35,77.4,5.67,22,1,0
2024-11-19 23:00:00,0.0,1207.27,9754.74,23.61,70.8,6.52,23,1,0
2024-11-20 00:00:00,0.0,1094.99,9897.95,23.47,79.9,7.87,0,2,0
2024-11-20 01:00:00,0.0,850.21,9617.05,20.27,75.6,6.96,1,2,0
2024-11-20 02:00:00,0.0,817.39,9833.82,20.45,75.1,5.5,2,2,0
2024-11-20 03:00:00,0.0,787.0,9683.79,18.82,76.4,5.7,3,2,0
2024-11-20 04:00:00,0.0,640.72,9674.31,18.76,73.2,4.38,4,2,0
2024-11-20 05:00:00,0.0,445.85,9694.21,19.82,79.0,4.4,5,2,0
2024-11-20 06:00:00,0.0,567.29,9776.31,18.25,75.2,5.08,6,2,0
2024-11-20 07:00:00,0.0,548.93,10153.67,20.95,80.7,4.41,7,2,0
2024-11-20 08:00:00,0.0,485.14,10144.56,17.95,79.0,3.87,8,2,0
2024-11-20 09:00:00,0.0,856.39,10066.14,17.89,82.0,5.06,9,2,0
2024-11-20 10:00:00,2150.83,660.48,9861.87,18.25,75.4,4.64,10,2,0
2024-11-20 11:00:00,3848.55,525.15,9988.41,17.83,74.8,3.55,11,2,0
2024-11-20 12:00:00,4054.95,321.06,9771.67,19.15,77.1,3.3,12,2,0
2024-11-20 13:00:00,4138.39,682.15,9797.38,21.3,67.9,4.72,13,2,0
2024-11-20 14:00:00,2078.45,577.38,9712.59,20.86,63.7,4.14,14,2,0
2024-11-20 15:00:00,0.0,607.98,9738.96,20.54,70.0,4.18,15,2,0
2024-11-20 16:00:00,0.0,1450.01,9935.8,21.11,63.3,6.83,16,2,0
2024-11-20 17:00:00,0.0,938.06,9937.04,22.3,79.0,6.09,17,2,0
2024-11-20 18:00:00,0.0,899.79,10265.87,23.41,75.5,6.17,18,2,0
2024-11-20 19:00:00,0.0,1238.42,10348.83,25.05,79.1,6.39,19,2,0
2024-11-20 20:00:00,0.0,706.2,10400.45,22.11,71.7,5.73,20,2,0
2024-11-20 21:00:00,0.0,847.0,10236.42,23.23,74.9,7.0,21,2,0
2024-11-20 22:00:00,0.0,1023.05,10133.29,23.49,72.1,6.53,22,2,0
2024-11-20 23:00:00,0.0,782.04,9868.72,20.64,78.8,5.93,23,2,0
2024-11-21 00:00:00,0.0,849.56,9893.57,21.17,71.7,5.87,0,3,0
2024-11-21 01:00:00,0.0,956.38,9875.91,20.63,67.4,5.17,1,3,0
2024-11-21 02:00:00,0.0,764.68,9741.1,19.72,75.2,5.59,2,3,0
2024-11-21 03:00:00,0.0,908.57,9968.77,20.13,73.1,5.46,3,3,0
2024-11-21 04:00:00,0.0,611.75,9820.11,18.98,85.0,5.05,4,3,0
2024-11-21 05:00:00,0.0,663.68,9648.29,17.88,86.1,5.2,5,3,0
2024-11-21 06:00:00,0.0,577.12,9594.47,18.59,72.8,4.88,6,3,0
2024-11-21 07:00:00,0.0,729.11,10065.34,19.84,82.7,4.97,7,3,0
2024-11-21 08:00:00,0.0,675.26,10127.98,19.64,80.4,5.44,8,3,0
2024-11-21 09:00:00,0.0,829.17,10066.45,15.47,69.1,5.13,9,3,0
2024-11-21 10:00:00,1907.43,892.84,10025.23,18.77,72.5,5.45,10,3,0
2024-11-21 11:00:00,4217.63,499.16,9834.48,18.34,70.4,4.11,11,3,0
2024-11-21 12:00:00,3999.79,438.41,9669.22,19.36,74.5,4.54,12,3,0
2024-11-21 13:00:00,4048.7,618.78,9513.56,19.42,65.6,5.68,13,3,0
2024-11-21 14:00:00,2107.43,936.37,9814.2,20.81,69.3,5.93,14,3,0
2024-11-21 15:00:00,0.0,876.05,9904.67,21.63,66.5,5.11,15,3,0
2024-11-21 16:00:00,0.0,1087.99,10009.65,21.48,70.9,6.4,16,3,0
2024-11-21 17:00:00,0.0,765.67,9761.71,21.72,68.3,5.4,17,3,0
2024-11-21 18:00:00,0.0,1354.64,10496.64,22.73,67.6,6.74,18,3,0
2024-11-21 19:00:00,0.0,863.89,10126.93,23.85,69.7,6.5,19,3,0
2024-11-21 20:00:00,0.0,753.14,10248.73,24.39,79.7,5.51,20,3,0
2024-11-21 21:00:00,0.0,1046.02,10168.27,24.59,71.1,6.31,21,3,0
2024-11-21 22:00:00,0.0,1255.15,10385.05,22.68,69.9,8.36,22,3,0
2024-11-21 23:00:00,0.0,1412.27,9629.87,23.13,77.7,6.68,23,3,0
2024-11-22 00:00:00,0.0,1360.22,9834.21,23.28,76.0,8.18,0,4,0
2024-11-22 01:00:00,0.0,516.6,9636.98,22.8,72.0,4.98,1,4,0
2024-11-22 02:00:00,0.0,849.1,9996.93,20.55,87.4,6.49,2,4,0
2024-11-22 03:00:00,0.0,442.83,9741.09,19.58,77.5,3.61,3,4,0
2024-11-22 04:00:00,0.0,812.17,9831.36,19.35,77.6,5.37,4,4,0
2024-11-22 05:00:00,0.0,1093.46,9571.35,17.12,79.6,5.64,5,4,0
2024-11-22 06:00:00,0.0,891.31,9606.62,17.79,85.4,5.6,6,4,0
2024-11-22 07:00:00,0.0,578.85,10008.19,18.62,70.9,4.13,7,4,0
2024-11-22 08:00:00,0.0,680.86,10203.06,18.4,77.7,5.5,8,4,0
2024-11-22 09:00:00,0.0,417.0,10180.09,17.4,83.8,4.21,9,4,0
2024-11-22 10:00:00,2265.72,644.6,9916.25,18.29,74.6,4.54,10,4,0
2024-11-22 11:00:00,3266.31,709.05,9604.83,17.51,67.9,4.42,11,4,0
2024-11-22 12:00:00,4428.63,532.64,9846.82,19.97,69.1,4.02,12,4,0
2024-11-22 13:00:00,3546.65,991.35,9718.81,19.76,71.4,6.39,13,4,0
2024-11-22 14:00:00,2147.32,834.79,9689.03,20.29,75.1,5.41,14,4,0
2024-11-22 15:00:00,0.0,1031.96,9721.53,20.97,67.9,6.5,15,4,0
2024-11-22 16:00:00,0.0,871.25,9772.02,22.05,72.4,6.73,16,4,0
2024-11-22 17:00:00,0.0,898.27,9865.33,22.21,63.5,5.36,17,4,0
2024-11-22 18:00:00,0.0,1254.63,10424.74,24.01,64.0,7.31,18,4,0
2024-11-22 19:00:00,0.0,1074.27,10352.53,23.05,68.6,6.9,19,4,0
2024-11-22 20:00:00,0.0,912.21,10365.99,25.54,77.4,5.77,20,4,0
2024-11-22 21:00:00,0.0,984.95,10508.77,25.28,73.1,6.99,21,4,0
2024-11-22 22:00:00,0.0,846.18,10373.65,22.15,75.3,5.78,22,4,0
2024-11-22 23:00:00,0.0,1421.1,9760.34,22.83,76.5,7.78,23,4,0
2024-11-23 00:00:00,0.0,970.98,8923.73,21.3,81.1,6.97,0,5,1
2024-11-23 01:00:00,0.0,1088.03,9058.92,20.96,75.3,6.06,1,5,1
2024-11-23 02:00:00,0.0,1151.5,8749.56,22.98,81.3,6.88,2,5,1
2024-11-23 03:00:00,0.0,691.03,8802.29,19.43,75.7,4.35,3,5,1
2024-11-23 04:00:00,0.0,785.13,9028.02,19.51,87.1,4.75,4,5,1
2024-11-23 05:00:00,0.0,684.12,8819.14,19.11,75.8,4.91,5,5,1
2024-11-23 06:00:00,0.0,898.6,8945.71,16.78,75.0,6.69,6,5,1
2024-11-23 07:00:00,0.0,550.19,9293.69,16.66,79.9,3.89,7,5,1
2024-11-23 08:00:00,0.0,363.66,8988.3,16.13,77.0,3.28,8,5,1
2024-11-23 09:00:00,0.0,432.83,9089.99,16.62,76.8,3.46,9,5,1
2024-11-23 10:00:00,1859.13,606.68,8998.56,14.56,75.1,5.37,10,5,1
2024-11-23 11:00:00,3782.38,596.96,8838.83,19.11,68.5,4.27,11,5,1
2024-11-23 12:00:00,3972.6,609.38,8611.77,21.54,78.1,4.78,12,5,1
2024-11-23 13:00:00,3986.04,784.83,8792.8,19.98,74.2,5.72,13,5,1
2024-11-23 14:00:00,2063.6,970.96,8949.34,18.88,75.3,5.23,14,5,1
2024-11-23 15:00:00,0.0,848.51,9007.18,20.58,67.2,5.78,15,5,1
2024-11-23 16:00:00,0.0,1110.25,8860.1,21.53,70.8,6.3,16,5,1
2024-11-23 17:00:00,0.0,947.51,8912.05,21.48,70.1,5.77,17,5,1
2024-11-23 18:00:00,0.0,751.42,9265.71,24.21,74.4,6.19,18,5,1
2024-11-23 19:00:00,0.0,1249.15,9418.38,24.45,75.3,6.67,19,5,1
2024-11-23 20:00:00,0.0,1095.13,9481.02,22.19,72.4,7.27,20,5,1
2024-11-23 21:00:00,0.0,1093.92,9402.18,24.35,66.8,5.98,21,5,1
2024-11-23 22:00:00,0.0,566.61,9295.82,25.01,81.3,4.16,22,5,1
2024-11-23 23:00:00,0.0,1042.68,8906.09,24.98,77.7,7.02,23,5,1
2024-11-24 00:00:00,0.0,1073.63,8968.3,25.47,74.3,7.04,0,6,1
2024-11-24 01:00:00,0.0,1128.64,8857.32,20.23,79.4,6.25,1,6,1
2024-11-24 02:00:00,0.0,979.38,8950.06,23.93,72.5,6.07,2,6,1
2024-11-24 03:00:00,0.0,810.0,8898.44,19.33,83.3,5.14,3,6,1
2024-11-24 04:00:00,0.0,696.72,9024.32,18.33,73.3,5.73,4,6,1
2024-11-24 05:00:00,0.0,1030.07,8938.02,18.81,78.2,5.77,5,6,1
2024-11-24 06:00:00,0.0,617.71,8794.17,17.24,79.5,4.93,6,6,1
2024-11-24 07:00:00,0.0,1179.17,9307.54,18.12,81.9,6.72,7,6,1
2024-11-24 08:00:00,0.0,307.29,9194.21,15.95,77.2,3.38,8,6,1
2024-11-24 09:00:00,0.0,577.79,9122.23,17.35,78.1,4.72,9,6,1
2024-11-24 10:00:00,1850.67,487.24,8691.52,19.48,74.1,3.69,10,6,1
2024-11-24 11:00:00,3492.12,696.05,8881.77,18.35,72.8,5.43,11,6,1
2024-11-24 12:00:00,4824.55,533.78,9074.19,19.21,72.1,3.62,12,6,1
2024-11-24 13:00:00,3448.32,556.68,8526.47,20.33,69.9,4.03,13,6,1
2024-11-24 14:00:00,1836.03,814.78,8531.23,21.94,63.2,4.83,14,6,1
2024-11-24 15:00:00,0.0,835.82,8946.08,19.33,66.3,5.81,15,6,1
2024-11-24 16:00:00,0.0,572.67,8882.34,22.74,70.2,5.37,16,6,1
2024-11-24 17:00:00,0.0,884.35,8934.69,22.34,68.4,5.62,17,6,1
2024-11-24 18:00:00,0.0,878.29,9246.83,23.33,69.3,6.15,18,6,1
2024-11-24 19:00:00,0.0,965.34,9052.99,24.71,69.4,6.26,19,6,1
2024-11-24 20:00:00,0.0,1460.43,9210.16,22.1,68.3,7.75,20,6,1
2024-11-24 21:00:00,0.0,1335.48,9497.2,22.22,71.0,7.14,21,6,1
2024-11-24 22:00:00,0.0,725.7,9255.81,20.81,73.0,6.3,22,6,1
2024-11-24 23:00:00,0.0,1612.97,8800.85,22.0,75.5,8.14,23,6,1
2024-11-25 00:00:00,0.0,1086.01,9470.47,23.59,78.4,6.67,0,0,0
2024-11-25 01:00:00,0.0,798.81,9569.46,21.13,77.1,5.3,1,0,0
2024-11-25 02:00:00,0.0,832.14,9919.22,18.89,74.5,6.04,2,0,0
2024-11-25 03:00:00,0.0,891.46,9754.87,19.14,73.5,6.0,3,0,0
2024-11-25 04:00:00,0.0,735.04,9904.94,17.21,89.7,4.76,4,0,0
2024-11-25 05:00:00,0.0,635.23,9695.56,17.02,74.6,4.23,5,0,0
2024-11-25 06:00:00,0.0,644.82,9609.87,18.36,76.5,4.93,6,0,0
2024-11-25 07:00:00,0.0,649.38,10069.69,16.19,79.9,4.42,7,0,0
2024-11-25 08:00:00,0.0,759.86,10032.25,18.83,78.2,5.79,8,0,0
2024-11-25 09:00:00,0.0,886.3,10001.03,17.51,77.7,5.16,9,0,0
2024-11-25 10:00:00,1829.68,553.2,9689.16,18.0,72.5,4.09,10,0,0
2024-11-25 11:00:00,3643.99,833.09,9769.81,18.04,73.9,5.05,11,0,0
2024-11-25 12:00:00,3786.47,894.77,9727.01,19.92,72.0,5.88,12,0,0
2024-11-25 13:00:00,3382.5,416.63,9674.13,20.66,69.5,3.96,13,0,0
2024-11-25 14:00:00,2360.29,573.01,10002.57,20.9,70.9,4.49,14,0,0
2024-11-25 15:00:00,0.0,774.52,9840.95,21.95,73.7,5.56,15,0,0
2024-11-25 16:00:00,0.0,813.5,9805.02,21.74,69.2,5.86,16,0,0
2024-11-25 17:00:00,0.0,782.52,9778.01,23.27,69.4,6.03,17,0,0
2024-11-25 18:00:00,0.0,1085.62,10369.87,22.69,74.2,6.03,18,0,0
2024-11-25 19:00:00,0.0,739.31,10353.82,23.39,74.6,6.18,19,0,0
2024-11-25 20:00:00,0.0,1385.79,10165.89,23.16,78.1,6.84,20,0,0
2024-11-25 21:00:00,0.0,1023.97,10106.13,22.84,66.0,7.48,21,0,0
2024-11-25 22:00:00,0.0,1243.87,10017.11,22.27,77.9,6.15,22,0,0
2024-11-25 23:00:00,0.0,1847.94,10001.03,23.18,78.0,8.39,23,0,0
2024-11-26 00:00:00,0.0,1255.41,9732.56,23.53,73.3,7.83,0,1,0
2024-11-26 01:00:00,0.0,1528.9,9857.05,22.64,78.9,7.11,1,1,0
2024-11-26 02:00:00,0.0,1226.01,9810.25,18.95,82.9,6.31,2,1,0
2024-11-26 03:00:00,0.0,904.34,9895.51,21.22,75.9,7.16,3,1,0
2024-11-26 04:00:00,0.0,908.49,9778.26,18.57,81.1,5.06,4,1,0
2024-11-26 05:00:00,0.0,420.81,9626.64,19.05,82.7,4.38,5,1,0
2024-11-26 06:00:00,0.0,474.53,9661.55,16.77,74.4,4.42,6,1,0
2024-11-26 07:00:00,0.0,505.11,10058.91,17.73,77.3,3.88,7,1,0
2024-11-26 08:00:00,0.0,480.04,9910.77,17.83,78.0,4.68,8,1,0
2024-11-26 09:00:00,0.0,529.06,9998.48,15.77,72.5,4.79,9,1,0
2024-11-26 10:00:00,2319.85,823.2,9642.14,18.59,70.8,4.74,10,1,0
2024-11-26 11:00:00,3894.15,819.89,9746.56,19.95,72.5,4.67,11,1,0
2024-11-26 12:00:00,4350.03,816.94,9726.48,18.74,75.0,4.95,12,1,0
2024-11-26 13:00:00,2994.43,1046.72,9800.34,21.31,73.4,6.44,13,1,0
2024-11-26 14:00:00,1710.28,1094.57,9888.54,20.23,66.6,5.79,14,1,0
2024-11-26 15:00:00,0.0,773.76,9756.89,22.25,72.1,6.29,15,1,0
2024-11-26 16:00:00,0.0,1166.81,9605.71,19.29,66.0,5.96,16,1,0
2024-11-26 17:00:00,0.0,596.97,9540.2,25.48,63.1,4.76,17,1,0
2024-11-26 18:00:00,0.0,806.12,10309.48,24.85,68.5,4.81,18,1,0
2024-11-26 19:00:00,0.0,1518.49,10210.14,23.01,75.3,8.08,19,1,0
2024-11-26 20:00:00,0.0,1214.88,10271.12,21.09,74.5,6.09,20,1,0
2024-11-26 21:00:00,0.0,1152.61,10329.54,23.7,73.0,6.06,21,1,0
2024-11-26 22:00:00,0.0,1350.06,10463.18,21.32,72.7,6.71,22,1,0
2024-11-26 23:00:00,0.0,1220.79,9576.3,23.11,74.1,6.86,23,1,0
2024-11-27 00:00:00,0.0,1333.57,9664.51,22.41,77.3,6.78,0,2,0
2024-11-27 01:00:00,0.0,1450.39,9775.77,20.06,73.7,7.45,1,2,0
2024-11-27 02:00:00,0.0,930.55,9649.18,21.76,77.3,6.99,2,2,0
2024-11-27 03:00:00,0.0,739.26,9607.31,20.61,78.4,4.88,3,2,0
2024-11-27 04:00:00,0.0,748.91,9943.15,20.09,74.0,6.04,4,2,0
2024-11-27 05:00:00,0.0,785.92,9660.25,18.3,75.9,4.72,5,2,0
2024-11-27 06:00:00,0.0,479.2,9628.9,16.12,80.4,4.71,6,2,0
2024-11-27 07:00:00,0.0,598.56,9963.22,18.69,78.0,3.79,7,2,0
2024-11-27 08:00:00,0.0,349.69,10231.32,17.09,75.7,3.21,8,2,0
2024-11-27 09:00:00,0.0,483.7,10017.55,15.85,72.0,4.5,9,2,0
2024-11-27 10:00:00,2033.59,586.7,9619.73,19.44,80.7,3.8,10,2,0
2024-11-27 11:00:00,3526.57,583.0,9685.18,20.81,69.8,5.4,11,2,0
2024-11-27 12:00:00,4322.36,609.58,9780.22,18.87,72.9,4.6,12,2,0
2024-11-27 13:00:00,3046.21,888.03,9893.01,22.23,68.9,5.27,13,2,0
2024-11-27 14:00:00,2395.27,909.09,9882.93,20.53,70.2,6.36,14,2,0
2024-11-27 15:00:00,0.0,577.45,9692.67,20.74,71.4,4.34,15,2,0
2024-11-27 16:00:00,0.0,841.44,9722.27,21.16,63.9,5.21,16,2,0
2024-11-27 17:00:00,0.0,1233.86,10038.35,24.5,69.5,6.17,17,2,0
2024-11-27 18:00:00,0.0,802.05,10409.48,22.08,74.8,6.48,18,2,0
2024-11-27 19:00:00,0.0,977.51,10259.79,24.2,77.9,7.28,19,2,0
2024-11-27 20:00:00,0.0,1211.53,10014.58,22.74,71.4,7.19,20,2,0
2024-11-27 21:00:00,0.0,1024.87,10234.94,22.76,73.3,6.61,21,2,0
2024-11-27 22:00:00,0.0,1047.99,10130.81,24.25,83.2,6.74,22,2,0
2024-11-27 23:00:00,0.0,957.96,9682.48,22.08,80.2,6.66,23,2,0
2024-11-28 00:00:00,0.0,740.33,9670.16,21.39,74.5,5.04,0,3,0
2024-11-28 01:00:00,0.0,1111.44,9758.26,22.51,75.5,5.88,1,3,0
2024-11-28 02:00:00,0.0,741.02,9794.37,22.3,82.6,5.96,2,3,0
2024-11-28 03:00:00,0.0,753.12,9698.21,20.38,75.2,5.87,3,3,0
2024-11-28 04:00:00,0.0,662.46,9632.68,18.09,83.8,4.51,4,3,0
2024-11-28 05:00:00,0.0,370.27,9764.53,17.64,80.6,3.99,5,3,0
2024-11-28 06:00:00,0.0,686.2,9726.21,17.88,80.9,4.61,6,3,0
2024-11-28 07:00:00,0.0,876.64,9873.3,17.87,77.0,6.21,7,3,0
2024-11-28 08:00:00,0.0,440.94,10173.91,16.19,74.4,3.88,8,3,0
2024-11-28 09:00:00,0.0,760.23,10013.54,18.35,81.6,5.44,9,3,0
2024-11-28 10:00:00,1957.53,811.82,9753.67,17.88,73.5,5.81,10,3,0
2024-11-28 11:00:00,3243.95,765.07,9759.62,16.2,71.5,4.68,11,3,0
2024-11-28 12:00:00,3680.26,694.55,9784.15,17.76,71.6,4.25,12,3,0
2024-11-28 13:00:00,3740.06,822.97,9803.53,19.0,71.7,5.42,13,3,0
2024-11-28 14:00:00,2313.35,834.12,9629.45,20.29,66.0,5.4,14,3,0
2024-11-28 15:00:00,0.0,498.41,9823.48,23.42,67.4,4.82,15,3,0
2024-11-28 16:00:00,0.0,854.7,9744.7,22.16,67.0,5.24,16,3,0
2024-11-28 17:00:00,0.0,1071.76,9916.13,21.49,73.0,6.37,17,3,0
2024-11-28 18:00:00,0.0,849.67,10387.8,23.24,66.6,6.96,18,3,0
2024-11-28 19:00:00,0.0,790.28,10448.73,22.85,63.9,6.11,19,3,0
2024-11-28 20:00:00,0.0,851.73,10177.4,23.77,64.1,6.42,20,3,0
2024-11-28 21:00:00,0.0,945.78,10444.4,23.97,67.3,7.04,21,3,0
2024-11-28 22:00:00,0.0,1106.4,10301.29,24.43,79.9,6.33,22,3,0
2024-11-28 23:00:00,0.0,1208.67,9868.82,22.47,75.8,6.13,23,3,0
2024-11-29 00:00:00,0.0,969.36,9866.93,23.81,79.0,5.59,0,4,0
2024-11-29 01:00:00,0.0,776.19,9841.09,22.21,80.2,5.36,1,4,0
2024-11-29 02:00:00,0.0,1268.82,9655.41,19.49,79.1,7.88,2,4,0
2024-11-29 03:00:00,0.0,727.75,9900.61,22.22,79.0,5.33,3,4,0
2024-11-29 04:00:00,0.0,1069.77,9828.2,19.24,83.7,6.32,4,4,0
2024-11-29 05:00:00,0.0,928.16,9609.23,17.22,79.9,6.33,5,4,0
2024-11-29 06:00:00,0.0,525.76,9727.96,19.73,84.4,4.63,6,4,0
2024-11-29 07:00:00,0.0,727.86,9955.43,19.94,80.5,4.91,7,4,0
2024-11-29 08:00:00,0.0,580.6,9929.86,17.3,74.5,4.6,8,4,0
2024-11-29 09:00:00,0.0,263.13,10203.4,16.84,73.8,3.19,9,4,0
2024-11-29 10:00:00,1965.61,273.5,9608.48,17.54,71.6,3.27,10,4,0
2024-11-29 11:00:00,3343.47,548.89,9627.47,19.08,78.1,4.66,11,4,0
2024-11-29 12:00:00,3722.75,592.07,10023.39,20.38,70.4,4.44,12,4,0
2024-11-29 13:00:00,2936.67,961.13,9732.25,20.25,67.8,6.5,13,4,0
2024-11-29 14:00:00,1881.06,513.1,9864.92,20.47,71.5,5.03,14,4,0
2024-11-29 15:00:00,0.0,981.78,9920.98,22.92,69.3,7.04,15,4,0
2024-11-29 16:00:00,0.0,599.91,9878.91,21.47,70.7,5.36,16,4,0
2024-11-29 17:00:00,0.0,1607.81,9803.95,23.7,77.2,7.51,17,4,0
2024-11-29 18:00:00,0.0,953.91,10285.53,22.6,73.8,6.59,18,4,0
2024-11-29 19:00:00,0.0,799.99,10354.51,23.76,71.1,6.8,19,4,0
2024-11-29 20:00:00,0.0,1033.54,10263.04,23.21,66.4,6.04,20,4,0
2024-11-29 21:00:00,0.0,969.66,10373.39,23.17,71.2,6.94,21,4,0
2024-11-29 22:00:00,0.0,1381.67,10258.92,22.49,77.3,7.8,22,4,0
2024-11-29 23:00:00,0.0,785.58,9768.54,24.08,71.1,6.23,23,4,0
2024-11-30 00:00:00,0.0,1168.18,9079.81,20.93,85.6,5.89,0,5,1
2024-11-30 01:00:00,0.0,1122.11,8796.35,20.2,78.1,5.76,1,5,1
2024-11-30 02:00:00,0.0,1273.2,8856.31,22.86,79.1,7.01,2,5,1
2024-11-30 03:00:00,0.0,1085.66,8905.67,20.71,76.7,6.14,3,5,1
2024-11-30 04:00:00,0.0,974.5,8913.38,15.95,81.5,6.36,4,5,1
2024-11-30 05:00:00,0.0,957.34,8889.14,17.51,74.7,5.21,5,5,1
2024-11-30 06:00:00,0.0,628.82,8703.95,15.54,87.5,4.78,6,5,1
2024-11-30 07:00:00,0.0,584.84,9158.45,16.27,83.4,4.93,7,5,1
2024-11-30 08:00:00,0.0,606.92,9168.14,13.54,81.0,5.35,8,5,1
2024-11-30 09:00:00,0.0,457.33,9275.8,17.25,70.3,4.26,9,5,1
2024-11-30 10:00:00,1716.32,875.16,8942.71,16.34,75.4,5.59,10,5,1
2024-11-30 11:00:00,3654.89,579.74,8998.7,18.26,78.1,4.89,11,5,1
2024-11-30 12:00:00,3336.37,346.93,8733.62,16.86,74.4,2.83,12,5,1
2024-11-30 13:00:00,3865.73,798.57,8734.48,19.63,67.0,5.67,13,5,1
2024-11-30 14:00:00,1708.69,658.83,8893.37,19.81,67.6,4.18,14,5,1
2024-11-30 15:00:00,0.0,1003.41,8989.94,22.89,67.9,6.15,15,5,1
2024-11-30 16:00:00,0.0,1112.26,8829.95,23.5,67.1,6.44,16,5,1
2024-11-30 17:00:00,0.0,1019.19,8765.17,23.37,75.8,6.22,17,5,1
2024-11-30 18:00:00,0.0,1317.84,9117.82,22.52,62.5,6.6,18,5,1
2024-11-30 19:00:00,0.0,897.31,9353.56,25.59,73.6,7.2,19,5,1
2024-11-30 20:00:00,0.0,702.27,9296.45,21.45,66.9,6.03,20,5,1
2024-11-30 21:00:00,0.0,1324.13,9257.93,21.52,69.4,7.09,21,5,1
2024-11-30 22:00:00,0.0,1436.84,9418.62,22.81,66.5,7.36,22,5,1
2024-11-30 23:00:00,0.0,1264.52,8843.58,25.14,73.6,7.73,23,5,1
2024-12-01 00:00:00,0.0,697.6,8854.11,21.54,83.1,5.26,0,6,1
2024-12-01 01:00:00,0.0,865.63,8961.98,20.83,79.2,6.26,1,6,1
2024-12-01 02:00:00,0.0,580.94,9116.89,18.55,74.1,4.92,2,6,1
2024-12-01 03:00:00,0.0,778.6,8800.66,20.64,83.5,4.63,3,6,1
2024-12-01 04:00:00,0.0,711.98,8748.85,19.92,84.5,5.46,4,6,1
2024-12-01 05:00:00,0.0,767.5,8735.31,19.1,79.8,5.0,5,6,1
2024-12-01 06:00:00,0.0,994.81,8911.22,16.92,87.1,5.64,6,6,1
2024-12-01 07:00:00,0.0,401.08,9008.14,16.53,81.4,4.29,7,6,1
2024-12-01 08:00:00,0.0,415.0,9094.21,15.73,79.8,4.36,8,6,1
2024-12-01 09:00:00,0.0,559.59,9104.77,17.48,72.7,4.6,9,6,1
2024-12-01 10:00:00,1872.48,516.96,9040.77,16.38,77.1,3.78,10,6,1
2024-12-01 11:00:00,3601.33,430.58,8997.14,16.74,74.2,3.99,11,6,1
2024-12-01 12:00:00,3854.61,598.23,8669.59,18.27,74.2,5.62,12,6,1
2024-12-01 13:00:00,2880.51,525.17,9044.18,18.91,68.3,4.5,13,6,1
2024-12-01 14:00:00,1674.26,730.85,8708.06,19.63,70.8,6.12,14,6,1
2024-12-01 15:00:00,0.0,765.07,8873.23,21.61,66.5,5.92,15,6,1
2024-12-01 16:00:00,0.0,533.74,8753.85,21.87,61.0,4.46,16,6,1
2024-12-01 17:00:00,0.0,795.99,8807.4,22.05,73.8,6.36,17,6,1
2024-12-01 18:00:00,0.0,1194.34,9192.35,23.1,64.3,6.56,18,6,1
2024-12-01 19:00:00,0.0,927.79,9511.06,21.99,71.5,6.64,19,6,1
2024-12-01 20:00:00,0.0,1097.68,9293.19,23.4,73.4,6.29,20,6,1
2024-12-01 21:00:00,0.0,910.48,9337.07,23.36,74.6,5.68,21,6,1
2024-12-01 22:00:00,0.0,1562.4,9181.33,21.07,73.5,7.48,22,6,1
2024-12-01 23:00:00,0.0,747.28,8684.19,23.59,77.0,6.22,23,6,1
2024-12-02 00:00:00,0.0,664.1,9732.7,20.69,79.0,5.41,0,0,0
2024-12-02 01:00:00,0.0,1215.23,9848.58,21.13,81.1,6.28,1,0,0
2024-12-02 02:00:00,0.0,860.79,9771.43,21.64,85.9,5.08,2,0,0
2024-12-02 03:00:00,0.0,516.63,9902.94,20.58,80.4,4.65,3,0,0
2024-12-02 04:00:00,0.0,517.98,9800.9,18.79,79.9,4.85,4,0,0
2024-12-02 05:00:00,0.0,696.41,9786.78,17.69,75.8,4.38,5,0,0
2024-12-02 06:00:00,0.0,403.25,9850.21,18.79,80.7,3.97,6,0,0
2024-12-02 07:00:00,0.0,911.54,10113.04,18.16,80.8,5.19,7,0,0
2024-12-02 08:00:00,0.0,724.35,10214.28,16.51,76.4,4.35,8,0,0
2024-12-02 09:00:00,0.0,667.01,10167.63,16.4,78.1,5.41,9,0,0
2024-12-02 10:00:00,1713.46,552.15,9895.32,15.16,73.5,3.76,10,0,0
2024-12-02 11:00:00,3404.33,347.71,9871.97,18.31,76.0,3.16,11,0,0
2024-12-02 12:00:00,4438.23,780.19,9949.23,18.65,75.8,4.82,12,0,0
2024-12-02 13:00:00,2979.38,972.18,9885.47,20.83,74.7,6.4,13,0,0
2024-12-02 14:00:00,1845.24,625.62,9995.71,20.68,70.8,5.58,14,0,0
2024-12-02 15:00:00,0.0,1533.98,9721.06,22.63,65.7,7.98,15,0,0
2024-12-02 16:00:00,0.0,731.74,9886.17,20.91,67.2,5.94,16,0,0
2024-12-02 17:00:00,0.0,1199.1,9620.31,23.73,72.2,6.1,17,0,0
2024-12-02 18:00:00,0.0,549.8,10403.65,22.21,80.1,4.39,18,0,0
2024-12-02 19:00:00,0.0,813.52,10296.77,24.08,69.7,6.62,19,0,0
2024-12-02 20:00:00,0.0,885.3,10402.42,21.5,74.0,6.51,20,0,0
2024-12-02 21:00:00,0.0,1159.9,10491.54,23.43,71.1,6.09,21,0,0
2024-12-02 22:00:00,0.0,892.98,10386.13,20.46,70.7,6.27,22,0,0
2024-12-02 23:00:00,0.0,1193.12,9736.47,22.05,73.2,6.22,23,0,0
2024-12-03 00:00:00,0.0,745.32,9655.44,22.25,68.9,5.95,0,1,0
2024-12-03 01:00:00,0.0,1258.25,9850.32,20.37,83.6,7.56,1,1,0
2024-12-03 02:00:00,0.0,958.92,9751.69,18.96,70.1,5.35,2,1,0
2024-12-03 03:00:00,0.0,604.62,9865.63,20.46,78.5,5.52,3,1,0
2024-12-03 04:00:00,0.0,586.33,9725.19,18.6,75.0,4.8,4,1,0
2024-12-03 05:00:00,0.0,1018.97,9674.46,17.51,76.0,5.51,5,1,0
2024-12-03 06:00:00,0.0,704.77,9756.99,17.67,84.5,4.82,6,1,0
2024-12-03 07:00:00,0.0,631.16,10161.11,20.49,79.0,4.3,7,1,0
2024-12-03 08:00:00,0.0,390.07,10115.66,18.6,73.3,2.88,8,1,0
2024-12-03 09:00:00,0.0,624.9,10003.43,18.72,73.6,4.58,9,1,0
2024-12-03 10:00:00,2232.25,643.42,10002.06,18.14,71.6,4.17,10,1,0
2024-12-03 11:00:00,3556.34,642.31,9769.35,18.3,73.2,4.47,11,1,0
2024-12-03 12:00:00,3919.62,504.53,9514.58,15.84,72.9,3.73,12,1,0
2024-12-03 13:00:00,3905.53,749.65,9897.88,18.63,78.7,6.03,13,1,0
2024-12-03 14:00:00,1922.69,1120.62,9784.67,19.64,62.7,5.81,14,1,0
2024-12-03 15:00:00,0.0,1242.47,9765.54,18.75,69.7,6.53,15,1,0
2024-12-03 16:00:00,0.0,911.06,9763.15,20.33,68.4,6.56,16,1,0
2024-12-03 17:00:00,0.0,1066.87,9763.83,19.96,73.6,6.36,17,1,0
2024-12-03 18:00:00,0.0,691.76,10490.28,22.77,71.8,5.18,18,1,0
2024-12-03 19:00:00,0.0,1440.09,10345.74,24.1,73.5,7.73,19,1,0
2024-12-03 20:00:00,0.0,1089.29,10321.25,24.55,73.6,5.61,20,1,0
2024-12-03 21:00:00,0.0,714.26,10258.47,23.61,69.7,6.17,21,1,0
2024-12-03 22:00:00,0.0,1451.48,10497.42,21.66,79.5,6.92,22,1,0
2024-12-03 23:00:00,0.0,848.0,9887.15,20.02,79.2,6.86,23,1,0
2024-12-04 00:00:00,0.0,1033.75,9904.69,19.58,80.9,6.53,0,2,0
2024-12-04 01:00:00,0.0,819.23,9819.38,19.45,83.3,5.54,1,2,0
2024-12-04 02:00:00,0.0,634.82,9905.99,19.13,80.7,5.13,2,2,0
2024-12-04 03:00:00,0.0,1296.38,9833.18,19.22,85.5,7.39,3,2,0
2024-12-04 04:00:00,0.0,863.17,9741.45,17.48,81.2,5.07,4,2,0
2024-12-04 05:00:00,0.0,569.22,9830.33,18.48,78.7,4.73,5,2,0
2024-12-04 06:00:00,0.0,386.92,10037.65,17.32,79.0,4.08,6,2,0
2024-12-04 07:00:00,0.0,689.03,10125.46,17.31,78.2,4.69,7,2,0
2024-12-04 08:00:00,0.0,700.52,10253.42,18.56,75.1,4.55,8,2,0
2024-12-04 09:00:00,0.0,722.14,10243.97,15.88,82.5,4.35,9,2,0
2024-12-04 10:00:00,2001.71,512.93,9853.54,18.1,75.9,4.7,10,2,0
2024-12-04 11:00:00,3526.23,1129.75,9984.81,18.05,73.8,5.91,11,2,0
2024-12-04 12:00:00,3396.69,531.05,9525.25,18.29,73.8,4.18,12,2,0
2024-12-04 13:00:00,3283.65,577.82,9565.63,20.48,83.1,4.9,13,2,0
2024-12-04 14:00:00,1748.99,784.12,9993.34,21.25,65.9,4.58,14,2,0
2024-12-04 15:00:00,0.0,712.29,9708.31,19.83,66.5,5.6,15,2,0
2024-12-04 16:00:00,0.0,845.85,9799.41,21.47,64.2,5.17,16,2,0
2024-12-04 17:00:00,0.0,939.84,9996.07,22.65,69.0,5.44,17,2,0
2024-12-04 18:00:00,0.0,656.2,10313.96,22.46,71.4,4.9,18,2,0
2024-12-04 19:00:00,0.0,1119.89,10492.75,23.79,69.3,6.31,19,2,0
2024-12-04 20:00:00,0.0,1136.64,10243.41,23.53,70.1,6.67,20,2,0
2024-12-04 21:00:00,0.0,1096.46,10363.91,25.29,74.0,7.85,21,2,0
2024-12-04 22:00:00,0.0,1264.68,10296.98,20.95,72.7,6.7,22,2,0
2024-12-04 23:00:00,0.0,1132.38,9964.88,22.17,77.3,5.87,23,2,0
2024-12-05 00:00:00,0.0,692.57,9754.61,20.58,81.7,4.96,0,3,0
2024-12-05 01:00:00,0.0,871.93,9670.28,21.67,81.0,4.86,1,3,0
2024-12-05 02:00:00,0.0,586.28,9729.89,18.23,82.6,4.56,2,3,0
2024-12-05 03:00:00,0.0,1115.06,9735.21,19.81,83.9,6.84,3,3,0
2024-12-05 04:00:00,0.0,854.6,9708.34,17.91,80.9,5.31,4,3,0
2024-12-05 05:00:00,0.0,467.71,9703.35,17.16,79.0,4.37,5,3,0
2024-12-05 06:00:00,0.0,590.53,9920.61,15.83,76.0,3.86,6,3,0
2024-12-05 07:00:00,0.0,547.72,10269.94,16.71,76.7,3.79,7,3,0
2024-12-05 08:00:00,0.0,586.58,10148.03,18.47,75.2,3.88,8,3,0
2024-12-05 09:00:00,0.0,844.65,10023.32,17.24,79.0,5.39,9,3,0
2024-12-05 10:00:00,2010.47,698.42,9715.92,18.32,76.1,4.35,10,3,0
2024-12-05 11:00:00,2847.18,427.43,9537.25,20.04,76.3,3.31,11,3,0
2024-12-05 12:00:00,4205.83,1053.78,9831.56,18.98,67.6,6.48,12,3,0
2024-12-05 13:00:00,3581.44,612.39,9704.07,18.72,77.0,3.92,13,3,0
2024-12-05 14:00:00,1688.64,598.49,9962.53,20.73,68.7,4.6,14,3,0
2024-12-05 15:00:00,0.0,1023.9,9620.63,20.29,65.5,6.38,15,3,0
2024-12-05 16:00:00,0.0,740.07,9714.92,21.06,68.0,5.93,16,3,0
2024-12-05 17:00:00,0.0,1022.71,9774.53,20.46,79.9,5.46,17,3,0
2024-12-05 18:00:00,0.0,601.22,10345.83,23.88,68.9,5.06,18,3,0
2024-12-05 19:00:00,0.0,661.68,10506.35,22.6,69.9,5.43,19,3,0
2024-12-05 20:00:00,0.0,640.79,10125.55,23.39,71.5,5.58,20,3,0
2024-12-05 21:00:00,0.0,986.46,10253.77,21.82,72.9,6.34,21,3,0
2024-12-05 22:00:00,0.0,901.29,10118.62,23.29,71.6,6.45,22,3,0
2024-12-05 23:00:00,0.0,1088.78,9880.79,21.37,76.6,6.08,23,3,0
2024-12-06 00:00:00,0.0,827.06,9708.37,21.47,81.6,5.99,0,4,0
2024-12-06 01:00:00,0.0,790.25,9773.6,21.97,79.6,4.97,1,4,0
2024-12-06 02:00:00,0.0,729.42,9765.33,21.09,74.7,5.8,2,4,0
2024-12-06 03:00:00,0.0,851.22,9799.95,19.34,78.2,6.33,3,4,0
2024-12-06 04:00:00,0.0,812.51,9767.25,16.52,77.6,4.92,4,4,0
2024-12-06 05:00:00,0.0,584.99,9669.4,21.61,79.8,4.66,5,4,0
2024-12-06 06:00:00,0.0,490.05,9796.19,19.64,84.4,4.67,6,4,0
2024-12-06 07:00:00,0.0,994.39,10005.67,18.11,77.7,5.34,7,4,0
2024-12-06 08:00:00,0.0,354.77,10198.75,16.24,76.9,3.63,8,4,0
2024-12-06 09:00:00,0.0,644.78,10107.89,17.11,83.2,5.47,9,4,0
2024-12-06 10:00:00,1854.32,584.1,9661.23,16.89,78.3,4.68,10,4,0
2024-12-06 11:00:00,3448.47,452.59,10074.83,19.54,75.8,4.47,11,4,0
2024-12-06 12:00:00,4378.31,665.75,9985.06,18.96,80.1,5.57,12,4,0
2024-12-06 13:00:00,3422.19,574.94,10079.22,18.43,73.2,3.86,13,4,0
2024-12-06 14:00:00,1835.85,654.96,9744.85,19.58,62.5,5.47,14,4,0
2024-12-06 15:00:00,0.0,658.33,9685.78,22.27,73.3,5.65,15,4,0
2024-12-06 16:00:00,0.0,815.96,9882.78,23.56,63.4,4.82,16,4,0
2024-12-06 17:00:00,0.0,944.74,9918.96,24.1,71.8,6.18,17,4,0
2024-12-06 18:00:00,0.0,791.17,10313.61,23.65,63.6,6.24,18,4,0
2024-12-06 19:00:00,0.0,987.18,10037.55,22.74,69.4,6.03,19,4,0
2024-12-06 20:00:00,0.0,845.24,10172.27,19.25,70.8,6.97,20,4,0
2024-12-06 21:00:00,0.0,861.51,10340.7,23.4,70.4,5.85,21,4,0
2024-12-06 22:00:00,0.0,1104.7,10210.78,22.74,73.4,6.49,22,4,0
2024-12-06 23:00:00,0.0,1207.18,9622.2,22.43,80.2,6.07,23,4,0
2024-12-07 00:00:00,0.0,735.15,8823.08,21.69,74.5,5.5,0,5,1
2024-12-07 01:00:00,0.0,1132.08,8464.4,19.31,80.5,6.19,1,5,1
2024-12-07 02:00:00,0.0,620.27,8781.6,20.79,75.3,5.38,2,5,1
2024-12-07 03:00:00,0.0,502.95,8802.88,20.1,78.9,4.11,3,5,1
2024-12-07 04:00:00,0.0,359.59,8891.25,19.44,81.1,3.58,4,5,1
2024-12-07 05:00:00,0.0,796.82,8919.71,19.14,75.7,5.42,5,5,1
2024-12-07 06:00:00,0.0,411.78,8899.33,18.25,73.9,3.6,6,5,1
2024-12-07 07:00:00,0.0,806.28,9246.67,16.73,80.3,4.64,7,5,1
2024-12-07 08:00:00,0.0,712.2,9118.84,17.04,81.8,4.36,8,5,1
2024-12-07 09:00:00,0.0,525.31,8964.33,17.33,75.8,3.99,9,5,1
2024-12-07 10:00:00,1958.94,734.37,8859.3,17.65,73.0,5.88,10,5,1
2024-12-07 11:00:00,3587.15,632.74,8748.94,19.2,74.2,4.56,11,5,1
2024-12-07 12:00:00,3319.95,874.13,8691.17,19.39,72.5,5.18,12,5,1
2024-12-07 13:00:00,3886.77,515.75,8923.48,21.84,72.3,5.01,13,5,1
2024-12-07 14:00:00,1849.63,645.16,8684.45,22.77,60.4,4.84,14,5,1
2024-12-07 15:00:00,0.0,560.09,8935.63,20.99,65.7,5.27,15,5,1
2024-12-07 16:00:00,0.0,933.68,8698.94,17.02,66.4,6.71,16,5,1
2024-12-07 17:00:00,0.0,825.14,8819.13,23.73,70.6,6.65,17,5,1
2024-12-07 18:00:00,0.0,1627.05,9242.32,22.07,71.2,7.55,18,5,1
2024-12-07 19:00:00,0.0,814.83,9446.43,22.06,73.8,6.33,19,5,1
2024-12-07 20:00:00,0.0,659.37,9381.32,22.64,73.4,5.55,20,5,1
2024-12-07 21:00:00,0.0,1173.73,9211.09,22.48,68.3,5.93,21,5,1
2024-12-07 22:00:00,0.0,780.29,9291.09,23.46,80.6,5.3,22,5,1
2024-12-07 23:00:00,0.0,1279.07,9013.53,20.37,81.2,6.76,23,5,1
2024-12-08 00:00:00,0.0,735.56,9033.16,20.31,72.3,5.5,0,6,1
2024-12-08 01:00:00,0.0,393.98,8689.74,21.29,79.7,3.31,1,6,1
2024-12-08 02:00:00,0.0,900.19,9011.94,20.85,76.8,7.49,2,6,1
2024-12-08 03:00:00,0.0,627.08,9002.76,20.1,80.2,4.8,3,6,1
2024-12-08 04:00:00,0.0,627.82,8875.43,17.66,84.1,4.54,4,6,1
2024-12-08 05:00:00,0.0,964.14,8843.11,16.81,88.2,6.09,5,6,1
2024-12-08 06:00:00,0.0,405.74,8787.95,16.9,82.2,3.58,6,6,1
2024-12-08 07:00:00,0.0,903.94,8988.59,17.49,79.6,5.3,7,6,1
2024-12-08 08:00:00,0.0,470.98,9179.67,18.89,76.0,3.82,8,6,1
2024-12-08 09:00:00,0.0,399.54,9118.59,14.75,76.9,3.2,9,6,1
2024-12-08 10:00:00,2261.4,696.97,8906.19,17.24,80.3,5.66,10,6,1
2024-12-08 11:00:00,3647.93,891.03,8909.06,16.38,73.4,5.13,11,6,1
2024-12-08 12:00:00,3686.33,708.57,9156.15,16.62,68.8,5.29,12,6,1
2024-12-08 13:00:00,3014.66,709.47,8997.6,20.49,64.8,5.05,13,6,1
2024-12-08 14:00:00,2044.76,743.35,8919.63,20.76,72.6,5.48,14,6,1
2024-12-08 15:00:00,0.0,681.81,8597.56,21.42,71.0,4.27,15,6,1
2024-12-08 16:00:00,0.0,1043.11,8901.08,22.71,67.3,5.61,16,6,1
2024-12-08 17:00:00,0.0,593.34,9043.87,21.65,74.1,5.01,17,6,1
2024-12-08 18:00:00,0.0,773.46,9258.76,22.18,68.8,4.85,18,6,1
2024-12-08 19:00:00,0.0,796.86,9572.88,25.62,70.8,6.45,19,6,1
2024-12-08 20:00:00,0.0,865.7,9375.26,22.81,72.3,7.15,20,6,1
2024-12-08 21:00:00,0.0,1106.12,9345.35,23.88,72.2,5.95,21,6,1
2024-12-08 22:00:00,0.0,741.3,9191.11,22.71,75.8,6.05,22,6,1
2024-12-08 23:00:00,0.0,599.85,9034.44,20.01,80.8,5.21,23,6,1
2024-12-09 00:00:00,0.0,978.72,9686.32,19.13,72.8,5.94,0,0,0
2024-12-09 01:00:00,0.0,1203.28,9718.28,20.17,80.4,6.34,1,0,0
2024-12-09 02:00:00,0.0,787.2,9560.27,21.35,79.9,6.12,2,0,0
2024-12-09 03:00:00,0.0,663.31,9893.54,20.25,80.3,5.67,3,0,0
2024-12-09 04:00:00,0.0,447.72,9856.52,19.68,83.4,4.48,4,0,0
2024-12-09 05:00:00,0.0,390.83,9787.22,16.78,79.9,4.21,5,0,0
2024-12-09 06:00:00,0.0,574.21,9874.83,19.43,81.1,5.16,6,0,0
2024-12-09 07:00:00,0.0,892.62,10178.52,16.03,81.3,5.01,7,0,0
2024-12-09 08:00:00,0.0,401.67,10057.14,17.34,75.4,4.13,8,0,0
2024-12-09 09:00:00,0.0,510.67,10006.82,17.17,77.4,3.89,9,0,0
2024-12-09 10:00:00,2171.22,936.29,9580.17,17.28,73.9,5.2,10,0,0
2024-12-09 11:00:00,3264.59,556.69,9764.68,19.57,73.1,4.08,11,0,0
2024-12-09 12:00:00,3968.06,531.21,9629.02,17.74,71.1,5.12,12,0,0
2024-12-09 13:00:00,3434.82,660.07,9805.52,17.69,73.2,4.62,13,0,0
2024-12-09 14:00:00,1762.44,652.17,9766.75,20.11,70.9,4.13,14,0,0
2024-12-09 15:00:00,0.0,945.66,9737.76,20.38,71.6,6.52,15,0,0
2024-12-09 16:00:00,0.0,747.46,9911.58,25.64,69.8,5.59,16,0,0
2024-12-09 17:00:00,0.0,631.95,9667.64,23.02,63.6,5.16,17,0,0
2024-12-09 18:00:00,0.0,671.24,10068.24,22.19,70.7,4.83,18,0,0
2024-12-09 19:00:00,0.0,608.36,10262.95,21.71,71.6,5.06,19,0,0
2024-12-09 20:00:00,0.0,1031.64,10201.21,20.83,73.4,5.9,20,0,0
2024-12-09 21:00:00,0.0,1436.49,10304.59,21.75,71.2,7.77,21,0,0
2024-12-09 22:00:00,0.0,821.09,10180.37,22.82,70.1,5.73,22,0,0
2024-12-09 23:00:00,0.0,1377.49,9836.46,23.92,78.7,7.25,23,0,0
2024-12-10 00:00:00,0.0,680.28,9669.25,22.91,76.3,5.81,0,1,0
2024-12-10 01:00:00,0.0,750.1,9667.96,21.12,79.1,4.76,1,1,0
2024-12-10 02:00:00,0.0,767.47,9859.97,19.68,78.1,5.08,2,1,0
2024-12-10 03:00:00,0.0,577.76,9780.43,19.61,79.7,4.18,3,1,0
2024-12-10 04:00:00,0.0,410.74,9643.55,17.95,78.1,4.26,4,1,0
2024-12-10 05:00:00,0.0,535.91,9671.78,20.01,75.9,3.99,5,1,0
2024-12-10 06:00:00,0.0,335.81,9741.26,17.24,81.1,2.97,6,1,0
2024-12-10 07:00:00,0.0,823.35,9963.84,17.07,76.0,5.55,7,1,0
2024-12-10 08:00:00,0.0,520.79,10066.45,14.41,78.1,4.41,8,1,0
2024-12-10 09:00:00,0.0,313.43,10070.67,16.94,77.8,3.65,9,1,0
2024-12-10 10:00:00,2044.11,555.28,9675.95,18.47,72.6,4.41,10,1,0
2024-12-10 11:00:00,3391.77,418.7,9864.0,16.67,68.8,3.67,11,1,0
2024-12-10 12:00:00,3461.28,248.9,9663.55,17.67,82.1,2.36,12,1,0
2024-12-10 13:00:00,3743.89,1257.0,9935.48,20.24,69.3,7.07,13,1,0
2024-12-10 14:00:00,1929.22,642.41,9759.78,18.3,73.1,5.1,14,1,0
2024-12-10 15:00:00,0.0,559.86,9706.84,22.11,77.8,4.73,15,1,0
2024-12-10 16:00:00,0.0,485.91,9850.72,20.93,73.1,3.91,16,1,0
2024-12-10 17:00:00,0.0,634.66,9790.13,21.72,68.9,4.51,17,1,0
2024-12-10 18:00:00,0.0,1261.85,10381.19,21.32,70.3,7.23,18,1,0
2024-12-10 19:00:00,0.0,1496.67,10049.87,23.42,68.0,7.27,19,1,0
2024-12-10 20:00:00,0.0,1288.97,10352.02,26.02,75.9,6.77,20,1,0
2024-12-10 21:00:00,0.0,571.07,10227.69,23.9,75.9,5.31,21,1,0
2024-12-10 22:00:00,0.0,1291.86,10294.51,21.63,72.9,7.38,22,1,0
2024-12-10 23:00:00,0.0,985.08,9775.42,23.55,72.0,6.43,23,1,0
2024-12-11 00:00:00,0.0,946.28,9947.59,21.17,72.1,6.41,0,2,0
2024-12-11 01:00:00,0.0,1195.74,9562.74,22.48,82.4,6.03,1,2,0
2024-12-11 02:00:00,0.0,532.42,9979.69,21.02,79.7,4.23,2,2,0
2024-12-11 03:00:00,0.0,614.64,9870.77,15.75,80.6,4.22,3,2,0
2024-12-11 04:00:00,0.0,767.37,9804.26,17.35,76.6,4.51,4,2,0
2024-12-11 05:00:00,0.0,594.61,9613.98,19.07,73.9,5.19,5,2,0
2024-12-11 06:00:00,0.0,290.95,9585.35,17.64,83.1,3.36,6,2,0
2024-12-11 07:00:00,0.0,476.15,10033.69,15.93,78.6,4.17,7,2,0
2024-12-11 08:00:00,0.0,377.65,10177.21,16.29,81.1,4.07,8,2,0
2024-12-11 09:00:00,0.0,514.9,10100.28,14.87,74.7,4.81,9,2,0
2024-12-11 10:00:00,1996.6,840.54,9855.39,17.35,74.0,4.75,10,2,0
2024-12-11 11:00:00,3289.56,529.18,9610.4,20.58,76.5,3.5,11,2,0
2024-12-11 12:00:00,4426.41,944.26,9791.33,19.52,75.4,5.63,12,2,0
2024-12-11 13:00:00,3589.91,524.53,9917.45,21.91,74.6,3.74,13,2,0
2024-12-11 14:00:00,1845.56,698.6,9960.23,21.11,69.4,5.79,14,2,0
2024-12-11 15:00:00,0.0,686.25,9635.52,22.06,72.6,4.74,15,2,0
2024-12-11 16:00:00,0.0,665.15,9743.77,23.92,74.4,5.57,16,2,0
2024-12-11 17:00:00,0.0,837.74,9745.1,22.63,69.7,5.86,17,2,0
2024-12-11 18:00:00,0.0,858.44,10214.84,22.43,68.5,6.04,18,2,0
2024-12-11 19:00:00,0.0,1141.34,10398.93,24.19,76.8,6.58,19,2,0
2024-12-11 20:00:00,0.0,782.68,10634.58,24.8,69.8,6.45,20,2,0
2024-12-11 21:00:00,0.0,858.4,10156.35,22.38,76.2,6.8,21,2,0
2024-12-11 22:00:00,0.0,1121.7,10340.97,21.79,74.7,6.51,22,2,0
2024-12-11 23:00:00,0.0,769.66,9821.46,22.34,68.9,5.03,23,2,0
2024-12-12 00:00:00,0.0,861.76,9824.04,22.54,82.0,6.07,0,3,0
2024-12-12 01:00:00,0.0,594.57,9945.96,21.77,67.5,5.2,1,3,0
2024-12-12 02:00:00,0.0,741.19,9830.8,18.33,71.3,4.52,2,3,0
2024-12-12 03:00:00,0.0,507.45,9529.64,21.56,81.9,4.92,3,3,0
2024-12-12 04:00:00,0.0,806.21,9613.58,17.77,82.1,5.04,4,3,0
2024-12-12 05:00:00,0.0,530.78,9657.97,17.6,77.2,4.85,5,3,0
2024-12-12 06:00:00,0.0,833.04,9696.17,16.36,79.9,5.29,6,3,0
2024-12-12 07:00:00,0.0,854.91,10084.25,20.38,68.4,5.33,7,3,0
2024-12-12 08:00:00,0.0,695.35,10075.24,17.33,80.3,4.45,8,3,0
2024-12-12 09:00:00,0.0,574.42,9882.19,16.12,77.2,4.56,9,3,0
2024-12-12 10:00:00,1704.74,396.81,9592.96,18.48,74.8,4.26,10,3,0
2024-12-12 11:00:00,3124.08,809.35,9531.72,18.84,73.7,4.9,11,3,0
2024-12-12 12:00:00,3570.34,647.04,9599.52,18.32,74.4,4.83,12,3,0
2024-12-12 13:00:00,3866.41,747.17,9904.94,20.27,71.3,4.6,13,3,0
2024-12-12 14:00:00,1732.23,1251.25,9753.55,19.05,63.1,6.61,14,3,0
2024-12-12 15:00:00,0.0,642.86,9671.68,20.23,78.9,4.71,15,3,0
2024-12-12 16:00:00,0.0,1380.89,9555.89,19.13,74.8,6.57,16,3,0
2024-12-12 17:00:00,0.0,598.57,9664.46,20.57,65.0,4.56,17,3,0
2024-12-12 18:00:00,0.0,1175.35,10362.86,24.81,69.2,6.51,18,3,0
2024-12-12 19:00:00,0.0,1318.54,10347.08,24.91,70.5,7.16,19,3,0
2024-12-12 20:00:00,0.0,624.99,10259.7,23.12,76.8,4.59,20,3,0
2024-12-12 21:00:00,0.0,1045.68,10257.96,24.93,65.0,6.26,21,3,0
2024-12-12 22:00:00,0.0,1286.99,10077.45,22.45,73.0,6.69,22,3,0
2024-12-12 23:00:00,0.0,1027.92,9692.87,21.87,69.2,6.22,23,3,0
2024-12-13 00:00:00,0.0,937.07,9852.67,21.6,76.3,6.13,0,4,0
2024-12-13 01:00:00,0.0,955.12,9705.02,20.66,76.6,5.73,1,4,0
2024-12-13 02:00:00,0.0,436.02,9980.82,19.77,79.6,4.5,2,4,0
2024-12-13 03:00:00,0.0,898.1,9930.67,20.62,77.4,7.01,3,4,0
2024-12-13 04:00:00,0.0,461.42,9731.55,18.71,77.0,4.46,4,4,0
2024-12-13 05:00:00,0.0,668.88,9754.16,18.76,82.3,4.97,5,4,0
2024-12-13 06:00:00,0.0,588.58,10052.77,18.67,81.1,3.89,6,4,0
2024-12-13 07:00:00,0.0,291.34,10202.66,17.6,80.7,2.43,7,4,0
2024-12-13 08:00:00,0.0,513.84,10109.43,15.87,76.8,3.41,8,4,0
2024-12-13 09:00:00,0.0,244.77,10123.28,15.51,74.0,2.96,9,4,0
2024-12-13 10:00:00,2082.56,805.67,9803.87,17.61,74.5,5.03,10,4,0
2024-12-13 11:00:00,2905.12,411.31,9783.96,17.7,75.7,3.77,11,4,0
2024-12-13 12:00:00,3299.0,361.89,9657.48,18.63,63.8,4.0,12,4,0
2024-12-13 13:00:00,3740.17,550.31,9737.72,19.23,73.0,3.77,13,4,0
2024-12-13 14:00:00,2131.82,555.39,9613.68,23.13,71.9,4.94,14,4,0
2024-12-13 15:00:00,0.0,507.54,9872.98,19.21,70.4,4.55,15,4,0
2024-12-13 16:00:00,0.0,883.24,9770.1,19.14,69.4,6.17,16,4,0
2024-12-13 17:00:00,0.0,1055.34,9879.06,22.55,59.9,5.86,17,4,0
2024-12-13 18:00:00,0.0,846.76,10137.07,22.18,68.9,5.37,18,4,0
2024-12-13 19:00:00,0.0,939.38,10460.65,23.31,78.6,6.67,19,4,0
2024-12-13 20:00:00,0.0,769.6,10445.73,23.73,72.5,6.09,20,4,0
2024-12-13 21:00:00,0.0,745.45,10101.07,24.47,72.4,6.14,21,4,0
2024-12-13 22:00:00,0.0,544.96,10229.29,20.82,75.0,4.91,22,4,0
2024-12-13 23:00:00,0.0,1117.58,9738.32,21.48,77.7,5.93,23,4,0
2024-12-14 00:00:00,0.0,1182.07,8681.45,22.03,80.1,6.05,0,5,1
2024-12-14 01:00:00,0.0,1387.35,8822.82,21.72,77.6,6.66,1,5,1
2024-12-14 02:00:00,0.0,780.34,8920.97,22.65,81.0,4.75,2,5,1
2024-12-14 03:00:00,0.0,1404.83,8797.67,20.39,86.5,6.91,3,5,1
2024-12-14 04:00:00,0.0,911.39,8648.45,18.45,84.0,5.28,4,5,1
2024-12-14 05:00:00,0.0,502.43,8946.7,16.83,89.2,3.37,5,5,1
2024-12-14 06:00:00,0.0,543.21,8759.0,16.74,76.7,3.71,6,5,1
2024-12-14 07:00:00,0.0,769.08,9056.65,16.41,85.2,5.36,7,5,1
2024-12-14 08:00:00,0.0,656.39,9340.76,17.81,74.3,5.12,8,5,1
2024-12-14 09:00:00,0.0,547.35,9186.6,17.43,77.7,4.1,9,5,1
2024-12-14 10:00:00,1869.9,583.13,8756.91,15.83,77.9,4.24,10,5,1
2024-12-14 11:00:00,3060.3,400.35,8711.31,17.38,71.6,3.29,11,5,1
2024-12-14 12:00:00,4234.05,902.83,8969.91,19.57,72.8,5.44,12,5,1
2024-12-14 13:00:00,2887.93,521.68,8961.65,19.67,75.1,3.8,13,5,1
2024-12-14 14:00:00,2239.9,621.66,8793.19,20.7,67.8,5.51,14,5,1
2024-12-14 15:00:00,0.0,851.74,8702.92,21.26,76.8,6.17,15,5,1
2024-12-14 16:00:00,0.0,975.48,8900.27,23.47,64.4,5.39,16,5,1
2024-12-14 17:00:00,0.0,1072.89,8925.27,22.42,77.9,6.36,17,5,1
2024-12-14 18:00:00,0.0,1100.89,9265.27,22.15,74.7,7.28,18,5,1
2024-12-14 19:00:00,0.0,1175.65,9177.62,21.82,71.1,6.17,19,5,1
2024-12-14 20:00:00,0.0,781.04,9312.97,23.32,70.9,5.92,20,5,1
2024-12-14 21:00:00,0.0,893.91,9365.41,19.99,71.7,6.04,21,5,1
2024-12-14 22:00:00,0.0,702.99,9251.55,22.4,74.4,5.46,22,5,1
2024-12-14 23:00:00,0.0,952.95,8885.43,21.89,76.1,5.34,23,5,1
2024-12-15 00:00:00,0.0,1092.37,8897.32,19.88,82.5,6.12,0,6,1
2024-12-15 01:00:00,0.0,783.88,8991.46,19.68,86.4,5.43,1,6,1
2024-12-15 02:00:00,0.0,1050.08,8803.52,20.98,80.1,5.58,2,6,1
2024-12-15 03:00:00,0.0,599.92,8717.29,19.51,76.4,3.87,3,6,1
2024-12-15 04:00:00,0.0,728.32,8845.92,18.63,77.8,4.73,4,6,1
2024-12-15 05:00:00,0.0,976.48,9056.5,18.26,79.1,5.39,5,6,1
2024-12-15 06:00:00,0.0,462.92,8642.43,17.53,75.2,3.46,6,6,1
2024-12-15 07:00:00,0.0,583.36,8861.43,18.61,73.8,4.21,7,6,1
2024-12-15 08:00:00,0.0,276.56,9126.04,17.16,85.9,2.61,8,6,1
2024-12-15 09:00:00,0.0,298.1,9093.49,15.36,77.5,3.02,9,6,1
2024-12-15 10:00:00,1579.26,481.75,8829.0,19.37,71.7,4.74,10,6,1
2024-12-15 11:00:00,3004.16,581.17,8824.53,18.34,77.0,3.95,11,6,1
2024-12-15 12:00:00,3761.53,692.67,8974.67,17.81,67.8,5.81,12,6,1
2024-12-15 13:00:00,3104.16,650.14,8848.9,17.73,67.1,4.91,13,6,1
2024-12-15 14:00:00,1596.11,639.01,8952.35,20.49,67.4,5.23,14,6,1
2024-12-15 15:00:00,0.0,526.1,8556.7,20.65,76.8,4.2,15,6,1
2024-12-15 16:00:00,0.0,631.12,8790.52,23.4,69.0,5.01,16,6,1
2024-12-15 17:00:00,0.0,837.68,8756.16,21.72,60.4,4.98,17,6,1
2024-12-15 18:00:00,0.0,882.18,9035.84,21.61,75.5,4.92,18,6,1
2024-12-15 19:00:00,0.0,1312.71,9322.41,23.99,70.2,6.46,19,6,1
2024-12-15 20:00:00,0.0,1180.79,9297.96,24.12,65.1,6.72,20,6,1
2024-12-15 21:00:00,0.0,1312.13,9253.95,23.11,72.4,6.38,21,6,1
2024-12-15 22:00:00,0.0,740.72,9294.88,23.42,77.1,5.36,22,6,1
2024-12-15 23:00:00,0.0,992.33,8866.41,22.09,77.9,6.19,23,6,1
2024-12-16 00:00:00,0.0,464.86,9907.57,21.79,84.7,4.21,0,0,0
2024-12-16 01:00:00,0.0,1322.87,9863.1,22.18,75.1,6.59,1,0,0
2024-12-16 02:00:00,0.0,446.52,9825.43,20.76,79.5,4.25,2,0,0
2024-12-16 03:00:00,0.0,563.45,10062.87,19.03,77.0,4.14,3,0,0
2024-12-16 04:00:00,0.0,797.04,9701.03,20.13,73.8,4.87,4,0,0
2024-12-16 05:00:00,0.0,677.38,9622.81,15.05,83.4,4.7,5,0,0
2024-12-16 06:00:00,0.0,416.79,9926.9,19.87,81.2,4.27,6,0,0
2024-12-16 07:00:00,0.0,406.97,10325.02,15.06,79.7,3.28,7,0,0
2024-12-16 08:00:00,0.0,809.3,10024.78,16.25,79.2,4.97,8,0,0
2024-12-16 09:00:00,0.0,243.89,10266.34,17.06,73.6,2.68,9,0,0
2024-12-16 10:00:00,1842.24,369.98,9721.99,17.23,71.0,2.88,10,0,0
2024-12-16 11:00:00,3616.69,633.06,9856.17,19.09,73.9,4.08,11,0,0
2024-12-16 12:00:00,4386.28,497.11,9862.83,17.24,77.1,3.31,12,0,0
2024-12-16 13:00:00,2816.06,777.59,9710.27,19.54,77.9,5.51,13,0,0
2024-12-16 14:00:00,2105.49,340.37,10007.61,19.31,73.9,3.83,14,0,0
2024-12-16 15:00:00,0.0,952.73,10021.39,21.14,70.3,6.28,15,0,0
2024-12-16 16:00:00,0.0,1053.81,9663.46,21.43,71.1,6.12,16,0,0
2024-12-16 17:00:00,0.0,1298.95,9810.13,22.24,70.2,6.52,17,0,0
2024-12-16 18:00:00,0.0,1531.93,10399.74,21.94,66.6,7.25,18,0,0
2024-12-16 19:00:00,0.0,1148.66,10064.09,22.29,71.6,5.96,19,0,0
2024-12-16 20:00:00,0.0,817.73,10293.15,23.35,67.2,5.19,20,0,0
2024-12-16 21:00:00,0.0,1022.45,10091.62,24.04,73.2,5.95,21,0,0
2024-12-16 22:00:00,0.0,585.59,10370.1,21.89,81.5,5.54,22,0,0
2024-12-16 23:00:00,0.0,717.33,9796.32,21.09,79.6,5.33,23,0,0
2024-12-17 00:00:00,0.0,1109.55,9741.15,22.24,73.8,5.83,0,1,0
2024-12-17 01:00:00,0.0,846.67,9597.97,20.74,78.3,5.25,1,1,0
2024-12-17 02:00:00,0.0,621.04,9714.17,21.0,76.0,4.66,2,1,0
2024-12-17 03:00:00,0.0,510.01,9848.3,18.14,79.6,4.81,3,1,0
2024-12-17 04:00:00,0.0,634.65,9781.08,16.37,84.2,5.18,4,1,0
2024-12-17 05:00:00,0.0,790.99,9929.1,17.24,82.4,5.27,5,1,0
2024-12-17 06:00:00,0.0,422.62,9921.33,16.49,89.3,3.01,6,1,0
2024-12-17 07:00:00,0.0,368.13,10231.24,17.01,83.3,3.89,7,1,0
2024-12-17 08:00:00,0.0,388.89,10036.47,16.24,78.3,3.92,8,1,0
2024-12-17 09:00:00,0.0,381.46,10136.4,17.99,79.0,3.06,9,1,0
2024-12-17 10:00:00,1600.59,432.4,9670.17,17.06,74.2,3.94,10,1,0
2024-12-17 11:00:00,2843.1,443.29,9634.81,18.06,69.2,4.25,11,1,0
2024-12-17 12:00:00,3547.44,521.78,9927.82,18.69,77.7,4.71,12,1,0
2024-12-17 13:00:00,3669.56,609.56,9643.62,19.46,75.5,4.56,13,1,0
2024-12-17 14:00:00,1877.53,535.45,9630.73,19.97,69.7,4.04,14,1,0
2024-12-17 15:00:00,0.0,1332.54,9798.62,21.39,71.3,6.61,15,1,0
2024-12-17 16:00:00,0.0,932.37,9753.52,20.55,75.0,5.92,16,1,0
2024-12-17 17:00:00,0.0,1024.6,9763.89,23.8,73.6,5.94,17,1,0
2024-12-17 18:00:00,0.0,855.68,10566.68,22.32,64.8,6.51,18,1,0
2024-12-17 19:00:00,0.0,1068.19,10170.66,21.33,72.4,6.06,19,1,0
2024-12-17 20:00:00,0.0,1265.81,10349.4,23.23,71.8,7.0,20,1,0
2024-12-17 21:00:00,0.0,788.64,10300.4,21.88,78.2,6.05,21,1,0
2024-12-17 22:00:00,0.0,1020.45,10411.12,23.4,79.1,5.97,22,1,0
2024-12-17 23:00:00,0.0,849.85,9691.71,24.78,81.6,6.38,23,1,0
2024-12-18 00:00:00,0.0,1214.11,9759.06,20.56,73.0,6.94,0,2,0
2024-12-18 01:00:00,0.0,1200.94,9799.7,21.18,75.4,6.68,1,2,0
2024-12-18 02:00:00,0.0,965.98,9613.94,17.89,83.8,5.71,2,2,0
2024-12-18 03:00:00,0.0,984.54,9569.33,19.77,77.5,5.39,3,2,0
2024-12-18 04:00:00,0.0,968.08,9783.5,17.44,73.9,5.27,4,2,0
2024-12-18 05:00:00,0.0,903.37,9946.52,17.13,82.0,5.26,5,2,0
2024-12-18 06:00:00,0.0,945.25,9743.74,16.08,77.1,5.3,6,2,0
2024-12-18 07:00:00,0.0,350.27,10075.19,17.98,85.7,3.92,7,2,0
2024-12-18 08:00:00,0.0,661.13,10239.08,18.21,78.7,5.06,8,2,0
2024-12-18 09:00:00,0.0,401.22,10083.14,17.13,76.9,4.25,9,2,0
2024-12-18 10:00:00,1580.79,507.97,9879.23,16.37,73.5,4.53,10,2,0
2024-12-18 11:00:00,3720.73,700.33,10105.98,19.79,80.1,5.21,11,2,0
2024-12-18 12:00:00,4172.4,821.57,9716.75,17.6,73.9,4.86,12,2,0
2024-12-18 13:00:00,3650.66,757.91,9764.75,16.63,69.8,5.21,13,2,0
2024-12-18 14:00:00,1848.33,630.51,9833.55,20.55,67.5,4.4,14,2,0
2024-12-18 15:00:00,0.0,896.06,9964.99,19.45,69.9,6.17,15,2,0
2024-12-18 16:00:00,0.0,939.59,9772.18,22.69,66.1,5.79,16,2,0
2024-12-18 17:00:00,0.0,989.83,9873.51,21.66,74.3,5.57,17,2,0
2024-12-18 18:00:00,0.0,940.53,10331.75,23.32,63.4,6.56,18,2,0
2024-12-18 19:00:00,0.0,1693.72,10281.33,24.58,70.9,7.91,19,2,0
2024-12-18 20:00:00,0.0,586.94,10239.55,21.55,74.9,5.0,20,2,0
2024-12-18 21:00:00,0.0,972.18,10216.89,22.22,75.1,5.33,21,2,0
2024-12-18 22:00:00,0.0,999.58,10657.86,22.51,72.1,8.09,22,2,0
2024-12-18 23:00:00,0.0,1001.62,9601.07,23.97,78.9,6.18,23,2,0
2024-12-19 00:00:00,0.0,1141.8,9612.45,20.71,74.0,5.8,0,3,0
2024-12-19 01:00:00,0.0,835.04,9815.37,20.06,78.5,5.35,1,3,0
2024-12-19 02:00:00,0.0,1006.17,9810.39,20.57,81.9,6.17,2,3,0
2024-12-19 03:00:00,0.0,1296.22,9837.16,18.53,81.7,7.03,3,3,0
2024-12-19 04:00:00,0.0,465.16,9681.05,18.68,77.3,4.15,4,3,0
2024-12-19 05:00:00,0.0,421.74,9662.82,16.02,84.6,4.36,5,3,0
2024-12-19 06:00:00,0.0,421.48,9751.74,20.06,79.7,3.95,6,3,0
2024-12-19 07:00:00,0.0,512.44,10209.91,15.49,81.5,4.66,7,3,0
2024-12-19 08:00:00,0.0,868.23,9978.87,16.61,83.6,4.95,8,3,0
2024-12-19 09:00:00,0.0,916.83,10119.13,17.06,80.8,5.24,9,3,0
2024-12-19 10:00:00,1926.67,552.11,9724.53,19.7,79.5,4.59,10,3,0
2024-12-19 11:00:00,3579.21,1145.03,9603.06,16.29,74.5,6.09,11,3,0
2024-12-19 12:00:00,4177.21,384.93,9632.23,20.88,75.7,3.78,12,3,0
2024-12-19 13:00:00,3708.55,380.17,9895.24,20.13,72.3,3.77,13,3,0
2024-12-19 14:00:00,2146.94,1044.28,9713.54,20.5,65.8,5.86,14,3,0
2024-12-19 15:00:00,0.0,642.04,9935.26,19.59,71.4,5.04,15,3,0
2024-12-19 16:00:00,0.0,388.0,9781.53,22.19,71.0,4.1,16,3,0
2024-12-19 17:00:00,0.0,845.03,9621.86,21.25,72.5,5.19,17,3,0
2024-12-19 18:00:00,0.0,1159.14,10347.26,24.12,70.2,5.85,18,3,0
2024-12-19 19:00:00,0.0,800.67,10193.84,21.73,68.4,5.29,19,3,0
2024-12-19 20:00:00,0.0,626.88,10244.78,22.86,75.1,5.1,20,3,0
2024-12-19 21:00:00,0.0,817.57,10425.93,22.23,68.5,5.78,21,3,0
2024-12-19 22:00:00,0.0,782.12,10135.24,21.41,80.8,5.06,22,3,0
2024-12-19 23:00:00,0.0,1129.24,9732.05,23.01,75.4,6.32,23,3,0
2024-12-20 00:00:00,0.0,630.84,9655.98,22.14,78.5,4.06,0,4,0
2024-12-20 01:00:00,0.0,1009.92,9643.16,22.23,80.8,5.48,1,4,0
2024-12-20 02:00:00,0.0,1017.9,9729.22,17.87,81.7,5.59,2,4,0
2024-12-20 03:00:00,0.0,729.83,9683.09,20.5,74.2,4.84,3,4,0
2024-12-20 04:00:00,0.0,801.29,9753.13,21.51,83.3,5.53,4,4,0
2024-12-20 05:00:00,0.0,428.97,9862.66,17.34,81.0,3.32,5,4,0
2024-12-20 06:00:00,0.0,482.61,9695.9,19.68,76.8,3.64,6,4,0
2024-12-20 07:00:00,0.0,386.62,9924.82,16.79,75.5,3.78,7,4,0
2024-12-20 08:00:00,0.0,606.7,10177.98,15.35,76.2,4.52,8,4,0
2024-12-20 09:00:00,0.0,430.45,10010.09,16.74,71.1,4.09,9,4,0
2024-12-20 10:00:00,2109.03,1056.62,10005.33,18.66,81.9,5.66,10,4,0
2024-12-20 11:00:00,3316.67,358.85,9736.92,16.87,79.7,3.4,11,4,0
2024-12-20 12:00:00,3144.58,417.44,9769.68,17.78,74.3,3.09,12,4,0
2024-12-20 13:00:00,3589.59,832.79,9509.51,19.94,70.6,5.84,13,4,0
2024-12-20 14:00:00,1578.43,482.93,9646.59,20.01,69.9,3.51,14,4,0
2024-12-20 15:00:00,0.0,676.64,9512.5,21.48,73.2,5.46,15,4,0
2024-12-20 16:00:00,0.0,667.38,9821.29,21.79,77.0,4.39,16,4,0
2024-12-20 17:00:00,0.0,373.32,9776.18,22.7,67.9,3.76,17,4,0
2024-12-20 18:00:00,0.0,773.36,10365.61,22.08,66.2,5.32,18,4,0
2024-12-20 19:00:00,0.0,812.34,10386.89,23.18,77.7,6.5,19,4,0
2024-12-20 20:00:00,0.0,695.39,10405.38,21.89,65.4,4.9,20,4,0
2024-12-20 21:00:00,0.0,1213.9,10263.0,24.45,69.7,6.37,21,4,0
2024-12-20 22:00:00,0.0,1206.65,10300.25,21.84,74.0,6.49,22,4,0
2024-12-20 23:00:00,0.0,481.22,9855.47,23.48,70.1,4.76,23,4,0
2024-12-21 00:00:00,0.0,794.41,8758.63,21.22,81.9,5.41,0,5,1
2024-12-21 01:00:00,0.0,1307.79,8741.44,21.02,82.0,6.64,1,5,1
2024-12-21 02:00:00,0.0,931.27,9038.81,19.41,77.0,5.66,2,5,1
2024-12-21 03:00:00,0.0,470.41,8637.26,18.01,84.9,4.67,3,5,1
2024-12-21 04:00:00,0.0,623.76,8914.0,16.41,85.8,4.95,4,5,1
2024-12-21 05:00:00,0.0,488.01,8894.95,16.62,79.4,3.83,5,5,1
2024-12-21 06:00:00,0.0,580.74,8719.2,17.02,77.5,5.06,6,5,1
2024-12-21 07:00:00,0.0,759.78,9058.86,17.36,87.6,4.91,7,5,1
2024-12-21 08:00:00,0.0,544.8,9096.18,18.22,80.4,4.01,8,5,1
2024-12-21 09:00:00,0.0,425.59,9165.0,16.57,77.3,4.07,9,5,1
2024-12-21 10:00:00,2114.53,368.81,8896.2,16.35,80.5,3.12,10,5,1
2024-12-21 11:00:00,2997.72,392.26,8850.29,16.15,74.9,2.93,11,5,1
2024-12-21 12:00:00,4057.91,444.09,8876.61,19.08,70.5,3.87,12,5,1
2024-12-21 13:00:00,3342.59,478.27,8933.13,20.89,71.8,4.31,13,5,1
2024-12-21 14:00:00,1586.02,907.93,8927.59,21.52,74.8,5.47,14,5,1
2024-12-21 15:00:00,0.0,632.74,9038.12,21.63,62.2,5.62,15,5,1
2024-12-21 16:00:00,0.0,921.59,8979.18,22.27,68.8,5.29,16,5,1
2024-12-21 17:00:00,0.0,1275.94,8856.13,24.16,75.7,6.33,17,5,1
2024-12-21 18:00:00,0.0,851.98,9386.88,23.0,68.6,4.83,18,5,1
2024-12-21 19:00:00,0.0,1033.77,9360.86,23.68,77.6,6.61,19,5,1
2024-12-21 20:00:00,0.0,807.25,9329.73,22.62,78.2,5.21,20,5,1
2024-12-21 21:00:00,0.0,1373.85,9205.77,21.27,73.4,6.87,21,5,1
2024-12-21 22:00:00,0.0,751.58,9329.47,21.78,72.7,5.84,22,5,1
2024-12-21 23:00:00,0.0,383.45,8606.17,22.11,75.1,4.15,23,5,1
2024-12-22 00:00:00,0.0,902.0,8982.68,21.58,88.1,6.14,0,6,1
2024-12-22 01:00:00,0.0,1146.4,8896.04,23.1,86.0,6.0,1,6,1
2024-12-22 02:00:00,0.0,651.78,8834.9,20.11,79.8,4.74,2,6,1
2024-12-22 03:00:00,0.0,621.01,8803.51,20.65,77.4,4.55,3,6,1
2024-12-22 04:00:00,0.0,658.47,8932.54,17.99,80.5,4.46,4,6,1
2024-12-22 05:00:00,0.0,329.26,9074.5,17.51,80.8,2.81,5,6,1
2024-12-22 06:00:00,0.0,183.48,8899.01,15.82,74.3,2.25,6,6,1
2024-12-22 07:00:00,0.0,738.12,9367.27,16.22,78.8,5.03,7,6,1
2024-12-22 08:00:00,0.0,405.35,9233.12,17.64,82.8,3.22,8,6,1
2024-12-22 09:00:00,0.0,844.79,9042.35,17.12,69.1,5.33,9,6,1
2024-12-22 10:00:00,1655.28,795.85,8912.53,18.54,78.3,4.98,10,6,1
2024-12-22 11:00:00,2814.08,768.36,8900.81,18.11,79.2,5.24,11,6,1
2024-12-22 12:00:00,3321.24,538.84,8757.28,18.09,70.2,3.62,12,6,1
2024-12-22 13:00:00,2952.46,342.23,8805.07,21.81,78.2,3.06,13,6,1
2024-12-22 14:00:00,2098.92,457.99,8802.69,19.9,67.9,3.72,14,6,1
2024-12-22 15:00:00,0.0,696.49,8866.03,22.18,71.9,4.49,15,6,1
2024-12-22 16:00:00,0.0,444.2,8820.4,21.03,68.8,3.21,16,6,1
2024-12-22 17:00:00,0.0,760.46,8886.24,22.98,68.9,4.97,17,6,1
2024-12-22 18:00:00,0.0,620.89,9361.68,23.72,68.2,5.4,18,6,1
2024-12-22 19:00:00,0.0,574.2,9462.12,23.16,74.2,4.68,19,6,1
2024-12-22 20:00:00,0.0,503.57,9375.9,20.18,75.9,4.98,20,6,1
2024-12-22 21:00:00,0.0,754.79,9225.77,22.93,73.4,5.67,21,6,1
2024-12-22 22:00:00,0.0,997.97,9563.33,24.08,69.5,6.1,22,6,1
2024-12-22 23:00:00,0.0,832.76,8770.54,22.76,77.9,5.0,23,6,1
2024-12-23 00:00:00,0.0,923.25,9739.49,22.05,79.2,5.76,0,0,0
2024-12-23 01:00:00,0.0,585.42,9857.7,18.73,77.6,5.43,1,0,0
2024-12-23 02:00:00,0.0,628.75,10133.44,19.15,86.8,5.12,2,0,0
2024-12-23 03:00:00,0.0,585.65,9834.19,19.73,73.6,4.3,3,0,0
2024-12-23 04:00:00,0.0,465.84,9709.01,19.01,71.1,3.49,4,0,0
2024-12-23 05:00:00,0.0,1045.82,9589.28,19.35,76.9,5.68,5,0,0
2024-12-23 06:00:00,0.0,796.47,9581.3,17.24,82.1,4.62,6,0,0
2024-12-23 07:00:00,0.0,804.83,10102.31,17.61,74.3,4.76,7,0,0
2024-12-23 08:00:00,0.0,456.32,10166.37,17.04,73.6,3.79,8,0,0
2024-12-23 09:00:00,0.0,513.08,9930.62,15.93,80.1,3.69,9,0,0
2024-12-23 10:00:00,1975.23,466.21,9812.64,14.71,76.8,4.25,10,0,0
2024-12-23 11:00:00,3730.81,204.07,9628.37,18.41,75.2,2.48,11,0,0
2024-12-23 12:00:00,3555.77,275.3,9675.07,18.72,75.6,3.22,12,0,0
2024-12-23 13:00:00,3267.09,378.39,9861.81,18.5,69.7,3.68,13,0,0
2024-12-23 14:00:00,1979.24,393.48,9696.28,18.07,69.1,4.2,14,0,0
2024-12-23 15:00:00,0.0,631.24,9943.21,21.55,73.4,4.11,15,0,0
2024-12-23 16:00:00,0.0,777.47,9715.87,21.2,64.6,5.34,16,0,0
2024-12-23 17:00:00,0.0,935.93,9919.13,22.81,61.6,5.38,17,0,0
2024-12-23 18:00:00,0.0,1363.66,10561.83,24.85,68.9,6.64,18,0,0
2024-12-23 19:00:00,0.0,1680.51,10200.52,20.34,75.2,7.66,19,0,0
2024-12-23 20:00:00,0.0,824.97,10585.92,22.18,73.5,4.77,20,0,0
2024-12-23 21:00:00,0.0,1038.3,10291.62,22.66,77.1,5.94,21,0,0
2024-12-23 22:00:00,0.0,880.52,10214.09,24.36,66.9,5.9,22,0,0
2024-12-23 23:00:00,0.0,907.49,9750.48,20.17,77.5,5.67,23,0,0
2024-12-24 00:00:00,0.0,743.4,9737.59,23.85,80.1,4.63,0,1,0
2024-12-24 01:00:00,0.0,752.86,9954.21,20.96,73.1,4.55,1,1,0
2024-12-24 02:00:00,0.0,963.38,9944.14,19.91,82.7,5.24,2,1,0
2024-12-24 03:00:00,0.0,577.43,9942.72,19.01,79.3,4.03,3,1,0
2024-12-24 04:00:00,0.0,647.87,9630.07,18.0,92.2,4.66,4,1,0
2024-12-24 05:00:00,0.0,662.8,9808.72,19.16,71.1,4.09,5,1,0
2024-12-24 06:00:00,0.0,683.91,9600.04,16.14,84.8,4.19,6,1,0
2024-12-24 07:00:00,0.0,359.21,10222.33,17.54,76.9,3.16,7,1,0
2024-12-24 08:00:00,0.0,536.96,10042.96,16.56,71.0,3.95,8,1,0
2024-12-24 09:00:00,0.0,416.55,10161.37,16.21,74.1,3.08,9,1,0
2024-12-24 10:00:00,2006.31,474.34,9725.78,20.53,76.1,3.95,10,1,0
2024-12-24 11:00:00,3262.17,840.17,9575.3,18.41,77.8,4.99,11,1,0
2024-12-24 12:00:00,3810.32,430.45,9892.22,19.26,79.4,4.29,12,1,0
2024-12-24 13:00:00,2987.35,601.37,9901.49,20.61,77.1,4.54,13,1,0
2024-12-24 14:00:00,1631.43,738.34,9802.72,18.32,66.8,5.18,14,1,0
2024-12-24 15:00:00,0.0,491.03,9532.63,22.9,74.7,3.66,15,1,0
2024-12-24 16:00:00,0.0,799.77,9876.04,18.51,71.5,6.42,16,1,0
2024-12-24 17:00:00,0.0,450.59,9697.49,21.22,67.5,4.44,17,1,0
2024-12-24 18:00:00,0.0,1213.05,10351.99,22.07,69.8,6.2,18,1,0
2024-12-24 19:00:00,0.0,878.68,10231.13,23.62,68.6,6.25,19,1,0
2024-12-24 20:00:00,0.0,640.05,10243.44,23.29,72.6,5.03,20,1,0
2024-12-24 21:00:00,0.0,1246.49,10349.71,22.72,70.8,6.59,21,1,0
2024-12-24 22:00:00,0.0,921.49,10191.49,22.61,70.9,6.15,22,1,0
2024-12-24 23:00:00,0.0,1436.14,9766.0,20.97,78.2,7.17,23,1,0
2024-12-25 00:00:00,0.0,797.38,9847.15,19.74,80.0,5.62,0,2,0
2024-12-25 01:00:00,0.0,857.73,10045.97,21.68,77.7,5.17,1,2,0
2024-12-25 02:00:00,0.0,629.73,9777.06,20.87,84.7,4.6,2,2,0
2024-12-25 03:00:00,0.0,495.3,9886.74,21.16,78.7,3.36,3,2,0
2024-12-25 04:00:00,0.0,492.58,9645.38,17.59,78.7,4.24,4,2,0
2024-12-25 05:00:00,0.0,467.39,9989.36,18.74,82.4,4.03,5,2,0
2024-12-25 06:00:00,0.0,704.77,9689.04,17.1,78.7,4.26,6,2,0
2024-12-25 07:00:00,0.0,350.63,10085.14,18.57,78.8,2.75,7,2,0
2024-12-25 08:00:00,0.0,502.26,10162.35,18.26,67.4,3.6,8,2,0
2024-12-25 09:00:00,0.0,479.04,10007.41,17.39,76.3,4.22,9,2,0
2024-12-25 10:00:00,1593.81,576.51,9915.71,17.03,67.6,4.33,10,2,0
2024-12-25 11:00:00,3305.9,236.17,9706.58,19.07,68.8,2.4,11,2,0
2024-12-25 12:00:00,3915.43,534.62,9885.67,19.31,67.1,4.61,12,2,0
2024-12-25 13:00:00,3352.23,524.68,9914.12,18.44,67.2,4.06,13,2,0
2024-12-25 14:00:00,1714.32,733.28,9855.41,18.44,68.4,4.35,14,2,0
2024-12-25 15:00:00,0.0,267.98,9871.01,20.46,68.2,2.86,15,2,0
2024-12-25 16:00:00,0.0,835.0,10089.7,23.35,72.6,6.21,16,2,0
2024-12-25 17:00:00,0.0,675.55,9835.99,23.53,71.0,5.4,17,2,0
2024-12-25 18:00:00,0.0,642.32,10303.18,21.3,63.0,4.24,18,2,0
2024-12-25 19:00:00,0.0,921.95,10330.35,21.53,71.7,5.92,19,2,0
2024-12-25 20:00:00,0.0,871.62,10442.56,24.56,73.7,6.0,20,2,0
2024-12-25 21:00:00,0.0,1326.98,10569.51,21.57,72.3,6.73,21,2,0
2024-12-25 22:00:00,0.0,715.12,10270.02,23.24,74.7,5.47,22,2,0
2024-12-25 23:00:00,0.0,794.95,9676.51,21.42,77.0,5.63,23,2,0
2024-12-26 00:00:00,0.0,515.82,9925.51,23.49,80.5,4.92,0,3,0
2024-12-26 01:00:00,0.0,671.1,9622.43,19.9,72.2,5.7,1,3,0
2024-12-26 02:00:00,0.0,449.6,9816.93,21.42,78.3,4.36,2,3,0
2024-12-26 03:00:00,0.0,459.33,9822.56,19.49,85.8,4.01,3,3,0
2024-12-26 04:00:00,0.0,589.99,9773.12,18.85,85.6,4.41,4,3,0
2024-12-26 05:00:00,0.0,265.5,9780.18,15.56,83.2,3.24,5,3,0
2024-12-26 06:00:00,0.0,632.03,9587.7,14.81,81.4,5.3,6,3,0
2024-12-26 07:00:00,0.0,643.96,9996.81,16.88,85.1,5.4,7,3,0
2024-12-26 08:00:00,0.0,341.04,10213.45,17.34,85.1,3.39,8,3,0
2024-12-26 09:00:00,0.0,233.1,9856.05,15.8,75.7,2.61,9,3,0
2024-12-26 10:00:00,2096.1,417.27,9775.68,16.14,71.0,4.03,10,3,0
2024-12-26 11:00:00,2691.86,528.77,9748.49,18.6,72.5,3.47,11,3,0
2024-12-26 12:00:00,3717.08,736.09,9546.91,19.22,84.8,4.96,12,3,0
2024-12-26 13:00:00,3166.33,497.83,9989.09,19.1,65.1,3.59,13,3,0
2024-12-26 14:00:00,1540.17,812.69,9662.37,20.98,68.7,4.9,14,3,0
2024-12-26 15:00:00,0.0,730.33,9851.87,19.41,64.4,4.81,15,3,0
2024-12-26 16:00:00,0.0,658.34,9729.73,21.12,70.4,4.44,16,3,0
2024-12-26 17:00:00,0.0,862.65,9684.62,24.15,65.3,5.42,17,3,0
2024-12-26 18:00:00,0.0,1050.2,10261.68,22.73,70.2,6.13,18,3,0
2024-12-26 19:00:00,0.0,1071.38,10247.24,23.1,63.6,5.66,19,3,0
2024-12-26 20:00:00,0.0,718.38,10267.59,25.81,74.9,5.77,20,3,0
2024-12-26 21:00:00,0.0,618.18,10195.57,21.27,78.5,5.03,21,3,0
2024-12-26 22:00:00,0.0,817.19,10168.32,23.6,73.4,6.6,22,3,0
2024-12-26 23:00:00,0.0,1240.52,9906.53,24.16,75.7,6.43,23,3,0
2024-12-27 00:00:00,0.0,699.7,9786.83,21.17,76.7,5.07,0,4,0
2024-12-27 01:00:00,0.0,899.71,9778.76,21.87,79.2,5.09,1,4,0
2024-12-27 02:00:00,0.0,904.15,9679.02,18.88,79.1,6.08,2,4,0
2024-12-27 03:00:00,0.0,447.87,9974.93,18.46,82.8,3.78,3,4,0
2024-12-27 04:00:00,0.0,667.59,9775.51,19.02,84.8,4.92,4,4,0
2024-12-27 05:00:00,0.0,486.79,9558.51,18.9,76.5,3.74,5,4,0
2024-12-27 06:00:00,0.0,923.01,9819.1,18.81,78.0,5.41,6,4,0
2024-12-27 07:00:00,0.0,439.08,10009.3,19.05,82.0,3.88,7,4,0
2024-12-27 08:00:00,0.0,697.32,10210.3,16.98,71.7,4.73,8,4,0
2024-12-27 09:00:00,0.0,291.06,10225.61,18.59,68.3,3.08,9,4,0
2024-12-27 10:00:00,1703.34,314.78,9896.75,17.05,75.8,2.73,10,4,0
2024-12-27 11:00:00,2758.49,451.59,9730.63,19.02,75.6,3.64,11,4,0
2024-12-27 12:00:00,3696.78,661.76,9772.45,18.81,69.5,4.19,12,4,0
2024-12-27 13:00:00,3590.68,571.45,9815.83,19.82,69.1,3.78,13,4,0
2024-12-27 14:00:00,1938.03,709.43,9893.12,20.57,67.5,5.04,14,4,0
2024-12-27 15:00:00,0.0,435.11,9661.47,18.91,66.6,4.52,15,4,0
2024-12-27 16:00:00,0.0,459.35,9797.21,20.21,72.7,3.28,16,4,0
2024-12-27 17:00:00,0.0,599.43,10010.15,22.3,65.4,5.63,17,4,0
2024-12-27 18:00:00,0.0,631.11,10225.75,20.63,69.5,4.69,18,4,0
2024-12-27 19:00:00,0.0,549.79,10286.87,23.96,67.7,5.27,19,4,0
2024-12-27 20:00:00,0.0,1042.88,10603.62,24.11,66.6,6.9,20,4,0
2024-12-27 21:00:00,0.0,1283.58,10261.05,23.35,77.1,7.11,21,4,0
2024-12-27 22:00:00,0.0,693.6,10105.34,21.31,72.8,5.2,22,4,0
2024-12-27 23:00:00,0.0,1175.64,9779.11,23.84,76.9,6.02,23,4,0
2024-12-28 00:00:00,0.0,745.52,9054.75,24.02,71.3,4.92,0,5,1
2024-12-28 01:00:00,0.0,750.19,8980.81,21.03,75.4,4.93,1,5,1
2024-12-28 02:00:00,0.0,542.5,8736.44,20.69,82.2,4.43,2,5,1
2024-12-28 03:00:00,0.0,278.26,8903.85,19.54,90.1,3.28,3,5,1
2024-12-28 04:00:00,0.0,679.35,8832.9,19.21,72.0,4.48,4,5,1
2024-12-28 05:00:00,0.0,651.24,8951.44,17.81,78.9,4.39,5,5,1
2024-12-28 06:00:00,0.0,409.19,8780.15,17.44,80.9,3.41,6,5,1
2024-12-28 07:00:00,0.0,601.81,9198.34,18.26,75.9,4.66,7,5,1
2024-12-28 08:00:00,0.0,399.94,9368.23,19.89,80.8,3.34,8,5,1
2024-12-28 09:00:00,0.0,415.19,8825.52,15.5,72.7,3.15,9,5,1
2024-12-28 10:00:00,1750.79,588.91,8925.15,17.35,75.5,4.11,10,5,1
2024-12-28 11:00:00,2849.09,310.41,9012.29,16.54,71.5,2.56,11,5,1
2024-12-28 12:00:00,3230.08,788.52,8667.24,20.49,77.3,4.68,12,5,1
2024-12-28 13:00:00,3308.87,504.7,8767.53,18.59,68.6,3.84,13,5,1
2024-12-28 14:00:00,2031.65,534.53,8806.76,18.34,69.1,5.19,14,5,1
2024-12-28 15:00:00,0.0,922.59,8766.29,21.62,73.8,5.69,15,5,1
2024-12-28 16:00:00,0.0,855.8,8757.3,23.67,65.8,5.43,16,5,1
2024-12-28 17:00:00,0.0,449.58,8809.03,22.99,70.3,4.51,17,5,1
2024-12-28 18:00:00,0.0,549.37,9412.2,22.92,63.3,4.37,18,5,1
2024-12-28 19:00:00,0.0,626.93,9488.52,23.46,67.0,4.38,19,5,1
2024-12-28 20:00:00,0.0,1180.31,9466.32,24.77,73.9,6.51,20,5,1
2024-12-28 21:00:00,0.0,1022.21,9429.26,21.92,69.6,5.55,21,5,1
2024-12-28 22:00:00,0.0,887.7,9529.85,22.54,72.7,5.15,22,5,1
2024-12-28 23:00:00,0.0,619.84,9097.76,21.65,78.1,5.42,23,5,1
2024-12-29 00:00:00,0.0,1044.53,8873.93,20.19,75.0,6.2,0,6,1
2024-12-29 01:00:00,0.0,926.39,9025.72,20.48,81.7,5.75,1,6,1
2024-12-29 02:00:00,0.0,671.78,8904.87,21.42,80.0,5.24,2,6,1
2024-12-29 03:00:00,0.0,600.06,8828.05,20.0,81.4,5.14,3,6,1
2024-12-29 04:00:00,0.0,495.57,8848.03,19.37,84.8,4.51,4,6,1
2024-12-29 05:00:00,0.0,464.93,8975.5,18.15,81.0,4.37,5,6,1
2024-12-29 06:00:00,0.0,615.47,9029.87,18.12,85.3,4.1,6,6,1
2024-12-29 07:00:00,0.0,364.89,9208.65,16.23,82.0,3.76,7,6,1
2024-12-29 08:00:00,0.0,475.6,9091.48,16.72,75.3,4.26,8,6,1
2024-12-29 09:00:00,0.0,407.28,9080.26,17.43,81.3,3.92,9,6,1
2024-12-29 10:00:00,2006.17,377.61,8631.61,17.83,75.9,2.96,10,6,1
2024-12-29 11:00:00,3508.85,428.85,8897.31,18.36,72.0,4.18,11,6,1
2024-12-29 12:00:00,3475.05,378.22,8889.15,18.43,73.5,4.12,12,6,1
2024-12-29 13:00:00,3664.06,578.43,8728.64,18.86,75.8,4.62,13,6,1
2024-12-29 14:00:00,2024.4,492.28,8910.77,23.88,72.3,4.28,14,6,1
2024-12-29 15:00:00,0.0,722.25,8908.76,21.96,77.3,5.28,15,6,1
2024-12-29 16:00:00,0.0,771.42,8675.95,22.09,74.2,4.84,16,6,1
2024-12-29 17:00:00,0.0,618.54,8815.39,21.93,72.1,5.71,17,6,1
2024-12-29 18:00:00,0.0,509.22,9479.09,22.15,66.4,4.97,18,6,1
2024-12-29 19:00:00,0.0,638.74,9234.02,22.83,70.6,5.18,19,6,1
2024-12-29 20:00:00,0.0,1169.17,9312.12,23.44,72.6,6.07,20,6,1
2024-12-29 21:00:00,0.0,633.53,9329.25,20.73,76.3,5.36,21,6,1
2024-12-29 22:00:00,0.0,1604.09,9306.84,20.81,77.4,7.36,22,6,1
2024-12-29 23:00:00,0.0,1089.34,8936.64,21.45,76.8,5.95,23,6,1
2024-12-30 00:00:00,0.0,757.5,9898.23,21.86,77.8,5.32,0,0,0
2024-12-30 01:00:00,0.0,1004.45,9937.75,20.6,81.2,5.75,1,0,0
2024-12-30 02:00:00,0.0,600.41,9748.38,21.89,75.7,4.47,2,0,0
2024-12-30 03:00:00,0.0,810.11,9848.86,17.56,86.4,5.33,3,0,0
2024-12-30 04:00:00,0.0,751.09,9886.78,17.71,71.6,5.05,4,0,0
2024-12-30 05:00:00,0.0,791.8,9771.8,19.81,85.5,5.1,5,0,0
2024-12-30 06:00:00,0.0,312.47,9699.7,17.67,79.0,3.53,6,0,0
2024-12-30 07:00:00,0.0,328.73,10118.23,18.28,82.4,2.75,7,0,0
2024-12-30 08:00:00,0.0,407.18,10028.31,19.57,78.8,3.14,8,0,0
2024-12-30 09:00:00,0.0,351.72,10016.49,16.38,77.5,3.37,9,0,0
2024-12-30 10:00:00,1694.33,893.52,9812.42,17.39,77.0,4.96,10,0,0
2024-12-30 11:00:00,3342.77,643.85,9763.4,17.66,76.8,5.48,11,0,0
2024-12-30 12:00:00,3724.85,661.53,9807.06,16.27,71.0,4.16,12,0,0
2024-12-30 13:00:00,2633.77,575.64,9599.85,18.96,75.4,4.1,13,0,0
2024-12-30 14:00:00,1957.49,561.67,9764.93,21.17,66.1,4.05,14,0,0
2024-12-30 15:00:00,0.0,930.2,9514.77,21.54,70.0,5.25,15,0,0
2024-12-30 16:00:00,0.0,1283.82,9660.54,22.36,73.2,6.6,16,0,0
2024-12-30 17:00:00,0.0,959.87,9775.33,21.78,74.0,6.52,17,0,0
2024-12-30 18:00:00,0.0,1102.92,10435.57,21.92,72.3,6.21,18,0,0
2024-12-30 19:00:00,0.0,749.57,10354.42,24.53,69.7,6.36,19,0,0
2024-12-30 20:00:00,0.0,967.78,10300.83,22.52,75.9,6.23,20,0,0
2024-12-30 21:00:00,0.0,1046.96,10244.79,23.36,70.8,5.56,21,0,0
2024-12-30 22:00:00,0.0,606.48,10259.93,22.91,81.8,4.97,22,0,0
2024-12-30 23:00:00,0.0,591.86,9942.69,23.99,75.8,5.44,23,0,0
2024-12-31 00:00:00,0.0,885.31,9653.24,22.8,71.1,5.61,0,1,0
2024-12-31 01:00:00,0.0,443.43,9698.94,19.36,73.5,3.9,1,1,0
2024-12-31 02:00:00,0.0,596.0,9914.01,18.71,79.3,4.7,2,1,0
2024-12-31 03:00:00,0.0,508.26,9744.73,20.05,80.2,3.9,3,1,0
2024-12-31 04:00:00,0.0,782.56,10018.69,18.56,87.7,5.11,4,1,0
2024-12-31 05:00:00,0.0,420.11,9868.88,17.47,75.5,3.62,5,1,0
2024-12-31 06:00:00,0.0,527.62,9924.59,18.75,79.3,4.12,6,1,0
2024-12-31 07:00:00,0.0,463.99,9905.92,17.46,74.1,3.13,7,1,0
2024-12-31 08:00:00,0.0,859.9,10228.13,17.2,75.3,4.87,8,1,0
2024-12-31 09:00:00,0.0,272.97,9999.07,18.17,82.8,2.2,9,1,0
2024-12-31 10:00:00,1899.19,399.84,9871.89,17.08,70.2,3.98,10,1,0
2024-12-31 11:00:00,2782.32,272.99,9742.36,19.89,75.8,2.67,11,1,0
2024-12-31 12:00:00,3538.99,500.45,9812.74,17.69,73.9,3.45,12,1,0
2024-12-31 13:00:00,2600.89,521.74,9653.25,20.14,71.1,4.23,13,1,0
2024-12-31 14:00:00,2095.4,763.22,9579.53,21.85,72.5,4.51,14,1,0
2024-12-31 15:00:00,0.0,645.37,9804.07,19.26,65.3,4.74,15,1,0
2024-12-31 16:00:00,0.0,840.31,9750.74,21.22,76.4,4.94,16,1,0
2024-12-31 17:00:00,0.0,443.4,9678.74,23.62,77.6,4.55,17,1,0
2024-12-31 18:00:00,0.0,708.47,10088.15,24.12,70.6,5.14,18,1,0
2024-12-31 19:00:00,0.0,902.34,9968.99,22.82,80.9,5.45,19,1,0
2024-12-31 20:00:00,0.0,1044.36,10352.83,22.25,70.7,5.68,20,1,0
2024-12-31 21:00:00,0.0,873.98,10259.39,24.18,75.1,5.51,21,1,0
2024-12-31 22:00:00,0.0,776.06,10217.54,24.15,80.5,6.11,22,1,0
2024-12-31 23:00:00,0.0,1004.53,9811.54,20.86,74.2,5.5,23,1,0
